session,radar_index,radar_vx,radar_vy,radar_vz,camera_vx,camera_vy,camera_vz,camera_wx,camera_wy,camera_wz
session_2026-08-27_20-18-44,6,0.25762584815358114,0.03291940609034294,0.7423485742118958,-0.09617479113288396,0.12071670797674978,0.00389414513009444,0.03184325753434866,0.027462810032734226,-0.016239293882606805
session_2026-08-27_20-18-44,7,0.44929530643937843,0.13411323278245565,0.23995653280662518,-0.09618813866205897,0.12070674928312407,0.003873120024156699,0.03184325753434866,0.027462810032734226,-0.016239293882606805
session_2026-08-27_20-18-44,8,0.15496851624229988,0.008304504452413125,-0.6456694643335635,-0.09620148192870483,0.1206967880749983,0.0038520934038530374,0.03184325753434866,0.027462810032734226,-0.016239293882606805
session_2026-08-27_20-18-44,9,0.03223710757204449,-0.1826065991482851,-0.5586533551970897,-0.09642766481392721,0.12052706317810566,0.0034944099195441006,0.03184325753434866,0.027462810032734226,-0.016239293882606805
session_2026-08-27_20-18-44,10,-0.18170345989624379,0.11692241432101692,-1.149328590747416,-0.09676133378489485,0.12027363465424426,0.0029623456445064637,0.03184325753434866,0.027462810032734226,-0.016239293882606805
session_2026-08-27_20-18-44,11,-0.2991261575217772,0.09813797819377812,-1.2676069859946437,-0.16667466112325566,0.10419247605212817,0.0022999510406816726,0.030366656866482787,0.0445418482827019,-0.011608634344067557
session_2026-08-27_20-18-44,12,0.490795273521018,0.14923383274141763,-0.04242016471882627,-0.12968491748069177,-0.05771225375361877,-0.009419254541701413,-0.016257237431415487,0.0360928861370431,-0.012368224245952655
session_2026-08-27_20-18-44,13,0.22061887501379984,0.1317391465984315,-0.4788725331317366,-0.1902404505537802,0.10710634527742548,0.05841431873424053,0.02737642285459591,0.043195940363001964,-0.015369762389536577
session_2026-08-27_20-18-44,14,0.1463266910340641,0.04840027730441257,-0.9100562427578388,-0.1901495533825706,0.10708409957725021,0.058750096382187374,0.02737642285459591,0.043195940363001964,-0.015369762389536577
session_2026-08-27_20-18-44,15,-0.1003893182930213,0.13135857001628456,-0.8603672018382832,-0.24554605739864394,0.12889431878805768,-0.010478861396642737,0.04037094372405821,0.062496706624189574,-0.022006997126119057
session_2026-08-27_20-18-44,16,0.025064506018441433,0.13340355800180506,-1.0708798500077161,0.009569828307675277,0.021095256548791696,-0.13452075810811814,0.01882265041951529,0.007688872016383267,-0.0028555328430858356
session_2026-08-27_20-18-44,17,0.31165914578163095,0.13597522745546814,-0.23778368528981422,-0.32109306059230674,0.17779596702244757,-0.1619648211262216,0.06941051969978947,0.09291995225921729,-0.03311100050839007
session_2026-08-27_20-18-44,18,0.29307966305976124,-0.1115731657222741,-0.6334991966888482,-0.45070812057577475,0.06762914260407815,-0.11460266222106907,0.03281883761776575,0.12491835757465543,-0.046314021909931745
session_2026-08-27_20-18-44,19,-0.09580126014379306,-0.12820342472888163,-0.7214893431403525,0.16530009322392547,0.09534519074823583,0.012435744298097276,0.027448054274819708,-0.04804790006520425,0.0186325646188422
session_2026-08-27_20-18-44,20,0.2520155034733419,-0.07849783689372342,0.6469257861665545,0.05574121719915031,0.03576642117545663,-0.037608785507474075,0.016641627582504367,-0.01523935644861768,-0.0005383326689107821
session_2026-08-27_20-18-44,21,-0.15997635646010247,-0.11405316335841478,-0.9480351909489974,-0.1872790783646632,-0.24319493137267617,-0.11065904552754799,-0.059331183388920246,0.061480896789485165,-0.03242136004035174
session_2026-08-27_20-18-44,22,0.2753217530181421,0.09026546382660319,-0.4777457522158641,-0.24789923895577287,-0.005342501706705552,-0.055128089697691854,0.005068878272999037,0.06743918569849369,-0.03150137139325453
session_2026-08-27_20-18-44,23,0.5131840208323974,0.14769532582144898,-0.04277540881252469,-0.4029016354708833,-0.14393329555724646,0.04640532464342246,-0.044911514214098926,0.10365696040453079,-0.04550113681219445
session_2026-08-27_20-18-44,24,0.23687871105447364,-0.139549461086214,-1.1079075045727476,-0.26006094329795626,-0.20211154621299376,0.10249949403336121,-0.06854448168438529,0.06429975139598156,-0.02783320495159317
session_2026-08-27_20-18-44,25,0.2285513114738786,0.1517937363364156,0.51288733898663,0.16542781388480293,0.20106659925931447,0.012626504799553736,0.05901502079019625,-0.050902789524908024,0.018801061975867867
session_2026-08-27_20-18-44,26,-0.1636073884068904,0.12028745492582305,-1.0236498351072114,-0.16439985583969763,-0.24973309915167777,0.08360684685373579,-0.08302154313626733,0.0439871115368811,-0.015214382065284299
session_2026-08-27_20-18-44,27,-0.5058819258889459,-0.15219920520524569,-0.05848105369890936,0.08389442938512084,0.023842406399355694,0.08308390118556379,-0.0011145329598462822,-0.028434866414546105,0.012258104690764543
session_2026-08-27_20-18-44,28,0.14868257255583342,0.0394437163473432,-0.8262315573892713,-0.049850842913709344,-0.052020973609892836,0.08253142511066924,-0.022768869185550628,0.008086459272004015,-0.003587414149263692
session_2026-08-27_20-18-44,29,-0.08998639885237292,-0.12997121201620282,-0.700122214899771,0.12779929815531263,-0.13499821071793755,-0.008017012724157637,-0.04162051437036368,-0.02658176134088864,0.016159805958235487
session_2026-08-27_20-18-44,30,-0.1906427306501805,0.08758418126542411,-1.175000455799919,-0.1780908827921331,-0.20986268272909753,-0.10242793415899806,-0.053776031975558365,0.06287848923943078,-0.0192307114272559
session_2026-08-27_20-18-44,31,0.3099319494958567,0.1360014384652193,-0.26300925762303723,-0.1415828919053924,-0.10623230262954161,-0.020039210967290045,-0.029304039547173026,0.041928366480138646,-0.016908749082977192
session_2026-08-27_20-18-44,32,-0.466206486035217,-0.12865125551470186,-0.22884235746427142,0.20115140787331792,0.06460576585118195,-0.003585380733988847,0.016354747638986575,-0.05314156882022166,0.02496350845067412
session_2026-08-27_20-18-44,33,0.28340805853532003,0.022510408677238497,0.4316711381459677,-0.2906621050213469,-0.07454321761317953,-0.01653576891141196,-0.02299266469015117,0.08147120659465482,-0.02386721640955512
session_2026-08-27_20-18-44,34,0.012396715060375377,-0.11099822048059901,0.5113404198871586,-0.02542710678482453,-0.21771057617452066,0.11875288039986277,-0.07719093809645881,0.002494221999223812,-0.0007361484330826835
session_2026-08-27_20-18-44,35,-0.15662650659586952,-0.169150662992806,-0.9803068463634809,0.31722045323153597,-0.12759273789131034,0.06351010536490774,-0.045030827459294626,-0.08631937958310584,0.029842940241795395
session_2026-08-27_20-18-44,36,0.01098572778497505,0.20219433466793088,1.0977067706443073,0.12378164516201942,-0.056340957933576595,0.02597052566160731,-0.01899239017018877,-0.0335652593209556,0.010638815226748775
session_2026-08-27_20-18-44,38,-0.352295540166491,-0.13823491264204152,-0.6963973146857451,0.21036935972464252,-0.2892936729636168,0.1463788114662608,-0.10135018319587186,-0.061230999680053806,0.01900440053663133
session_2026-08-27_20-18-44,39,-0.44906201255515016,-0.1362939756564549,0.8838301628541076,0.12904850399353443,-0.070370284140484,0.10661647752806372,-0.031438822511014326,-0.04140371591613809,0.013404735478546828
session_2026-08-27_20-18-44,40,0.0921285617189338,-0.15288163594502535,1.4939778483166672,0.08442830668671361,0.045186833577023015,0.05378014110417444,0.00864674662547981,-0.027749987578702787,0.009730290667158597
session_2026-08-27_20-18-44,41,0.16444772436103272,0.1871089514098731,1.0643789619529447,-0.10977146296143861,-0.03660257652330029,-0.10504395569663837,0.0005191923238634051,0.03719889531255262,-0.017750781670438833
session_2026-08-27_20-18-44,42,0.06741021844379214,0.19471596947847203,0.9428823863174571,-0.3396094917863042,-0.055100518386474846,-0.12087270045531262,-0.0028858535615767645,0.09879321045176055,-0.04071505925540448
session_2026-08-27_20-18-44,43,0.14656207720080106,-0.1312224936860056,-0.4183920527968383,-0.17139498793822816,-0.03427665420306642,0.010009877118041048,-0.010496067971692898,0.044187203785181726,-0.017079610571542392
session_2026-08-27_20-18-44,44,-0.16835576272942274,0.15145549263041186,-1.1006520286692218,-0.14358523574111498,-0.07875404164521882,-0.0009295407987267223,-0.02226446247458952,0.03893977346936637,-0.01769266642841397
session_2026-08-27_20-18-44,45,-0.32944768445836375,0.13849704453974704,-0.8350178165410095,-0.17930245570800937,-0.03405487223770094,-0.01724141149436712,-0.007238717794208062,0.0486712932087466,-0.020579844964203026
session_2026-08-27_20-18-44,46,-0.05973286272643178,-0.14107415642609972,-0.503412663282033,0.0008619568034801533,0.1313094110458277,-0.04356295144011263,0.0433204702638965,0.000289634221099982,0.001660864978208589
session_2026-08-27_20-18-44,47,-0.25409884867456767,-0.11092277246635429,0.3576735407598791,-0.14090446619020225,-0.02325605994159259,-0.043884848107368986,-0.002396871497124113,0.041347507288668456,-0.015730717097432543
session_2026-08-27_20-18-44,48,0.47941017072297126,0.15168994349426515,0.016366575159176167,0.281178882806807,0.07644655194904251,0.061271067971594276,0.01662755020304938,-0.08109082420884967,0.02939030544882908
session_2026-08-27_20-18-44,49,-0.2501012192499294,-0.13379792920731978,-0.4041697012742186,-0.012393130073275391,0.24478730615318248,0.11968355925758357,0.06209740428792109,-0.01112821919742701,0.007705938833192278
session_2026-08-27_20-18-44,50,-0.504726061093705,-0.14854021580731633,-0.11485438699559157,0.02679062731922621,0.09156222209785211,0.11293835020308861,0.016526800548475114,-0.01806963726400013,0.007543380379253487
session_2026-08-27_20-18-44,51,0.23831746149821337,0.08944553803370639,-0.28149606016632306,-0.0034908481791976337,0.13414505925425513,0.014611783843438132,0.03702586993056724,-0.0028754119514764797,0.005542325513370571
session_2026-08-27_20-18-44,52,-0.030656680402420578,0.13888248524380642,0.8528190874391424,0.1161030573172946,0.03195898727794194,0.03068799326356669,0.003761457079303898,-0.031727291108045536,0.017810416375948036
session_2026-08-27_20-18-44,53,0.024133634058395796,-0.17705311589840478,-1.1585500296594005,0.7208147667793867,-0.31392297414174897,0.1990229334184635,-0.11898046199116546,-0.19792705498223825,0.07631935899721695
session_2026-08-27_20-18-44,54,-0.31244301373236244,-0.018376835548934517,0.25217964917680097,0.5460383303894827,-0.2853917528906645,0.14527476503361095,-0.10340226010071622,-0.14963154305795143,0.05654802939375811
session_2026-08-27_20-18-44,55,-0.31427933290992266,-0.11968220272186515,-0.031043399811691807,0.3773400251863094,0.01744557154592358,0.059652018817472494,-0.0005125363291762977,-0.10509322381767715,0.0354183943675454
session_2026-08-27_20-18-44,56,-0.32628628596967224,-0.023665504997595482,-0.6265190771907826,0.3769191196315807,0.10443395748537716,0.019775753709616848,0.02886901682125721,-0.1036269145001822,0.035072502918131826
session_2026-08-27_20-18-44,57,0.34326284392662704,0.13949650456556273,-0.34690880480975794,0.06345685752519974,0.22940803089313266,-0.041086981185639075,0.07271575026338163,-0.01855517179313871,0.009083301976536076
session_2026-08-27_20-18-44,58,-0.5013797924234288,-0.14894295943641103,0.10625288268040324,-0.19588564663218994,0.21007531421155742,-0.13192531258789053,0.07544355838153331,0.05795895565226512,-0.017310790102224423
session_2026-08-27_20-18-44,59,0.36445542817154014,0.15306184386196053,0.05094398964028024,0.07537168942720855,-0.007182676429299282,-0.06098456372103198,0.001701549744167692,-0.013377114528269915,0.011193497963530648
session_2026-08-27_20-18-44,60,-0.485713354760793,-0.15283091000045126,-0.17367239214064398,0.05886240352691891,-0.23963089857995198,0.037652983835672685,-0.07751781097736705,-0.010671584042616268,0.009195597044436775
session_2026-08-27_20-18-44,61,-0.30964978138677196,-0.10240329340970852,-0.6447745653888983,0.003966084326158435,-0.09808746255284484,0.07441932491030606,-0.03687621390587061,-0.0038291836449228876,0.0014603887204331528
session_2026-08-27_20-18-44,62,0.4490939955308433,0.15425029985564886,0.05487300801491969,0.29802451624271853,0.21296713528833972,0.12606126534088952,0.04971395529462069,-0.0918149235119015,0.0400997468920504
session_2026-08-27_20-18-44,63,-0.15377259759184456,-0.17586253863606116,-1.0249195245709606,-0.005523593551697791,-0.029702663776554956,-0.044434187139431314,-0.005879339141829162,0.006498705882008137,0.0005901345515407737
session_2026-08-27_20-18-44,64,-0.14475994695966546,-0.17643769018401637,-0.9498761135792565,-0.013841407023636442,-0.15573012019523466,0.061038228685243515,-0.05075161479321597,0.0012097086886023658,-0.006366036625600472
session_2026-08-27_20-18-44,65,0.18611828164436464,-0.12617236687239103,0.9739802676435908,0.1075031834993263,-0.16403598868190858,0.1272646668468413,-0.06052307929158586,-0.034706542646906556,0.009631305511856425
session_2026-08-27_20-18-44,66,0.25437280237897486,-0.10939531622271403,1.3462488770947183,0.16888953341927793,-0.04703186790727046,-0.00745267726539663,-0.013428772453682099,-0.043334013932183876,0.013865060006436261
session_2026-08-27_20-18-44,67,-0.028057202890672973,-0.15071300658511802,0.9693473465279971,0.3053606736246796,-0.05211706948284808,0.06859311717652834,-0.022948706080722078,-0.08570999424802969,0.029469106145642424
session_2026-08-27_20-18-44,68,0.2393307150713239,0.14526371871127328,0.2808032051895806,0.25392721755186026,-0.048678098633356294,0.06981905272595491,-0.022214034368510667,-0.07204889513019319,0.02635823380287564
session_2026-08-27_20-18-44,69,0.2482589766868509,-0.0030772589701735242,-0.6279725988077176,0.1379947681023842,0.016354021989811247,0.04710018101004223,0.00037519174019782413,-0.04109014597977828,0.014536382368362523
session_2026-08-27_20-18-44,70,-0.022610133497566826,0.1280184137751692,-0.5683218676541095,-0.2918841184886349,-0.2450904900423402,0.02222183716325792,-0.07481508095019077,0.08210534969546211,-0.03228102010659251
session_2026-08-27_20-18-44,71,0.17975302093591977,-0.17421326471755239,-0.7530374741270814,-0.19241950381495695,-0.17524148962600794,-0.029634899838794703,-0.049518738695425786,0.05805334517100474,-0.022636277693791715
session_2026-08-27_20-18-44,72,-0.08676283849017323,-0.20586707983337144,-1.7100847902271024,0.341777902379529,0.0002270715292696762,-0.009080600284808223,0.00018819005292260556,-0.09086449357636775,0.031455190759980496
session_2026-08-27_20-18-44,73,0.18757803809626372,-0.1618320916213407,1.0094185474124304,0.2647992357564031,0.12137095975893289,-0.0008669695910308011,0.03580707713722834,-0.07372451244122148,0.028673223824552403
session_2026-08-27_20-18-44,74,-0.40395877578178263,-0.13000036480099023,0.49089053034202373,0.060659385886022564,0.21711717164554697,0.06481459735063165,0.05909256419774553,-0.025831073099473495,0.013138429704735317
session_2026-08-27_20-18-44,75,0.25973043684103364,0.12695829895430985,0.2604582773555357,0.06068728263002855,0.2171363340464392,0.06472422663123917,0.05909256419774553,-0.025831073099473495,0.013138429704735317
session_2026-08-27_20-18-44,76,-0.22801888981103308,-0.011982654355793237,-0.9244851004000896,-0.2214615754721234,0.02292682102199489,-0.022654138577564993,0.01153242172427755,0.05826133193313715,-0.026745032082130225
session_2026-08-27_20-18-44,77,0.29455826035378185,0.01365610631315535,0.42233946244548826,-0.09686295393065786,0.0032011913134339354,-0.07105761180708371,0.008148380008891638,0.030308217001166,-0.012536355045978763
session_2026-08-27_20-18-44,78,-0.45478863187435997,-0.15331394580696966,-0.1896730087887544,-0.08456381957524936,0.040787035830130935,0.016899328585737318,0.011455256649563404,0.019297617668141625,-0.00911435627501535
session_2026-08-27_20-18-44,79,0.023609542258796867,-0.13933938628252449,-0.9896542222720877,-0.13825323531817196,0.10252479064203564,0.1326211077926607,0.01935310974987081,0.02333131600390823,-0.008250196274281708
session_2026-08-27_20-18-44,80,-0.036227247261074826,-0.1462456795016367,-0.513285652950109,-0.1318225948625744,-0.09472220618625264,0.16828393441044953,-0.043399764876691276,0.023183516269597953,-0.00965154487430665
session_2026-08-27_20-18-44,81,-0.31229483657008594,0.0762266334715536,-1.07418744981486,-0.10535350434523275,-0.0650129537284667,0.09993193297019154,-0.028608300709995583,0.02132358026828999,-0.008240046647866674
session_2026-08-27_20-18-44,82,0.21364782716778488,-0.12618441585508305,0.5099438893633859,0.09091205170434419,-0.2351005939838194,0.062032297089356,-0.07852399610063382,-0.022612288213005267,0.009699330104585766
session_2026-08-27_20-18-44,83,0.4656740095576704,0.14320879260206956,0.16628660132720913,0.22823924742991406,-0.29845234669085585,0.13644034553719053,-0.10451134873317248,-0.06315771687753491,0.02356763845833894
session_2026-08-27_20-18-44,85,-0.3844494838709932,-0.1605469297080866,-0.3045473721296483,0.06703398592770227,-0.0157739511957288,-0.007081690147037659,-0.00579276396767262,-0.015441187974992967,0.010371551386697814
session_2026-08-27_20-18-44,86,-0.16945526639243055,0.09696664503277966,-0.6149928771116108,-0.14464363847332204,-0.09342246084568448,0.04506503486443482,-0.030600825484932283,0.03568484743414772,-0.01681999319025686
session_2026-08-27_20-18-44,87,-0.27438144784022617,0.07435119755096238,-1.0221015258600277,0.031865204719827726,-0.016061924400248326,0.07783734520279194,-0.011058248460002041,-0.015463185357365943,0.0026689318890088074
session_2026-08-27_20-18-44,88,0.27232604367010926,0.0877977634884971,-0.5196462074268372,0.24705971273875563,0.25522777500082994,0.07852611367309037,0.06812012698151265,-0.07739577952219003,0.02987875205079617
session_2026-08-27_20-18-44,89,0.12214943473450114,0.07859588028060485,-0.7594005368567939,0.05171822328638898,0.0846191375533443,0.10107007683015003,0.014614235324459601,-0.0227046511785056,0.010850963460031518
session_2026-08-27_20-18-44,90,-0.3660376380024439,-0.14187798148028394,0.3413921300420239,-0.036290459692012896,0.003462577297740712,0.040439126294875206,-0.0030859335420350283,0.007164903931221293,0.000603256095468416
session_2026-08-27_20-18-44,91,0.20125755889156247,0.021159099414448324,-0.7065753762770091,0.03827928534609758,0.14485517324118197,-0.00480327075032866,0.044228932639457534,-0.012968723834693654,0.006338633350964547
session_2026-08-27_20-18-44,92,-0.28304355749735033,0.11393162361943332,-0.05514218944350576,0.333397686439889,0.12225938331469287,0.057818861430276855,0.03064826246434443,-0.09553182446338045,0.03389255028062325
session_2026-08-27_20-18-44,93,-0.221415935658043,-0.1392993318999435,-1.1601484453402746,0.27917148790657714,0.16493995341510392,0.019314039445023617,0.04727519873462286,-0.0788715709397864,0.02816568907794549
session_2026-08-27_20-18-44,94,0.2538646012159357,-0.10641047048971689,0.16294884625353587,-0.2233507760483718,-0.008134365484000516,-0.0552191583777929,0.003955513900025589,0.06259159804895184,-0.025331552684720475
session_2026-08-27_20-18-44,95,-0.5026801655144904,-0.1509063784893351,0.10003281728353909,-0.018027896131976626,-0.18987899010714002,0.0008196369321660944,-0.05607713661420383,0.007051126785971794,-0.008513307446361312
session_2026-08-27_20-18-44,96,0.2780542177641228,-0.021105145995316085,0.804296540257239,0.22445826443007044,-0.170756064720815,0.0003051960988717803,-0.05167494341799494,-0.05605531625598138,0.016867343447067272
session_2026-08-27_20-18-44,97,0.03198500580526573,-0.16211018493803767,-1.1252785407690389,0.09932758372429837,-0.12339515208431176,0.01248760602073269,-0.03821169529065414,-0.02456833984562785,0.007099196214198253
session_2026-08-27_20-18-44,98,-0.40752039026755865,-0.12245968926293127,0.5919785927028333,0.12109514802177847,-0.06558338047286116,0.007343133428135178,-0.02229271478921181,-0.029985775078127545,0.014389113514505229
session_2026-08-27_20-18-44,99,-0.08483647900989766,-0.13442506675030705,-0.6103904705958851,-0.05610733128586894,0.16803457580232237,-0.053521446800894254,0.05404415218610336,0.01632747640228339,-0.0005453119376111443
session_2026-08-27_20-18-44,100,0.1322300366121248,0.028239598520024417,-0.8164668897825734,-0.055919336973084086,0.16795524217780128,-0.05396536791532536,0.05404415218610336,0.01632747640228339,-0.0005453119376111443
session_2026-08-27_20-18-44,101,0.05489415742268274,0.14353156895006325,-0.8823658689010672,-0.3538462654998132,0.055963462853347044,0.02304055255298492,0.01828371159510865,0.08876662642397458,-0.038142822863927596
session_2026-08-27_20-18-44,102,-0.27932959907657456,0.060659550065346485,-1.0478169161180082,-0.135540094647961,-0.11024281783796522,0.15345558045472843,-0.04549478927608646,0.024895942096066208,-0.01342796110518511
session_2026-08-27_20-18-44,103,0.018447487993821253,0.12510105745827435,-0.6510964648765406,0.02982299725819946,-0.10173975342092802,0.06052297877755653,-0.035900252850395276,-0.0112038123853908,0.0014845380342884535
session_2026-08-27_20-18-44,104,0.2545684248738529,0.1108132112534354,0.9788716512904654,-0.13438443561163296,-0.12786019965191042,0.019876604420954257,-0.03800504261558448,0.035455480188019126,-0.019955793361389227
session_2026-08-27_20-18-44,105,-0.4348788643104152,-0.16599145214612993,0.9870973559391191,-0.209083669903215,-0.05549716508497424,0.08572197432548206,-0.023374209735860234,0.05033048599990998,-0.02054795390739057
session_2026-08-27_20-18-44,106,-0.48693008830808754,-0.12276591630377749,-0.16092952702754737,-0.6229897184182829,0.08707424329258416,0.0679269108340907,0.02072063341532945,0.16187078069545516,-0.05386546433993513
session_2026-08-27_20-18-44,107,-0.27653622482448453,0.11223429847391203,-1.3017365736683812,-0.31219493312476004,0.01384255726983221,0.11380875682748638,-0.006267640718496113,0.07564321389961559,-0.02431516750830133
session_2026-08-27_20-18-44,108,0.32901342890351454,0.015215391189813604,0.18475168660145594,-0.09106583829674288,-0.1120565989653236,0.13594724048567297,-0.04566427056404206,0.015096126628850313,-0.006522620145927229
session_2026-08-27_20-18-44,109,-0.36383484586178816,-0.11995526016514768,0.7641568606651757,-0.32330972442605777,0.14756134946590058,0.006229451643583371,0.04430830019536357,0.08075263098547049,-0.02786181218610197
session_2026-08-27_20-18-44,110,0.34552089472313086,0.14033663417892095,0.5637833632402927,-0.41112095817011185,0.05979691434806212,-0.1382366959834816,0.030958107635667607,0.11838977709187218,-0.03920069166138955
session_2026-08-27_20-18-44,111,0.5224979185457348,0.14490336717703023,-0.10102174165589398,-0.23562021448002732,0.022315757350412777,-0.08798030723460883,0.01585029380679736,0.06817198503242389,-0.024734905342292297
session_2026-08-27_20-18-44,112,-0.29421792050057993,0.10559955501735807,0.6695882476583276,0.020066680668514567,0.12056125349062369,-0.016601790182065243,0.0386721638288391,-0.00793775901158563,0.0005709985611572501
session_2026-08-27_20-18-44,113,0.25899756662879053,0.10877460665329697,-0.47577247107985565,-0.17642038481528424,0.08999982072562389,-0.05325476909122837,0.03272162654872707,0.0487239195293615,-0.01786541949311165
session_2026-08-27_20-18-44,114,0.260205488897717,-0.11335988290610233,1.3767887984163174,-0.18130413982654703,0.10024612656253692,-0.020306719574422715,0.03236666993176286,0.04775523194973567,-0.016044688955851566
session_2026-08-27_20-18-44,115,-0.19137975325282136,0.10520295478483647,-0.7062024119392893,-0.20536579399920044,-0.08447241418725504,0.018324891143470627,-0.025520646045909867,0.054394766436991086,-0.023703029303049006
session_2026-08-27_20-18-44,116,0.017960673601161083,-0.021453882039608907,-1.2723967389928565,-0.10232169416062287,-0.1179240360044785,-0.012901559412854022,-0.03260709308067665,0.029792779808727243,-0.015465076768020053
session_2026-08-27_20-18-44,117,0.28376077449936543,-0.12205076814262274,0.007883816045805443,0.07236908622387898,0.09061928051006231,0.05412182689240687,0.022995309403207174,-0.02646046593401429,0.006997751611777703
session_2026-08-27_20-18-44,118,0.19148334745697593,0.03239100040939816,0.6310007301984151,-0.14281061362011072,0.23372354266949527,0.026816567126322893,0.0690284632220833,0.030096290795060373,-0.012249323146054657
session_2026-08-27_20-18-44,119,-0.03504884954415825,0.18154489457176393,1.0141078541993729,0.2077936772924437,-0.2234772465250356,0.0045411949320085755,-0.06727435339622868,-0.05175485390838519,0.013666614041737399
session_2026-08-27_20-18-44,120,-0.41335570456554704,-0.14348135312878452,0.39066586958816274,0.6066264276858268,-0.15746640500399103,0.047272530500266925,-0.05546853524870601,-0.1615362236455267,0.06026892829323394
session_2026-08-27_20-18-44,121,-0.14523069395506322,-0.16950384100978136,-0.946999293189972,0.4160271228518592,0.01572891300792438,0.15884753112007666,-0.013098155160952727,-0.12133825936903837,0.047946838007296586
session_2026-08-27_20-18-44,122,-0.22774539954617098,-0.12092772088933282,-0.9198515268140817,0.18131688008918495,0.13224852589299996,0.0889859115037019,0.030558261010379215,-0.057131984127570735,0.024034360040837848
session_2026-08-27_20-18-44,123,-0.5215110753078263,-0.14354679592364986,0.032733393507395694,-0.0716560072935179,0.4189644873811348,-0.1129823716122112,0.13482167068640202,0.0191402663985488,0.0004824595786654757
session_2026-08-27_20-18-44,124,-0.2697758228251499,-0.04895614988552652,0.47230517683986256,-0.067218937771877,0.1667396203877007,-0.09669718600206784,0.058253862423402046,0.021924198076944727,-0.00450603118873529
session_2026-08-27_20-18-44,125,-0.09141746727851159,-0.027547176567578678,-0.8596219516046513,-0.01631642914960084,0.09019511825756794,-0.0034794651740889,0.026968426916806936,0.002797922650060208,0.0006760971367752599
session_2026-08-27_20-18-44,126,-0.32606911091675,-0.1366436523529773,-0.7040819634109936,0.04843332432504076,0.030971802702622543,-0.02300647353437409,0.010819107036674689,-0.01206306972455489,0.005031386485996659
session_2026-08-27_20-18-44,127,-0.20060465701708372,0.08555991683506267,0.3481972995874715,0.0033051409906068373,0.35919966212065674,-0.10832907470720328,0.11724050864023074,-0.0007944814817391895,0.0019350231640146813
session_2026-08-27_20-18-44,128,0.19501885988518422,-0.10945118032178562,0.4738027450463494,-0.45301537817963006,0.1535423101590044,-0.02488070698639794,0.04807556718250601,0.12020719076139783,-0.04163314010205674
session_2026-08-27_20-18-44,129,0.14339385075507582,-0.003441598583304062,-0.8407337995219861,-0.44775337566758616,-0.21243217658954444,0.053836323531823174,-0.06809148669702562,0.12061397574424228,-0.04544156952006581
session_2026-08-27_20-18-44,130,0.24827789413294002,0.12356026132861253,0.4146364263541604,-0.13929062109218454,0.06811861217423575,0.06851488129361162,0.014655897847495106,0.03039424255026814,-0.01112199148612153
session_2026-08-27_20-18-44,131,-0.33163686189794755,0.10685072229585217,-1.1089028178728826,-0.15456569810339052,-0.06122294235901699,-0.007887930148667836,-0.01664285097730023,0.04268987700565745,-0.016995603651830817
session_2026-08-27_20-18-44,132,-0.023151899228983874,0.11132693200005557,-0.6989122505364957,-0.027197662670309045,0.04576460963553126,-0.04179887146634682,0.018002702719150124,0.009027259411361212,-0.003656278064149135
session_2026-08-27_20-18-44,133,0.25440832274446573,0.12485860425469197,0.26787459276915243,-0.13490118527369116,0.04022541198493618,-0.08430218103732438,0.01993716926477025,0.041844703217480586,-0.014422914660061008
session_2026-08-27_20-18-44,134,0.23200920359656715,0.11000686116514491,-0.9137811382967089,-0.02338378505891549,0.01245366267717755,-0.08937648330570752,0.011832403707170447,0.0133408172421802,-0.005449744465478005
session_2026-08-27_20-18-44,135,0.4387361628992428,0.12709665586340488,0.2268619446969395,0.10328875022638899,0.04508017985658714,-0.06330721253460635,0.01930452512795481,-0.023823639289953732,0.007927676888344502
session_2026-08-27_20-18-44,136,-0.3097383324656953,-0.14186218458689928,0.11170681859690326,0.09946457539762887,-0.035264284352879594,-0.03930061169920718,-0.007490974022463757,-0.022385112364954596,0.008556564498526585
session_2026-08-27_20-18-44,137,0.4603254390661227,0.17212108149103464,0.40749956278730226,0.11585205643904008,0.18301798348435552,-0.02415610389195207,0.05664930142102173,-0.033422471588657056,0.012218800245972786
session_2026-08-27_20-18-44,138,0.018461365241786695,-0.11890723851790033,0.3007941860480745,-0.22627304271874285,-0.04595312660656705,-0.10548473644968277,-0.00340254799020678,0.06915884435481887,-0.025473959891127607
session_2026-08-27_20-18-44,139,0.16401685250346285,0.16295682090571584,0.9946011587043654,-0.23155261972232363,-0.31096334690413524,-0.04466674694605736,-0.08742933885467762,0.07164554359066617,-0.02988956701974715
session_2026-08-27_20-18-44,140,0.27602573292660093,-0.1102417640363467,-0.026162225412321424,0.3945179600841029,-0.030110617986736227,0.030915566676487212,-0.011754369617843492,-0.1061646997846855,0.03516814287780441
session_2026-08-27_20-18-44,141,-0.0056055335738323595,0.15118113765711877,0.6814672051199565,0.4146249561937913,0.008444812470911169,0.10462601481041232,-0.008198614392538639,-0.11799248285331737,0.04198480948188256
session_2026-08-27_20-18-44,142,-0.3282777052553708,-0.14604275938321895,-0.09377657020698482,0.05007616087380285,0.10936893542633855,0.09900901146304061,0.023723496049942405,-0.0233542593706219,0.008729867591454096
session_2026-08-27_20-18-44,143,-0.010531499134547566,0.0973910903257044,-0.6373245348262193,0.022029289296668423,0.13987535875024926,-0.03943892604449932,0.04572055719403885,-0.0065023765428492445,0.0018632875947469751
session_2026-08-27_20-18-44,144,0.21612411862361477,0.16677320964520922,0.6646005561441579,0.23874151912691233,-0.14124574353332936,0.021908982222859173,-0.04894244837166941,-0.057325573167851245,0.033637590920684156
session_2026-08-27_20-18-44,145,-0.2060183097379667,-0.16738170191023868,-0.8469953215736058,0.04199689248333117,-0.2572693737744665,0.07458505882463341,-0.088401212160077,-0.006715231711339553,0.016524822883391917
session_2026-08-27_20-18-44,146,-0.3378331624672158,0.0964686557851493,-0.7416241891614164,0.016047808295071547,-0.1303349399794515,0.015442298697669912,-0.04024585109478746,-0.002598853308565033,-0.00024220792632132548
session_2026-08-27_20-18-44,147,-0.08747364339994738,-0.18377265619970606,-1.4952952576944323,0.29346667331778015,0.13848539471752327,-0.03221209942379755,0.04411554319917827,-0.07883227596988972,0.02789100150539789
session_2026-08-27_20-18-44,148,-0.25187225278864533,-0.1276959016900088,-0.4204730507807684,-0.26616300674100574,0.22562895656394485,-0.07551188319750615,0.07503170000213963,0.07178467932501968,-0.022918230812920284
session_2026-08-27_20-18-44,149,-0.3151614572790889,-0.1231461564491287,-0.026795905703676053,-0.3434960488620341,0.056126917614477176,-0.04658798004907381,0.023143559050608338,0.09228763788693566,-0.035470506188815615
session_2026-08-27_20-18-44,150,0.3689665153744221,0.14839959819485712,-0.5725417451644984,0.08550878684570577,-0.08156994061036074,0.21285217399855616,-0.04366127078088803,-0.03842184777407023,0.010507643064229178
session_2026-08-27_20-18-44,151,-0.052965663197307104,-0.02220105020511306,-0.901941935282656,0.1548566774811651,0.005794410466593709,0.07024635906158762,-0.005778158395683648,-0.046178420447786264,0.01865290953614072
session_2026-08-27_20-18-44,152,0.13677389587755884,0.1380317129944331,-0.5673003594921397,-0.10189441311662785,0.05277638334966786,-0.10664791356626127,0.025393951927477895,0.034595641356124196,-0.0098579991837072
session_2026-08-27_20-18-44,153,0.21593355625267163,-0.11419586385587166,0.621736812099144,-0.006903266366805411,0.011577099020909134,-0.044052180571250404,0.007318019447062487,0.005432758715534656,-0.0013687195960395198
session_2026-08-27_20-18-44,154,-0.3637087626152853,0.028226586927145126,-0.3755764051598755,-0.17938738508546612,-0.1180379206327895,0.009923959857053145,-0.03598630131381,0.05062736139206484,-0.019126703839243697
session_2026-08-27_20-18-44,155,0.30482662985842474,0.1362796261954753,-0.24044519345479953,-0.3746219736349788,-0.16835720313253344,0.17119066313446427,-0.0646612913576771,0.0903266635104314,-0.03377299915136918
session_2026-08-27_20-18-44,156,-0.1619695106508665,-0.13315848906891614,-1.5724861446617973,-0.008473760011347298,-0.12340302543874679,0.1474961258985195,-0.04978950311538235,-0.006886003997716957,0.0006078624841616499
session_2026-08-27_20-18-44,157,-0.4023947286666529,-0.1536741275801451,-0.6985550412008822,0.06787924982338327,-0.08880195927503735,0.0440459032129889,-0.030777077674823294,-0.019666538818230817,0.005825983849754333
session_2026-08-27_20-18-44,158,-0.3159076151790693,-0.1432272103925593,0.0993094588997606,-0.22135822861026996,0.06569312221832813,-0.11479073233703846,0.03098275775646106,0.06589490993755033,-0.023409384498396843
session_2026-08-27_20-18-44,159,-0.319483858834397,-0.13749086597253224,-0.16632321757395835,-0.09535586637363089,-0.09901853727662588,0.009650519747291192,-0.030702234921646802,0.02775397446597032,-0.007875385833151118
session_2026-08-27_20-18-44,160,-0.3257019876717746,-0.14143491797367047,-0.6857280314415857,0.056141343833565366,-0.30491210591084356,0.1592522137320875,-0.10573637513027344,-0.019977996895031287,0.006985261543307802
session_2026-08-27_20-18-44,161,-0.4382442470693402,-0.1271171051239791,-0.2996905879464625,0.1475405553490482,-0.1964210063381902,0.09247246173152843,-0.06692671126020239,-0.042416736298058914,0.013225598670821218
session_2026-08-27_20-18-44,162,0.5310621868487512,0.15865891877688082,-0.42305118423717686,0.548288315716174,-0.11702396853592446,0.0487209802121062,-0.041718042219312496,-0.14563364822148123,0.053023829420849176
session_2026-08-27_20-18-44,163,0.29686870879375843,-0.1254546166390549,-0.0003274258929712277,0.2539308956344788,-0.2431652331129648,0.020252773564276953,-0.07540622335661228,-0.0634853033157315,0.021470458011383028
session_2026-08-27_20-18-44,164,-0.17849319424301965,0.02496438984606423,0.5963620859745865,-0.16204524838616616,-0.04979206787292802,0.01911231254977993,-0.01591147174063841,0.04162326177398238,-0.016614851272757077
session_2026-08-27_20-18-44,165,-0.276837486807721,0.1102370177879928,0.00039840812722460406,0.05150000163112714,0.18429906191495316,0.007280666671033386,0.054115069140568954,-0.019306770919319406,0.008095366776456166
session_2026-08-27_20-18-44,166,0.4302055376637341,0.15436148030801788,-0.8314299890947452,0.031790466797066264,0.023142789947910237,0.0432143919575734,0.00410152351198265,-0.013904754012664455,0.0013199499328336462
session_2026-08-27_20-18-44,167,0.1916641756997042,0.09800070209587478,-0.44114549134929126,0.02144897601489885,0.04306388292627408,0.07511921593523842,0.007616226087978938,-0.014679503956745743,0.0009849023691956412
session_2026-08-27_20-18-44,168,0.011998140517591929,-0.19807694446520133,-1.210486138806345,0.12931597401063405,0.042859184654594665,0.07794736655303951,0.005741098363104053,-0.042169248294044004,0.014631886915542777
session_2026-08-27_20-18-44,169,0.4984914940527682,0.10497468202622978,-0.3881257129147306,-0.2577111810347181,0.04841002402358657,-0.05593941891375949,0.019965504509979293,0.07163501533306965,-0.02451011184835057
session_2026-08-27_20-18-44,170,-0.011843165652529887,0.1073090446514039,-0.3458974109390878,-0.28199278825952806,0.1612425952979331,-0.03548610623109697,0.052187926624051056,0.07343687274857935,-0.024768268658050915
session_2026-08-27_20-18-44,171,-0.21965714917499718,0.10855798096262423,-0.9647554967045348,-0.21504380742831458,0.10533753956259903,-0.08733154859003464,0.039724329025295976,0.0613360606498564,-0.020616634519588662
session_2026-08-27_20-18-44,172,-0.10161758186368863,-0.09931628301452129,-0.7771293037860701,-0.24908921512134594,0.08481697280692789,-0.1780363019076391,0.04219033742821115,0.0785532765033283,-0.02645530639698707
session_2026-08-27_20-18-44,173,-0.24746359838281745,-0.0370111713704068,0.37268478289140755,0.33204156641498234,0.22314415105247062,0.03653278318379663,0.06225634596528437,-0.09586212831796466,0.03671763381355083
session_2026-08-27_20-18-44,174,0.02363417133676866,-0.06809107672010362,0.6829431007370752,0.03640022415103066,0.06311534769266605,-0.07993363254580567,0.025341936853575067,-0.004960399708373785,0.004949023771105698
session_2026-08-27_20-18-44,175,0.248538744446717,-0.0006554826619129539,-0.5997398961093162,-0.23243020961683003,-0.10851170016033011,-0.17636100959280335,-0.015909445271747757,0.07805658841781908,-0.027635941627023028
session_2026-08-27_20-18-44,176,-0.3252070827116837,0.11942875825477033,0.5493825288778105,0.08718809482748621,-0.07018978840915686,0.055602063381938086,-0.026177471318666313,-0.025831857006581242,0.008525500912766227
session_2026-08-27_20-18-44,177,-0.14947825196081962,-0.17484486542344424,-0.9762724581473716,-0.07196047093509825,-0.17293646751986347,0.037348846522819695,-0.055014974600763177,0.020329851488144042,-0.008206324445485545
session_2026-08-27_20-18-44,178,0.511935551667604,0.13230291317615586,-0.11767286052514768,0.22366965645452358,-0.09606053653897913,-0.024738199997568548,-0.02855726543001042,-0.05376077858587671,0.022633649734589166
session_2026-08-27_20-18-44,179,0.17989680597158972,0.13082637720922008,0.8021405751379368,0.45702070145976514,0.00523098928782852,0.14001712987842674,-0.014375098904592131,-0.1310523296832965,0.05169863677057182
session_2026-08-27_20-18-44,180,0.2341992094886666,0.12739330231908452,1.3636057688754852,0.17669528738477205,0.0186589720055789,0.10490223107810676,-0.005525238925670384,-0.05475523419799869,0.021785728213392617
session_2026-08-27_20-18-44,181,0.25763039873491594,-0.1171679852373258,1.4512746127258553,-0.0200651946058894,-0.08185660252528672,-0.04268274095291235,-0.020681407316235002,0.010744830418988027,-0.00396879246336919
session_2026-08-27_20-18-44,182,-0.25011351960251416,-0.1264448008467933,-0.4177191920741473,-0.20258845631143732,-0.06730530212723577,-0.05449562970078468,-0.014525740890064684,0.06000084535747104,-0.022450544691145182
session_2026-08-27_20-18-44,183,0.38101960085737957,0.1240868605456924,-0.8726959871317291,-0.21773189151245986,0.04984473218804552,-0.025919769471352546,0.01798838773335277,0.059008573645451784,-0.020716065334882735
session_2026-08-27_20-18-44,184,0.409985471705466,0.14863209014925594,-0.6425538993258808,0.12513579056185467,0.042756639040707665,0.11250933261331751,0.002535044460612158,-0.04305504295669274,0.01452960866045572
session_2026-08-27_20-18-44,185,-0.30445346696468617,-0.025518859111079872,-0.41225473439876903,0.21143969812464852,-0.060475056221953274,0.10112230215908719,-0.027662539787089803,-0.06262044848660178,0.02036211224394268
session_2026-08-27_20-18-44,186,0.12859898643759177,-0.1883433282514242,-1.0522513710242716,0.09633259471255179,0.011953603157041545,0.07991117980270744,-0.003781329564468205,-0.03219415524520439,0.011301466606271005
session_2026-08-27_20-18-44,187,-0.13484402521820343,-0.04577702847702717,-0.8124086226306437,-0.06531416588547467,0.002439541281900675,0.04692455602367405,-0.0030295929275121745,0.013313902906610164,-0.005833499707891087
session_2026-08-27_20-18-44,188,-0.029065620344519292,0.12901138623086075,0.8473745775815726,-0.1874820840707484,-0.22152504020214714,-0.07940677715449306,-0.058348098569827235,0.060246454082947654,-0.0254928994400509
session_2026-08-27_20-21-05,0,0.06345011036986423,0.030080398859810092,0.9577696067157655,0.15776539810476983,0.37720107731407854,-0.041055615531746505,0.1392725495656839,-0.06612548049152511,-0.0502905251309591
session_2026-08-27_20-21-05,1,-0.11763423876211071,-0.0870838569162833,-0.4859488451179414,0.1577459901040744,0.37720629631011315,-0.04108223171689805,0.1392725495656839,-0.06612548049152511,-0.0502905251309591
session_2026-08-27_20-21-05,2,-0.20346431863268366,-0.04812287198276091,-0.8402684357362156,0.1577400179698178,0.37720790177345,-0.041090421065029484,0.1392725495656839,-0.06612548049152511,-0.0502905251309591
session_2026-08-27_20-21-05,3,0.2269781621152918,0.13684937589504298,0.5393308004434932,0.1577340456276947,0.3772095070572095,-0.041098610296772434,0.1392725495656839,-0.06612548049152511,-0.0502905251309591
session_2026-08-27_20-21-05,4,-0.27769849416807346,-0.02073119276325122,-0.5772751907598638,0.15772807307771022,0.3772111121613901,-0.04110679941211997,0.1392725495656839,-0.06612548049152511,-0.0502905251309591
session_2026-08-27_20-21-05,5,-0.10937820157281805,0.07531677513127258,-0.7540758868170795,0.1577206070979322,0.3772131182890813,-0.041117035642612786,0.1392725495656839,-0.06612548049152511,-0.0502905251309591
session_2026-08-27_20-21-05,6,0.2946215886955491,0.10021671726136809,0.002565639777125924,0.157714634080278,0.3772147229892047,-0.041125224496045325,0.1392725495656839,-0.06612548049152511,-0.0502905251309591
session_2026-08-27_20-21-05,7,-0.25127156017069513,-0.07252952488983122,-0.9378214120989524,0.1577071675159289,0.37721672861182015,-0.04113546039912251,0.1392725495656839,-0.06612548049152511,-0.0502905251309591
session_2026-08-27_20-21-05,8,0.1392391659249944,0.10927164507715123,0.7041369583311238,0.15769372688174227,0.37722033802541066,-0.04115388456622279,0.1392725495656839,-0.06612548049152511,-0.0502905251309591
session_2026-08-27_20-21-05,9,0.2646303045799476,0.014924955452241942,0.392135651819444,0.15754282095648567,0.3772607813125323,-0.04136060421801059,0.1392725495656839,-0.06612548049152511,-0.0502905251309591
session_2026-08-27_20-21-05,10,0.27876447582020175,0.014818685748817173,1.0765254312034904,0.24131677513848146,0.8794573189264207,-0.1431953533958532,0.32459891741026103,-0.11065196689857525,-0.10991318579047636
session_2026-08-27_20-21-05,11,-0.314123538624975,-0.1297315529228691,0.11737500418247686,0.16585739552717793,0.20900119518100002,-0.0863989060663249,0.08257911742644342,-0.054372815440087555,-0.019151473625549757
session_2026-08-27_20-21-05,12,0.11744646359090694,0.00638189551590837,-0.7414197067158832,0.24925044076880926,-0.1324980656320235,-0.04603753280888352,-0.03605774193921272,-0.06190456533531235,0.01870059171379988
session_2026-08-27_20-21-05,13,0.10328332902767198,0.07223693624532126,0.609849318590399,0.03596804179039908,0.05662895587023156,-0.06612489092048279,0.026742195237622435,-0.00989617990639963,-0.0074250599083871705
session_2026-08-27_20-21-05,14,-0.22458534457173016,0.09968258779936859,-0.8109166884976818,0.04340089243894221,-0.09304697093155682,-0.09835616825902813,-0.021902699038722776,-0.0016624707830833624,0.0057883449578802195
session_2026-08-27_20-21-05,15,-0.266995296707037,0.002407011446559665,-0.454849400442212,0.10505503790084703,-0.26772076813304085,-0.03575169628409378,-0.08534859029751952,-0.013131374193103569,0.025257984014347007
session_2026-08-27_20-21-05,16,0.2186134126450975,0.03280773457245395,-0.3104797083543481,0.10386364369065611,-0.2675888463392558,-0.039971330968714545,-0.08534859029751952,-0.013131374193103569,0.025257984014347007
session_2026-08-27_20-21-05,17,-0.2277639647265735,0.019614693481429663,-0.5931000124678756,-0.008151963635794334,0.026213363470432422,-0.004901103480752361,0.009588849470010189,0.0016697188280484817,-0.002853356060523014
session_2026-08-27_20-21-05,18,-0.2872892892354865,-0.023787563430463343,-0.5173556038138413,-0.07695358845280675,0.03909596829009098,0.03699790139197527,0.008504641729526564,0.017638241441257908,-0.005541766523123899
session_2026-08-27_20-21-05,19,-0.20167245135109582,0.12145034595410853,-0.8350673704250243,0.17371496985640592,-0.10340195736296277,-0.014018317317432794,-0.030956936628656288,-0.04311106930257077,0.016079118970575436
session_2026-08-27_20-21-05,20,-0.18467520269981993,0.10621214162397719,-1.0847118566768286,0.27105898209339857,-0.10302656267557149,-0.0693144742829844,-0.02433177799231427,-0.06840586289708725,0.018888207057904605
session_2026-08-27_20-21-05,21,-0.29152856426499735,0.11810655087207766,-0.1861382606180382,-0.11416097458296738,0.03704879456097691,3.790944859599573e-05,0.010535842251221793,0.02975306017634356,-0.00839797034450761
session_2026-08-27_20-21-05,22,-0.2543314384308196,-0.020989081680512417,-0.6730719077562659,-0.08788764495665423,-0.17008850503758002,-0.014441488670970844,-0.05777368234065155,0.035501175875967614,0.009148772814197069
session_2026-08-27_20-21-05,23,0.11300815682045802,0.06148048452188959,1.0728393174813657,-0.11863359302990967,-0.022868177737703485,0.056408378034323206,-0.015198062709436282,0.0323052909453713,-0.0014745339967617063
session_2026-08-27_20-21-05,24,0.21995782474105452,0.054280066461441345,0.7996015226072402,0.10840054479095079,0.06371355380058691,-0.006514839485194194,0.024302424520638313,-0.033897204343871876,-0.0009999363368998965
session_2026-08-27_20-21-05,25,0.2688471506694981,-0.0041860158901729505,0.4013485406417161,0.2992726811666032,-0.09853218765569263,0.01417995184442913,-0.030129149664612685,-0.08170285353109606,0.02137094454917648
session_2026-08-27_20-21-05,26,-0.17119646613287318,-0.07912816065782846,-0.7419026941453305,0.32056782470078016,-0.3261166318707158,0.04990872431085255,-0.1107852522123577,-0.07812511551217323,0.04225977640833191
session_2026-08-27_20-21-05,27,-0.14727136103043098,-0.13093651526036582,0.8001003014101218,-0.028628913762478076,-0.0855702675099723,-0.03586126244434449,-0.026331500281385714,0.015092527092956526,0.005509326801946665
session_2026-08-27_20-21-05,28,-0.1759277706382275,-0.08173461220807537,-0.8006865966303008,-0.20188015100652135,0.11702192387848413,-0.01293808666787699,0.03802348861124484,0.05303405725536623,-0.018596568498699013
session_2026-08-27_20-21-05,29,-0.33117208084759625,0.07125822083169656,-0.3597465952676573,-0.14402274168299248,-0.11075987625796607,-0.015538993063391427,-0.0381332246589632,0.047095280120535814,0.0017571383777305158
session_2026-08-27_20-21-05,30,-0.1893835474841335,0.0727953198167891,-0.6892678055733622,-0.04792370106633214,-0.04332131216048757,0.04782073998000547,-0.020258957392450577,0.012814498235975073,0.0034665568996730322
session_2026-08-27_20-21-05,31,0.20919906607070612,0.11699567995327156,0.4280563382613428,-0.13768921888974972,0.06421360438312212,0.11395494610734126,0.00835823110600101,0.03012086006783723,-0.00667199961319906
session_2026-08-27_20-21-05,32,0.3109691328880995,0.08202198809733831,0.01517563412179789,-0.2640000267691221,-0.023472639062381454,0.07283061843229917,-0.019532967335104984,0.07303791555667699,-0.006036103226919924
session_2026-08-27_20-21-05,33,0.27772502533699667,-0.08766802971972609,1.2528235338544707,0.005175498025558481,-0.034450054790066624,-0.06943796344380113,-0.00691877719154661,0.006537400434165522,0.0046961362853646434
session_2026-08-27_20-21-05,34,0.21180276957445596,-0.11076765566080515,0.6804261120720884,0.1290252615949302,0.11115533879178996,-0.07422125789162558,0.045728720608591525,-0.036414594101224614,-0.0027906669939174854
session_2026-08-27_20-21-05,35,0.19490958110838247,0.05096451270960009,-0.4769651748716121,-0.0086120070091062,0.014872546625226557,0.0037278535247369966,0.004535695050741897,0.001413155879660135,-0.0024755168123676264
session_2026-08-27_20-21-05,36,0.22755694839521745,0.0735653505849698,-0.2852966548205919,-0.12773475368451875,-0.15584158356292868,0.045987851314854486,-0.060240409325532575,0.04208079490079711,0.00874691631239293
session_2026-08-27_20-21-05,37,-0.21972026727325097,-0.11653451062782152,-0.3853737692066097,-0.018328888668190844,-0.039127758323091746,-0.04178670853960047,-0.010735214908536461,0.010612692242698021,0.003105495248095602
session_2026-08-27_20-21-05,38,0.3175748352529182,0.13416165056374355,0.1147288865674776,0.12310332987051541,-0.1312057678922581,-0.08434653052930159,-0.035490084885283546,-0.021984008634960115,0.015828317384813936
session_2026-08-27_20-21-05,39,-0.11468994703191555,-0.11340278987708818,-0.8250463437938963,0.1539044518886351,-0.15374960911387664,-0.09843105245065942,-0.041358511173550445,-0.0287061748545016,0.018083537094869997
session_2026-08-27_20-21-05,40,-0.211510680509746,-0.07605077493548715,-0.8938222270474925,0.12695947117890122,0.03336028213708271,-0.027789616116800222,0.015233464392677254,-0.035188538710174716,0.002882142624051436
session_2026-08-27_20-21-05,41,0.055033477812921644,-0.1238253487107226,-0.6436284723032185,0.1666743602381913,-0.02300644292642246,0.014358378428042428,-0.006587207032627895,-0.04650963268766724,0.009543020564364537
session_2026-08-27_20-21-05,42,0.29058480858552543,-0.06700374890119123,-0.732389201402044,0.11103720807161609,-0.08390573895818096,-0.08258031544130383,-0.018990076982471637,-0.0221883837827403,0.008753326926152515
session_2026-08-27_20-21-05,43,-0.14598582825009457,-0.051203341599381225,-1.3660043982179297,0.04208245554083107,0.0008756977896595727,-0.04275956875852276,0.004657664892308807,-0.009313217107788953,0.0016265429063974338
session_2026-08-27_20-21-05,44,-0.18749956960670955,-0.050187266658428986,-0.7031610947287882,0.0781448132926402,0.11341873011707208,0.009393531206859797,0.038805823801686345,-0.02856239718487702,-0.003949730490192444
session_2026-08-27_20-21-05,45,0.21051467701080545,-0.09612651125127392,0.6029470329107052,0.08194286526627416,0.10117586839275333,0.021160193112424612,0.03293247991919378,-0.029035523461664513,-0.001109471898859165
session_2026-08-27_20-21-05,46,-0.1773679294106936,0.05143290693169632,0.33158835543229226,0.03771402539371565,-0.0492589656375257,0.003349304954242518,-0.017543351297564465,-0.007367728819254343,0.008282102282740516
session_2026-08-27_20-21-05,47,0.2983451912907014,0.11958420016266424,-0.14743931644690506,0.08602733947556694,-0.0863212507180826,-0.038673199898986946,-0.024268924063000016,-0.017383599685953193,0.008832804135228129
session_2026-08-27_20-21-05,48,-0.24896560381812619,0.08427625816586591,0.011581271820859362,0.20035474060798328,-0.06538299519748585,-0.07843191895650675,-0.011362169918626907,-0.04873970282080881,0.010500987089949764
session_2026-08-27_20-21-05,49,0.24672073283369486,-0.0820535795173216,0.0858663616895039,-0.01512336824627873,0.0197109621147639,-0.04207185702259302,0.010484895321512276,0.00563617377664153,-0.003725007768537322
session_2026-08-27_20-21-05,50,-0.2473880979147684,0.0784013316629021,-0.036501546857072784,0.19043076150560562,0.14310305163107356,-0.08538266296797675,0.06042967495839961,-0.05659581375876444,-0.0073684445539146885
session_2026-08-27_20-21-05,51,0.17822545618386176,0.1253744565007155,-0.4551633138546886,0.23029797979542696,0.05661076637913017,-0.02497135043349173,0.025545913946810248,-0.06699519112652787,0.0036974802235192183
session_2026-08-27_20-21-05,52,0.10706782012953915,0.11514134193388009,0.8172278446960912,-0.11067413838363548,-0.04426969731572408,-0.017226916208052254,-0.015060793714859499,0.03502826638394099,-0.0030513181847923814
session_2026-08-27_20-21-05,53,-0.3266055330021077,-0.1078019617027686,-0.7022336475554614,0.07542254629469289,-0.0424502269624987,-0.08179271298688402,-0.004962319113954493,-0.014359859800129764,0.002226328208020933
session_2026-08-27_20-21-05,54,-0.24010416437965743,-0.08805625939866754,-0.5795908747157832,0.16703895165486873,-0.004000598394098911,-0.023019512617667083,0.003802362146431928,-0.04598213126783113,0.006375423929077835
session_2026-08-27_20-21-05,55,-0.154726199604225,0.09308351160058886,0.6259810826221776,0.13359132673455143,-0.2412636954403312,-0.07520569527845755,-0.07280698698156045,-0.021017318010836884,0.02240473355744365
session_2026-08-27_20-21-05,56,-0.08453979611125906,-0.020578159011680502,-1.1126625111927586,0.2961044423679382,-0.12890593414764895,-0.11247057602766515,-0.028773975427920605,-0.07181843150731763,0.020215200203037194
session_2026-08-27_20-21-05,57,-0.19064150057570936,-0.05902111762620199,-0.664130130581735,0.16972253318643185,0.14060647229760503,-0.017233706166694035,0.05250831329022974,-0.05597627337359938,-0.004968493102931953
session_2026-08-27_20-21-05,58,-0.06854011355354976,-0.08318202103532206,0.9260491648105939,0.004429014753288741,0.12755404421018898,0.03445831905189968,0.04074897116851632,-0.01046429515060679,-0.01052597850894038
session_2026-08-27_20-21-05,59,0.010264395894982913,-0.03247332156365566,1.1539713116729748,0.05464915962401757,0.21067036909484718,0.0674872124018448,0.06628725316900037,-0.030811572891034412,-0.013224702329168406
session_2026-08-27_20-21-05,60,-0.26229316679980264,0.09139422476453245,-0.042367272260344736,0.08432685442668701,0.028428779739629446,-0.04106134746136314,0.014928697065701437,-0.02331144161617297,-0.00030321736818707934
session_2026-08-27_20-21-05,61,-0.1417612435391473,0.10575653588611178,-0.9062211515232526,-0.1040853710136251,0.03372191952306434,-0.10348197870066705,0.019517954293553453,0.0342050473571639,-0.010702115968344642
session_2026-08-27_20-21-05,62,0.18893808616683525,0.12844247533040812,-0.4909906046329056,0.0340216711715414,0.0849979997164798,0.07232544969590649,0.02082028723646437,-0.01489580262673872,0.003514247076923104
session_2026-08-27_20-21-05,63,-0.3169421525368412,-0.13091925536735283,0.09777839741275919,0.3678138799457691,-0.09187892578223042,-0.004812152091639692,-0.026250403017647903,-0.09534345448311411,0.02935373431018289
session_2026-08-27_20-21-05,64,-0.3014829235476,0.072369114194032,-0.8876519613966958,-0.09057379377540777,-0.07448509785918143,-0.04018529692055902,-0.023292382821654103,0.032030913976578125,0.0019726757325207625
session_2026-08-27_20-21-05,65,-0.324390070246916,-0.13680059015174612,-0.0913955482004134,-0.440806847128733,0.05997022084396852,0.07298493249857188,0.005684092820366908,0.11837380238820759,-0.019404704285983624
session_2026-08-27_20-21-05,66,-0.11788274834716818,-0.029676812249315045,0.6459852734649801,-0.3030168210870143,-0.14636050285595947,0.09009829749372686,-0.0642510611974496,0.09040014913409519,0.0023146110393472354
session_2026-08-27_20-21-05,67,-0.26383825416662526,0.0776598938363891,-0.11120568380304903,-0.2605246749510521,-0.272874657200329,0.09402271565840004,-0.1073004005244525,0.08216487423669493,0.013677311424678137
session_2026-08-27_20-21-05,68,0.00805850504368905,-0.12092875750908486,0.6365819538131611,-0.005359412271840612,0.06738314492294878,0.028956778065917923,0.020225238098944824,-0.005233924145764091,-0.004403350193295663
session_2026-08-27_20-21-05,69,-0.40589836252871636,-0.12216989976491502,0.587228905808932,0.06703086779192853,0.08850616007195197,0.051556221200261904,0.02617602693306739,-0.027648864866421353,-0.0021653179846008058
session_2026-08-27_20-21-05,70,-0.17429609347405095,0.07083538513437511,0.28895594567210314,-0.080303647987024,-0.0693526777266936,0.004339564607255338,-0.02540875276008177,0.026205742640175993,0.002339591204131505
session_2026-08-27_20-21-05,71,-0.1568322299600916,-0.11210458194516396,-0.6677387261784039,-0.056928225725660885,0.004901992601376989,-0.025814123990022222,0.0032588138826865564,0.0179785411807748,-0.003784120839693138
session_2026-08-27_20-21-05,72,0.1949295477689989,-0.10615072810920503,0.5008136355237686,-0.25177020146024176,-0.1858111043727173,0.12711240175457464,-0.08006478206136741,0.07575554393401368,0.009892443126072509
session_2026-08-27_20-21-05,73,0.09066419944854992,0.06633661110917044,0.9993819980850147,-0.2299235413329213,-0.13096684917502374,0.06464331446796028,-0.05568111265010485,0.06959361395855196,0.0034938606352638082
session_2026-08-27_20-21-05,74,0.2541511006793105,-0.07698731153643246,1.3247250878708794,0.11024465454566273,0.14347126468695198,0.003156786149494499,0.050260506811537264,-0.03920910203164158,-0.007725805212779588
session_2026-08-27_20-21-05,75,0.3065137471362156,0.13126833248504613,-0.2451365053905867,0.07666240788830417,0.1696808014337354,0.031331806679237705,0.05497531464631734,-0.03185250524023294,-0.007348281517097522
session_2026-08-27_20-21-05,77,-0.31243460734220985,0.10307471049012878,-0.47631077771655433,-0.06812319890491912,-0.033109987265645964,0.036966070877792655,-0.015435157057120926,0.018145380922551992,-0.0011587031415019864
session_2026-08-27_20-21-05,78,0.18179009892166736,0.0641706960070607,-0.4750112134492619,-0.1072736351608991,0.24244093645749443,0.09474904161813409,0.07119559699750085,0.012470882318721477,-0.01955879604374737
session_2026-08-27_20-21-05,79,0.29160290728810595,0.08750496030551214,0.7785565431640076,-0.04012955517841337,-0.11602018153434851,0.09877147669634949,-0.04921234492302052,0.011167012994781643,0.009564600728476228
session_2026-08-27_20-21-05,80,0.22845112125996975,0.09934799477112718,-0.23340591438860744,0.050815489380749305,-0.21869559441625155,0.03893105524678088,-0.0771491997462675,-0.005824590811944642,0.020232273634640398
session_2026-08-27_20-21-05,81,0.2830728472001899,0.11297291258272915,-0.15278697813910813,0.16164434200781025,-0.07849907108141493,0.008200309468179642,-0.024985166638232446,-0.041968217872588545,0.013353034617640829
session_2026-08-27_20-21-05,82,-0.26170955925620776,-0.10675271565655012,0.1954034893455573,0.03290678142961096,-0.14764011044745123,-0.05715877740709747,-0.04391253252821793,0.0009376597939053699,0.009751010425781474
session_2026-08-27_20-21-05,83,-0.25719845477775777,-0.09114556170716251,0.29288803146886544,-0.10386458804748913,0.005055815722605597,-0.06465257930673958,0.0061974011140758884,0.032698243737991024,-0.007931799281836155
session_2026-08-27_20-21-05,84,0.17528122714400562,0.0706384977739691,-0.44123190701748005,0.15802011562701251,0.0279976443913789,0.02946156007440375,0.008846670628204503,-0.04796325718115535,0.006580583438543458
session_2026-08-27_20-21-05,85,0.3001573664125962,0.12303469980184384,-0.08300712287509757,0.1379573477955825,0.016569609923959915,0.0338990659264588,0.004685630459070299,-0.04279180280444218,0.005635044128590973
session_2026-08-27_20-21-05,86,0.2661237360368291,0.11393214579713443,-0.15380369363011157,-0.03583369960183448,0.07587091009872886,0.048421286948237226,0.020711753729873238,0.002865363436418213,-0.006647905654364208
session_2026-08-27_20-21-05,87,-0.23706097958633726,-0.05103865217722449,0.3852189801641005,0.037494369195889735,0.01985877659612906,0.027285373006798827,0.005130885974017666,-0.01328631042132752,0.0002815932418407617
session_2026-08-27_20-21-05,88,0.12785811360287275,0.1403792337226518,0.2958079366500668,0.007956806648919188,-0.0036695654753591826,0.06315013562797409,-0.006701791105018257,-0.0057846571244628735,0.002508257052352175
session_2026-08-27_20-21-05,89,0.016232512469471376,0.09826192909848194,0.6591965322170976,0.07694005062531205,0.2477703008782263,0.04655609626514154,0.08205877589605326,-0.037600569624655286,-0.017246448284900212
session_2026-08-27_20-21-05,90,-0.23824950884658397,-0.06406896470081469,0.3792827974596619,0.046457005635107886,0.22753904609316428,-0.08123480286524276,0.08688948816921041,-0.021504862714372797,-0.023167362587379555
session_2026-08-27_20-21-05,91,-0.22552356877466256,-0.11083023600923367,-0.5534396333478506,0.1488968956385104,0.12687173229387444,0.023434378794677076,0.04264445158863359,-0.04910419659858905,6.450337309168166e-05
session_2026-08-27_20-21-05,92,0.2239431152455378,0.061450242297317506,0.4793317569692907,0.14902369519664754,0.12707930863929517,0.02141680838084567,0.04264445158863359,-0.04910419659858905,6.450337309168166e-05
session_2026-08-27_20-21-05,93,-0.21809310051148154,-0.007850490042190711,0.49207867061710586,0.14278627615359174,0.035377500834130944,0.008611852723527855,0.012304962915315243,-0.04173176048712626,0.0068047713592270355
session_2026-08-27_20-21-05,94,0.1457522522376489,0.06509351834729762,0.9938473801565968,0.020709047424320462,0.018452721479117334,0.003573972995507338,0.006051660374921739,-0.00716787784352809,0.0004746905649002922
session_2026-08-27_20-21-05,95,0.019850540452437993,0.12323280238936402,0.5743638255185886,-0.10773093612880585,0.06847779780466218,0.01323085616220342,0.02089601353349087,0.025472390935658663,-0.010892084264970119
session_2026-08-27_20-21-05,96,0.2917702284979315,0.11932140619221299,0.8335718694769078,-0.0330408592487649,0.1442968499992511,-0.02578053802642788,0.05123395865478488,0.0031521389391901814,-0.014807483075881814
session_2026-08-27_20-21-05,97,-0.19560531571989118,-0.11144536335890726,-0.4434591617597212,0.05670775722837651,-0.11560317570008802,0.009702054691650619,-0.03913463824867548,-0.010223468420528296,0.012604052881150938
session_2026-08-27_20-21-05,98,-0.13184851422794516,0.004473001193792734,0.640285070757734,-0.011265658714699282,-0.22302386512516367,-0.04581851771920658,-0.0719082579785865,0.018230574601368652,0.017501116515637755
session_2026-08-27_20-21-05,99,-0.09147610209397085,0.16077897992175832,0.7697192979407562,0.02131894318489937,-0.020114675852314523,0.008163119919494349,-0.007502130212498753,-0.0053767740272847465,0.003338942007251171
session_2026-08-27_20-21-05,100,0.16381595803754687,0.08547254183318043,0.8403382272398319,0.062445378928131366,0.004747185738834149,0.08939280221876156,-0.005942429126837523,-0.023956267294683867,0.004907406558202819
session_2026-08-27_20-21-05,101,0.28013708335619275,-0.07878563942598896,0.7338798185301733,-0.08905322213898414,0.04643755231901568,0.07781023865084888,0.007031595107171567,0.018004709072680942,-0.00540520168071858
session_2026-08-27_20-21-05,102,0.03624907799243229,0.024223475543899163,1.1068330135157525,0.04791280101194901,-0.17678942825012278,0.02448720465831455,-0.062049301198526134,-0.00499714882464022,0.017530322205009382
session_2026-08-27_20-21-05,103,-0.20986321015759343,-0.06873201361059447,-0.9236862457049495,0.011783135496624795,-0.27277057935390264,-0.031047628212427472,-0.08999592953499803,0.012925393026078518,0.021092756301137543
session_2026-08-27_20-21-05,104,0.2943043003162667,-0.001600094567751481,0.47191648208836867,-0.1779164234181359,-0.24201934896244942,-0.02597948638699737,-0.08210472083820117,0.06485385100081993,0.010777962504733642
session_2026-08-27_20-21-05,105,0.16571561518342448,0.07601940617717529,0.8124548114137059,-0.03455134469989165,-0.1466804714422289,0.09298040846242357,-0.061320786144040566,0.014460045304241421,0.020564176013538757
session_2026-08-27_20-21-05,106,-0.23718014554191197,-0.03668454864976822,-0.9848118359908817,-0.05983786459734601,0.09138186415610153,0.06671202629543514,0.02139281845230617,0.011597295035733455,-0.0002437441390944093
session_2026-08-27_20-21-05,107,-0.30509885958965355,-0.09122215706657673,0.11803577117112399,-0.06955173250541291,0.05456656978185457,0.05186709138151826,0.012209074148417227,0.013970136595816928,-0.004770776818708737
session_2026-08-27_20-21-05,108,-0.24604069669781545,-0.07734494789337787,-1.0715657349849876,0.019704937142654873,0.02511543269745853,0.060444496053992186,0.00323235254583647,-0.010768961366640418,0.0006572355763134102
session_2026-08-27_20-21-05,109,-0.1974399137740824,0.03886949793938943,0.3800898865111399,-0.003840525626966458,-0.02960778878783763,-0.025770355569646356,-0.007703004491732246,0.004001134399797929,0.0011780298451948765
session_2026-08-27_20-21-05,110,-0.30783571049819103,-0.05891305859771555,0.10509528462884735,0.17474091087377933,0.007686479325524731,-0.08928415586365752,0.013777295011647692,-0.044659615310435906,0.003555815968404931
session_2026-08-27_20-21-05,111,0.14552851730760805,0.0662300072460904,0.9411716095277939,0.16535806877320353,0.048271453883526515,-0.0818025828382871,0.02688956181841892,-0.04459751862071113,-3.586907919490448e-05
session_2026-08-27_20-21-05,112,-0.24709217441960146,0.09118930434518546,-0.8498013630493908,-0.06628563252353754,-0.1048154772859201,0.019556883096909113,-0.03858175120000751,0.022782229796761554,0.005663295799185434
session_2026-08-27_20-21-05,113,-0.06143738548963003,0.16989730512932102,0.9319517973550924,0.03222170203118825,-0.046599475319131806,-0.009409865670105379,-0.014529371700969733,-0.006415344018515793,0.004301140751394438
session_2026-08-27_20-21-05,114,-0.1497208713357668,0.0690042543587197,0.3958063460028056,0.3239012790186636,0.0782793691686462,-0.15752033990387257,0.04685142931294261,-0.08540655107193652,0.0005730968358813574
session_2026-08-27_20-21-05,115,-0.2752269199835282,-0.0030792908616629755,-0.48259353496411406,0.2867483876245016,0.16463623029851604,-0.0663665389133857,0.067256017162601,-0.08537679835458277,-0.005947426180385335
session_2026-08-27_20-21-05,116,-0.21801270512419826,-0.04950730397360441,-0.8053602210599439,-0.07966492655591573,0.06157210979525084,0.09945710136770922,0.00971202349153979,0.014210913105423046,-0.005329000686506732
session_2026-08-27_20-21-05,117,-0.0333514261483363,0.08987737018819653,0.7396350376136304,-0.14463861283312557,-0.11055923155265092,0.10984222640816993,-0.0510412325787662,0.04043842932305835,0.00793957493110777
session_2026-08-27_20-21-05,118,0.02726216521035627,-0.08891481883956531,-0.8099284640768769,0.08743801437012484,0.00016404054922609235,0.08576515094525783,-0.008250770101229975,-0.028800866077749777,0.010787843723379932
session_2026-08-27_20-21-05,119,0.25537291169710363,-0.08954245048433435,0.13169413643842687,-0.008497746030826486,-0.045095946758491816,0.024702174965153974,-0.019377496117405583,0.005263232810340473,0.008350956624560675
session_2026-08-27_20-21-05,120,0.2503063306833089,-0.0822417500566176,0.05604426732241628,0.053253770543790054,-0.2494005351971454,0.08162426239028672,-0.09212304988977149,-0.0067310250441174535,0.026610444668175273
session_2026-08-27_20-21-05,121,-0.2401246034712442,0.037239409455442095,0.35716493265425914,0.16896542115011884,-0.021417638760197314,0.07580674877148337,-0.011849050483135387,-0.05166550193573627,0.012888528361883011
session_2026-08-27_20-21-05,122,0.2944222687064644,0.11987443080968407,-0.16349368191803115,0.03320848305954199,0.27029327525897395,-0.0004225611363293162,0.0926405094560324,-0.023406806696327182,-0.019766404097079318
session_2026-08-27_20-21-05,123,0.1852745347945078,0.0750367396135676,0.7722671573970743,0.004418236229430401,-0.01835878263586214,0.050412109462849464,-0.01060209169407649,-0.003504473101768282,0.003223931007497955
session_2026-08-27_20-21-05,124,-0.24831831924219705,0.09835434813615082,0.20141369123947625,-0.03639868111189557,-0.11729706352807959,-0.006252527899504898,-0.03962273451858812,0.016091091131380467,0.0060013065007774105
session_2026-08-27_20-21-05,125,0.24301358318821015,-0.13217312369681533,0.7246011438890013,0.08987081967383086,-0.24604432194499473,-0.13463461352104494,-0.06930997592777309,-0.005653787304586951,0.019043312660222588
session_2026-08-27_20-21-05,126,0.2445942429933856,0.09133070722313208,0.5306145778446688,-0.0686946749262682,-0.1826665092045342,-0.1387240443923113,-0.05045618988756109,0.036200634249187395,0.006768499822112987
session_2026-08-27_20-21-05,127,-0.23222913183879315,-0.09223054148184229,-0.5217248807864849,-0.26027267203137855,0.060502583072416405,-0.022512377328754274,0.019891842560579086,0.07209607297819108,-0.020719928336048195
session_2026-08-27_20-21-05,128,-0.25763124086121125,0.07386810001486531,-0.16498546768072064,-0.11460553808250618,0.08018384455445082,0.03490686105077757,0.023115086114376012,0.02617664972996064,-0.012784124428005335
session_2026-08-27_20-21-05,129,0.3157682870037628,0.1259549874338578,-0.2457361134770849,-0.08352069838101774,0.10952137331257894,-0.03575299549710075,0.0394250509767106,0.020192439407798933,-0.013772469051851805
session_2026-08-27_20-21-05,130,-0.3133087650657761,-0.13040800702708102,0.13655088804338514,-0.09273901986605633,0.009632869438647013,-0.02817892890857015,0.004548632658987087,0.02725820214442675,-0.00622275260945099
session_2026-08-27_20-21-05,131,0.2747941288307766,0.001363594758786918,0.5105812452443232,0.03795574850463588,0.011184160891126076,-0.03209269072061939,0.007658935811681616,-0.009842377125227007,-0.0010393160686900027
session_2026-08-27_20-21-05,132,-0.26921869439351565,0.1093175283151203,0.14566808314613006,-0.003608624711876285,0.027931367252213277,0.012118867870373412,0.008185447767962154,-0.000325594319143491,-0.0018873847822972003
session_2026-08-27_20-21-05,133,0.040037818264812994,0.03368801497062879,0.9100995359838611,-0.04486403430571976,0.16995815643472834,0.10442140496099397,0.04737156342882145,-0.0015182012901196773,-0.013177934749356647
session_2026-08-27_20-21-05,134,0.17952790638025662,0.07124881128161428,0.8442186830720195,0.05418564533041541,0.14331117983862024,0.04750319662430106,0.045182508986300524,-0.026018083027273695,-0.009228504303230451
session_2026-08-27_20-21-05,135,0.34955129461499257,-0.04619677469463285,0.8179893718451035,-0.15278822427470742,-0.015914075940158038,0.035559958575605684,-0.01163557893653745,0.042396404116246636,-0.003815244624004624
session_2026-08-27_20-21-05,136,0.23026369139178793,-0.08565260223527549,1.4405826940435005,-0.17745783391300285,-0.05256804812988165,0.00018089600239650367,-0.02130315184396913,0.05355564876814167,-0.0024135950927314143
session_2026-08-27_20-21-05,137,-0.2474242405994547,-0.04576987958785893,0.48245495385361287,0.10271216370522743,0.00022152585633424755,-0.025292788773046283,0.004226506017393699,-0.02767345346384635,0.0031902110336001293
session_2026-08-27_20-21-05,138,0.28350199059298165,0.006455938477088391,0.4974723152683041,0.10274709539670114,0.00024691465136826384,-0.025150272987157166,0.004226506017393699,-0.02767345346384635,0.0031902110336001293
session_2026-08-27_20-21-05,139,0.0024916262966863147,0.12526308049011056,-0.6941989379304895,0.16648603931421005,-0.00691432410591153,-0.021916673399343806,0.002235093718609372,-0.04529880227831224,0.007764460936686416
session_2026-08-27_20-21-05,140,-0.32115893892259695,0.04332170204836494,0.2198150849382719,-0.011008829991079465,-0.049241599310186776,-0.02226697664492589,-0.013585855024850728,0.005517960465117345,-0.0005321810020317481
session_2026-08-27_20-21-05,141,-0.07896331075639883,0.014860014576546579,-0.9474850885675447,-0.20494126375902771,-0.049772868806981826,-0.04890654817744757,-0.014163120916297352,0.06111771687608548,-0.010760677221448871
session_2026-08-27_20-21-05,142,-0.11625658237100617,0.0035858740321740717,0.7174905451421838,-0.3665260095318965,0.09812259390559196,-0.016468100504755095,0.02845608828345896,0.09841782241803991,-0.023872392393372202
session_2026-08-27_20-21-05,143,-0.22423678114753082,0.12554243785195718,-0.6008775566394017,-0.19512189927924445,0.012875206533795189,0.04983072169153824,-0.003940049505298871,0.05094441413139787,-0.0063229528520918265
session_2026-08-27_20-21-05,144,0.20862242660232821,0.061848582867855884,0.8785459696249283,0.2565793268139078,-0.04596028324017578,-0.013288194398447483,-0.00961909579665162,-0.07127970708926712,0.014073548097104134
session_2026-08-27_20-21-05,145,-0.16084503711050316,-0.04181184696367779,-0.7105480694662125,0.05609706378707757,-0.10903846929843648,-0.05831217343324945,-0.031322522017856576,-0.007326364414011793,0.009456349636678225
session_2026-08-27_20-21-05,146,-0.3667147903153352,0.05587492863362181,-0.6118564539185992,-0.14550176692859357,-0.3279087546670807,-0.06233266913169987,-0.10928990050433038,0.06377242782713204,0.02028667879726506
session_2026-08-27_20-21-05,147,0.2635829650858643,0.0029762601610630324,0.6239574880957369,0.003190868350235532,-0.1292984589535449,-0.050467966144207226,-0.039603377157588195,0.008779868711247776,0.00862443622365794
session_2026-08-27_20-21-05,148,0.2787452197220849,0.007671126495217839,0.45510456974016394,-0.04247748174916454,-0.032508506345961724,-0.0493341158003447,-0.0070798686345871775,0.016482117609644846,-0.001437128752882689
session_2026-08-27_20-21-05,149,0.24368091475384085,-0.07758279238002554,0.08571702585761792,0.23175957521609017,0.03368985614923897,0.003125376180038745,0.01453346073540816,-0.06828217133655284,0.008913351041455088
session_2026-08-27_20-21-05,150,-0.2668776301598841,-0.08742024451683084,-0.6179457694414254,0.1280165793474584,0.005142953834313715,0.05295545852372559,-0.0017450037380377867,-0.04023960262758811,0.007904995033911262
session_2026-08-27_20-21-05,151,0.15882599541246406,-0.09489564012934382,0.9959714019146766,-0.11041255999387205,-0.08767683042682697,-0.0021816811477811406,-0.03134024528433856,0.03582404507633002,0.0018543986387393298
session_2026-08-27_20-21-05,152,-0.06258927956364241,-0.08820695490486893,-0.7118585287215095,-0.12171482841401166,-0.07797995677264107,-0.02652248281516765,-0.025369120785875252,0.040075131238555814,-0.001498914402871004
session_2026-08-27_20-21-05,153,0.1103270713953281,0.10415591962931192,0.8241141961330964,-0.12141346712887116,-0.09862039561942951,-0.0401211306860714,-0.03130406983446181,0.041969003494921386,-0.0002433816337825559
session_2026-08-27_20-21-05,154,-0.38407163218073165,-0.0847089331457755,-0.0895059745652659,0.0037104366198427597,-0.00039101206986002975,0.007322040233204248,-0.000785593914257914,-0.0014738800730725288,0.00044859072297853805
session_2026-08-27_20-21-05,155,-0.29571686284037924,-0.12019992835393352,0.03832848633883656,-0.005771156788769992,0.00909546657241187,0.0003111960246502894,0.0027215253954010698,0.0011768500137508831,-0.0008090938686970636
session_2026-08-27_20-21-05,156,-0.11284209225438348,-0.10007735515173709,-0.6704754818121508,-0.005770578615480939,0.00909576499693784,0.0003131890470950576,0.0027215253954010698,0.0011768500137508831,-0.0008090938686970636
session_2026-08-27_20-21-05,157,-0.12939055116636525,0.00775081034966537,0.637393489162677,-0.005769976427916854,0.009096075355219488,0.0003152633337995175,0.0027215253954010698,0.0011768500137508831,-0.0008090938686970636
session_2026-08-27_20-21-05,158,-0.07622727267541891,-0.09548825713767588,-0.5784312095120073,0.006596347090287059,-0.01719626526921499,-0.03724496469991381,-0.0023165850362341298,0.0008648169975665697,0.00017298906045049955
session_2026-08-27_20-21-05,159,-0.01512484411262893,0.12120293973005294,0.628891402417592,-0.024359172475903686,-0.024423702720267566,-0.008927597980375828,-0.00748148515102501,0.00834049615301868,1.1926053325759648e-05
session_2026-08-27_20-21-05,160,0.23733420474353256,0.1087973129707876,0.6231122829913016,-0.13076347391411183,-0.016058296435734355,-0.04761247156967271,-0.0032341856716528897,0.0408055743019688,-0.00574902658163246
session_2026-08-27_20-21-05,161,-0.3129574008267725,-0.08098383120676028,0.06728985152438993,0.005742225250928514,-0.08576959716393008,-0.04668704130215305,-0.02421795217112666,0.0059830961823149915,0.005109876013628083
session_2026-08-27_20-21-05,162,0.3084199067050269,0.08248513151167883,0.5863981508211709,0.01255378461647604,-0.019516845809025206,0.020773379298416217,-0.008303818000436638,-0.0035880094380050104,0.0026046753833949923
session_2026-08-27_20-21-05,163,0.2962865155396162,-0.03782202764192927,-0.39804618275414805,-0.11565009985275873,0.03693146514553146,0.011628530547778916,0.009056904002310484,0.03014272634628595,-0.007082834373393138
session_2026-08-27_20-21-05,164,-0.302983810989131,-0.05105392969020153,-0.5796769787113281,-0.12116322876220204,-0.11115824219971572,0.006051820154133061,-0.04069864747574164,0.04009894445716125,0.004698579613335567
session_2026-08-27_20-21-05,165,0.21635019777892828,-0.09530516176032122,0.9574178032521861,-0.012948058059985593,-0.1741136961920946,-0.023152886257790238,-0.05762888331517992,0.014560473271988006,0.013617461898522535
session_2026-08-27_20-21-05,166,-0.24617219315417233,0.08016130672084318,-0.03942133259712357,-0.01295183553248083,-0.17410570056067784,-0.02321082807396385,-0.05762888331517992,0.014560473271988006,0.013617461898522535
session_2026-08-27_20-21-05,167,-0.07195357806786673,-0.04399444133654615,-0.8253502735392746,0.04072615244630199,0.12450042878397496,-0.03344982884570565,0.04625895535861068,-0.015608997609130969,-0.010329023945752393
session_2026-08-27_20-21-05,168,-0.2819507034765987,-0.015506901520927624,-0.5489494636247956,0.11589362633464295,0.2758011579644613,-0.010210828053809334,0.09686129019902508,-0.046411339215077445,-0.019226331446088093
session_2026-08-27_20-21-05,169,0.12475946601798654,0.06459038501259473,0.9011704816367622,-0.07208514319958555,0.20048664254310503,0.005809335609642885,0.06618540488666491,0.009332421658969157,-0.02061760691447323
session_2026-08-27_20-21-05,170,-0.24689759341648826,-0.067077781088491,-1.0439793653656275,-0.08519222090250955,0.04051463865667076,0.026598024672479507,0.009688440960726996,0.020164784515814244,-0.006842416724571773
session_2026-08-27_20-21-05,171,0.2257609403183526,0.0825134498178928,0.5222870171350946,-0.1985500322978316,0.04614370851423506,0.09078889164717845,0.003997396420794997,0.05052297594547307,-0.009384431325235833
session_2026-08-27_20-21-05,172,-0.18440465136411657,0.13548346781787135,-0.8509490622041191,-0.29794450726720295,-0.16678220596985935,0.036033845597492245,-0.06410346656046516,0.09282041749139328,0.002751975389784206
session_2026-08-27_20-21-05,173,0.1964546474701359,0.10017589018373119,0.43610761253871555,-0.27209294575536486,-0.14518621629433015,0.026679900924208636,-0.05619408322493437,0.08275402160892152,0.001159466799994367
session_2026-08-27_20-21-05,174,-0.28771893180466096,-0.06438889276621043,-0.6960290355638072,-0.3460772784643834,0.0797093614485809,0.061553278039140714,0.015873472622458685,0.0906921044666682,-0.0196400609131387
session_2026-08-27_20-21-05,175,0.24067951757267386,0.04119582185190036,-0.3700657009336498,-0.2947706047262504,-0.08563473803423695,0.021905287443193845,-0.03560893836647662,0.08763966284964819,-0.006398567464191224
session_2026-08-27_20-21-05,176,-0.31627059033810545,-0.14628056649969617,-0.03206692219428413,-0.10010322785028508,-0.09020205240757526,-0.0733541831126884,-0.025073158098148165,0.03787773789418761,-4.4607205976626565e-05
session_2026-08-27_20-21-05,177,-0.26842365886829006,-0.03720384812345398,0.5448178726396942,-0.11291214495837558,0.047082676929998256,-0.04783267876321594,0.01875856290923276,0.032999204953800036,-0.010478206592147326
session_2026-08-27_20-21-05,178,0.045548932747245745,-0.008246158026454009,1.2641178382415377,-0.12965340477497703,0.1847631155511097,0.10249246561796602,0.04978307605307372,0.022987267841706155,-0.013709300385402943
session_2026-08-27_20-21-05,179,0.1356064084968562,0.09118266654662355,1.1096925817184389,0.06789024725529558,0.12413810660292031,0.06004212779452361,0.03649729380708638,-0.028124635773850996,-0.0019920476399048156
session_2026-08-27_20-21-05,180,-0.2188902921571686,-0.14258639031010886,0.5089310831776546,0.06056926548534867,-0.05390146721234676,-0.0647139957186436,-0.01112655230348149,-0.01086711340914761,0.004475499473897846
session_2026-08-27_20-21-05,181,-0.2680902762400008,0.1489675019115102,-0.7118597290970835,0.1439016769902117,-0.08536014302102402,-0.10466890997557886,-0.01667587552990923,-0.03018456189508154,0.008941445626477407
session_2026-08-27_20-21-05,182,-0.21256068667397604,-0.07673775209210548,-0.6363784922214203,0.20220815679091514,0.10903943184898139,-0.08377949080973475,0.04864373669273419,-0.0584514518157358,-0.004611173608850652
session_2026-08-27_20-21-05,183,0.29337215598092037,-0.10210145225414502,1.2914758765722267,-0.16516074869108968,-0.10508958074465977,0.01586881042723884,-0.0396722671357008,0.05108949058396275,0.001089042219230542
session_2026-08-27_20-21-05,184,-0.21055927260318127,-0.0769275276668566,-0.8548880774473253,-0.22530944068844597,-0.06557814569976168,0.07817633689844357,-0.03337443415476615,0.06267618512249516,-0.0017012973819375515
session_2026-08-27_20-21-05,185,0.2069778415015309,-0.11697074988137013,0.8640618909994104,0.16672243571855533,0.01529796293543292,-0.053042524622345745,0.013280261762741425,-0.044376069220162746,0.003756979573531078
session_2026-08-27_20-21-05,186,-0.24401460289664204,0.110189523696546,0.2749849043507033,0.2678120998213391,-0.022702392058322154,-0.10430097462541954,0.007290987202807702,-0.06883277720702387,0.00949246482036638
session_2026-08-27_20-21-05,187,-0.2728802151204371,0.08144748150746073,-1.2502428193839659,0.09030289229050761,0.1518468233600008,0.018777114911775937,0.05161584549332091,-0.03490618600510175,-0.007329098175158152
session_2026-08-27_20-21-05,188,-0.10800872693969171,0.025968020815933857,-0.951791265099545,-0.10991252519256065,0.11822916378213712,-0.0018499894077620349,0.038363914969510936,0.025680473748843125,-0.013768354127415883
session_2026-08-27_20-21-05,189,0.1985272659050582,-0.037032035761631,1.0125072971678097,-0.19164608401452277,0.1470925205770472,-0.05816069000242959,0.052496368626921225,0.0506083861938173,-0.02199152902626555
session_2026-08-27_20-23-38,0,0.25149314656531024,-0.03249849913659408,0.5412191117480122,-0.03296202298730139,0.09220023964191901,0.005555029576818752,0.0466417950424991,0.024267118234161833,-0.04528647677639581
session_2026-08-27_20-23-38,1,-0.11766100429847184,-0.09347029844734706,-0.6384493673744577,-0.033142783875976224,0.09213386019474103,0.005580787185357761,0.0466417950424991,0.024267118234161833,-0.04528647677639581
session_2026-08-27_20-23-38,2,0.2415890601037783,0.09509395421042072,0.504293579309375,-0.03316027122320213,0.0921274172566826,0.0055832701044084415,0.0466417950424991,0.024267118234161833,-0.04528647677639581
session_2026-08-27_20-23-38,3,0.18924617351170167,0.008947295210180228,1.1391854715899257,-0.03318358613240093,0.0921188214256495,0.005586577985210259,0.0466417950424991,0.024267118234161833,-0.04528647677639581
session_2026-08-27_20-23-38,4,-0.27383446628095653,0.055151916518238975,0.19683925805103353,-0.033206899264214954,0.09211021959870404,0.005589882805283976,0.0466417950424991,0.024267118234161833,-0.04528647677639581
session_2026-08-27_20-23-38,5,0.053327182119601975,0.08801739956979257,0.8614764036076401,-0.03323021061684572,0.09210161177650977,0.005593184564374645,0.0466417950424991,0.024267118234161833,-0.04528647677639581
session_2026-08-27_20-23-38,6,-0.08515047596744117,-0.03340721258997098,-1.3281087155675309,-0.033253520188494944,0.09209299795973076,0.005596483262227558,0.0466417950424991,0.024267118234161833,-0.04528647677639581
session_2026-08-27_20-23-38,7,-0.2451058682415055,-0.004961066503757161,-0.9033693436391853,-0.03328265464581175,0.09208222225988458,0.005600602329290456,0.0466417950424991,0.024267118234161833,-0.04528647677639581
session_2026-08-27_20-23-38,8,-0.02875332946670057,-0.12413351484047416,-0.6731366432715898,-0.03336421627705139,0.09205200048691357,0.005612110264188526,0.0466417950424991,0.024267118234161833,-0.04528647677639581
session_2026-08-27_20-23-38,9,0.19417783103978353,-0.05082661030336294,0.5750474729245382,-0.03395778380730562,0.09182960001774446,0.005694820674908902,0.0466417950424991,0.024267118234161833,-0.04528647677639581
session_2026-08-27_20-23-38,10,0.14709142351832025,0.05067937612886193,0.7010069251143418,-0.03453855327692533,0.09160778945059604,0.005773971991122366,0.0466417950424991,0.024267118234161833,-0.04528647677639581
session_2026-08-27_20-23-38,11,-0.0806647352588541,-0.07137715183252413,-1.166032818022357,-0.03341924019032369,0.19697198130623061,0.0269509277131653,0.09539670891763939,0.01889901108413592,-0.002523838711171545
session_2026-08-27_20-23-38,12,-0.2555620300274055,0.08522601524671593,-0.0986512738733986,-0.1979079026522519,0.09238602942180558,0.021477196993647682,0.021843376203605405,0.0575011910141128,0.002731937745229129
session_2026-08-27_20-23-38,13,-0.050735530487463036,-0.07903221559710372,-0.9353706127138679,-0.19796340768053075,0.0924513904546636,0.02066920360718291,0.021843376203605405,0.0575011910141128,0.002731937745229129
session_2026-08-27_20-23-38,14,-0.2555021756723697,-0.08859387255781562,0.24120899839578097,-0.11628542956746203,-0.0798752015941779,-0.0353270647557828,-0.026463740953553958,0.04182002527044746,0.0014323340756429383
session_2026-08-27_20-23-38,15,0.1410195541019559,0.10770021055798401,0.7505630037755394,0.11707776935900018,-0.01623954742311132,-0.020960879338746605,0.003148332318010089,-0.03582583148100583,-0.007291131344569092
session_2026-08-27_20-23-38,16,-0.21429184747777594,-0.028738431625571242,-0.8492798973797092,0.03988427158960161,0.0808309598265486,-0.023715119449026583,0.03071662184860553,-0.013204180775662109,-0.0029621749610381125
session_2026-08-27_20-23-38,17,-0.1039594277587091,-0.053104748503834176,-0.904750173999864,-0.12548490377475005,0.055355138413479596,0.021343720563979485,0.011527037682869492,0.036089566865057446,0.0030694432344695512
session_2026-08-27_20-23-38,18,0.13164745895079188,0.07338281733121621,1.1055377886254305,-0.07087513456781147,0.028904175162230882,0.020072555890827827,0.006029978383195112,0.018790456324588763,-0.000740983312461017
session_2026-08-27_20-23-38,19,-0.15636650596093982,-0.07096104432579528,-0.5955753220076734,-0.08330421446414449,0.019140550773181,0.0627054769855781,-0.001240850389835256,0.019457413591693277,0.00037946086306172623
session_2026-08-27_20-23-38,20,-0.1671326909559042,0.12502782156576375,-0.8729992196716492,-0.09256345660441821,0.07592399454112528,0.005178448507464,0.021192796202210772,0.02669096141821126,0.0014062937120920584
session_2026-08-27_20-23-38,21,-0.24680694632335667,-0.0760688082984669,-0.46233040078808846,0.052165075152349236,-0.011645668574874637,-0.03761987088474642,0.0012396493794772036,-0.012127161362182844,-0.0006441896180239626
session_2026-08-27_20-23-38,22,0.29966016371604154,0.022570148002014234,0.7163702710612777,0.09481929162644875,-0.06195434436433521,0.004716368654913686,-0.017329672738874362,-0.028209554942636283,-0.0007855097926737105
session_2026-08-27_20-23-38,23,0.27914878613496374,0.02496549655148289,0.6884562746093016,0.0803350898722977,0.019586632296651023,-0.03274038853419365,0.012284784383126857,-0.023128482001514995,-0.002545743995774135
session_2026-08-27_20-23-38,24,-0.03967987309316149,0.08974202829344138,1.0149870784664794,0.09867688662525147,-0.08511878993072654,-0.07797504569640025,-0.01859003546711081,-0.020303070946471616,0.00015510259606668728
session_2026-08-27_20-23-38,25,-0.21544668460214467,0.08620895296089998,-0.4289160625001831,-0.057619855209846214,-0.08511769475085007,-0.07771804663462217,-0.025699270143161215,0.030527639203080006,0.007234766277145351
session_2026-08-27_20-23-38,26,-0.2762173988453624,0.057718457915736605,-0.051477634151603904,0.015211220074563077,-0.017433335053031206,-0.058846694897987745,-0.0027299166331287133,0.003943159940319687,0.006570130258371235
session_2026-08-27_20-23-38,27,0.23038486055523416,0.11344031174031749,0.6467446941159787,0.036141216309050476,0.05132285203929187,0.06103735813459604,0.013252539367670901,-0.01928005186291791,-0.0013230939298540573
session_2026-08-27_20-23-38,28,0.21634895824238512,-0.0973933146178051,-0.3800341341814788,0.07883856520202519,0.08094597216732292,0.0386081665857625,0.02663446415755196,-0.03205428727889728,-0.0034267274650205434
session_2026-08-27_20-23-38,29,0.11167159620069299,0.06972264802321253,0.6436480916035096,-0.0907741044993336,0.013846513318114073,-0.045707816508183924,0.005287854411801877,0.03179288507167051,0.0008512917647407435
session_2026-08-27_20-23-38,30,-0.1767113292703747,-0.044449349173137365,-0.9069233580710678,-0.21169558754538653,0.011640209177964989,0.012032528074089853,-0.0047068028659831545,0.06530578615086802,0.004323198588162698
session_2026-08-27_20-23-38,31,-0.17816421769046661,0.11158257417107117,0.32076860758346465,-0.02688591592989359,-0.014722601560792043,0.04894529319652162,-0.009944777623273483,0.004257598025514989,0.0012318479134322041
session_2026-08-27_20-23-38,32,-0.2653048734469647,-0.08955296218529915,0.28112383182071293,0.045256131690366075,-0.02073546954403398,0.004519967092724112,-0.005453656939191816,-0.014088535016096575,-0.0008764755875060034
session_2026-08-27_20-23-38,33,0.11916562222838181,0.005225684654889998,-0.6804107248448601,0.14899960637211998,-0.05071169225140249,-0.041765648097806723,-0.007582486803583023,-0.039898988942141694,-0.0020810481012351217
session_2026-08-27_20-23-38,34,0.23417042716470404,0.09286232371156711,0.4960312701235127,0.0818948930912021,-0.08503236897506782,-0.12656732027567139,-0.01540116730090008,-0.00875787752078373,0.0021288597884904672
session_2026-08-27_20-23-38,35,0.3362188596894067,0.03458691371179487,0.42080939519084926,-0.07194738087195203,-0.036472932344343754,-0.06718890494620962,-0.009833536393505576,0.03059204131441693,0.004025987611657908
session_2026-08-27_20-23-38,36,-0.29932838749415797,-0.09751622095860274,-0.6967818674804666,0.10366186291594279,-0.06686836802032313,-0.04796408047262502,-0.01536232718721262,-0.02554292897449948,0.0021058611531616996
session_2026-08-27_20-23-38,37,-0.3268523784244722,-0.11673918527109242,0.2084812350704946,0.1443467838438718,-0.025132841960936892,-0.011440484923604905,-0.0028885100884299265,-0.04321829035453806,0.00010511010399852839
session_2026-08-27_20-23-38,38,-0.2150757291586805,-0.05142745565985188,-0.879305811417071,0.15039556475800858,0.060168225244745945,0.037399120455407234,0.0225024244640827,-0.052637083610826876,-0.0044497338617063035
session_2026-08-27_20-23-38,39,-0.13421781395116636,-0.08965224091193003,-0.520591874489845,0.2173007368476831,0.07168262685118237,0.0022045351510127046,0.03186403238002372,-0.07103701250418035,-0.007257560881925581
session_2026-08-27_20-23-38,40,-0.29655965290384956,-0.10745924206198584,0.035487552818200145,0.13449545247942338,0.02419138337432709,0.010221500625058725,0.011448388983524432,-0.04361403752680992,-0.0014441864968409055
session_2026-08-27_20-23-38,41,-0.1179159867635102,-0.02814943206889156,-0.8368938991063091,0.0704655192476108,-0.01797815660122254,0.0012163350306767396,-0.0038682276460896775,-0.021201191195675675,0.00033834208182022046
session_2026-08-27_20-23-38,42,-0.2658450085320416,0.0814426250748786,0.04354710081998316,-0.007984282496581376,0.004542134171093402,-0.015413559808678161,0.0031792134241048096,0.003316919162558815,-0.0015774287111197801
session_2026-08-27_20-23-38,43,-0.28950654396692765,-0.09462807678900695,0.00614679938580151,-0.07068615556042346,-0.005557439610413896,-0.026254608189657757,-0.0007987908312145084,0.02328221300273076,-0.0022302925890795755
session_2026-08-27_20-23-38,44,0.25794860079581317,-0.06235808093519883,-0.066995296114764,-0.010307997301877909,0.0847992049552054,0.04724226758886867,0.02599289905186561,-0.006649244133604609,-0.006696073445380904
session_2026-08-27_20-23-38,45,0.049058216479635694,-0.08582964416704719,-0.8803656202537642,-0.02251459309787665,0.11580810583397341,0.0947046781687197,0.0304299394175129,-0.006882593253222351,-0.0027384007465915765
session_2026-08-27_20-23-38,46,0.27021546036569555,0.09777671696863893,0.6476972906620859,0.13922455080978072,0.021090127880661818,0.10750993683931338,0.004276506178011584,-0.05647293588288293,-0.005822332264747161
session_2026-08-27_20-23-38,47,-0.27863714382737004,-0.10134950462433134,-0.6335605804731409,0.11290169324542387,0.03487340906092635,0.04493291025818001,0.012525814555232967,-0.041953453964697844,-0.004736215141805076
session_2026-08-27_20-23-38,48,-0.03585988042356155,0.10161289924107808,0.9692294677945935,-0.14017216750373815,0.033688943951825645,-0.03369186266278618,0.008173477645358768,0.04724010329105885,0.004212766114322599
session_2026-08-27_20-23-38,49,0.2618668201797836,-0.08757727673158702,0.11578582537444763,-0.0962795861067958,-0.04238466687108461,-0.0672375995201683,-0.012818265043657254,0.03927422216896152,0.004909405971561782
session_2026-08-27_20-23-38,50,0.2377169936501668,0.0021019051396434785,-0.675945912954158,-0.12651769877929758,0.011585340330006952,-0.01308091115911028,-0.0003955363327252507,0.04136058386772287,0.003680752641489847
session_2026-08-27_20-23-38,51,0.07411929427649977,0.06758779767780485,0.8022010052155033,-0.05475584595995398,0.04279128081330742,0.01909831185940942,0.010469911907242318,0.013890820017371379,0.00046563369653209293
session_2026-08-27_20-23-38,52,0.029342217618562174,-0.08118626214868391,-1.0769482356730047,-0.001739836027931617,-0.08424994045589262,-0.017778332870627665,-0.025427354659220785,0.004683904473826539,-5.680392244970644e-05
session_2026-08-27_20-23-38,53,0.2799380923768027,-0.009923400982369879,0.515954182243759,0.041409837282752104,-0.17502134044304696,-0.05908710445897128,-0.05063495687039094,-0.0016659146657387399,0.0011030800032963428
session_2026-08-27_20-23-38,54,-0.30677945728266925,-0.003983704598071958,-0.6305905429915513,0.04473093923362403,-0.0524835630482518,-0.029083164492351325,-0.014473561293238114,-0.008855619124710275,0.0015986010774218396
session_2026-08-27_20-23-38,55,-0.29457920274074295,-0.1013307366666452,0.12900751789293466,-0.11551355023221116,0.11504678561185319,-0.01312556209617858,0.03452197084134047,0.0333666507527336,-0.0002205548670699923
session_2026-08-27_20-23-38,56,0.0776220818748027,0.07306093395706542,0.8470320899239991,-0.16756719320998573,-0.032826519885633836,-0.026912347543063857,-0.015268556056199034,0.056290381946206274,0.005152663662611089
session_2026-08-27_20-23-38,57,-0.020795738947729382,-0.10445557430011129,-0.9674540424450068,-0.09035202416773601,-0.044423695459269094,0.00827463554585722,-0.01950551113353181,0.029469829903550383,0.004771512998729425
session_2026-08-27_20-23-38,58,-0.2651331918721886,0.07706003076335698,-0.19211768393847095,-0.042843108204015476,0.08619709330233334,0.022893054612187637,0.023940951339898667,0.009345445769182562,0.002203788011633774
session_2026-08-27_20-23-38,59,0.1745196008631354,0.0914135863123926,1.0150274633191796,-0.029574404775713,0.03769357498641932,0.0013382028670197214,0.009879205921445627,0.009289432360790885,0.003687574881900398
session_2026-08-27_20-23-38,60,-0.29623677721930225,-0.010057010279127143,-0.4522261359244189,-0.04805348652415634,-0.025705320470749384,-0.016401014690769624,-0.008309482233445813,0.01738675730851839,0.00030505412769074185
session_2026-08-27_20-23-38,61,-0.07860740454196133,0.07560666132681937,-0.9218652636788454,-0.0691503215583103,0.014649831521379069,0.03978999273148059,-7.532976868750565e-05,0.01664117104437658,-0.0008883983748347333
session_2026-08-27_20-23-38,62,0.23398203799740783,0.007483831167877764,0.7813916254187975,-0.07832942032498183,0.0028719748761264234,-0.009913644197099449,-0.0016833569293493644,0.02581784182393924,0.0026385319941317907
session_2026-08-27_20-23-38,63,0.2789116039935341,0.06944901888468152,0.8761707660609197,0.013731349373337481,-0.1009273337215124,-0.0307087378030756,-0.03180617513548351,0.0036039510131485567,0.00607818314164875
session_2026-08-27_20-23-38,64,0.20154096900064997,0.08180721181533324,0.6522657485268216,0.007827031004561993,-0.06590850745383611,-0.006588595476144218,-0.021095446240389223,0.000453232606622066,0.0020040579734953243
session_2026-08-27_20-23-38,65,-0.27718917917493824,-0.004174936203357571,-0.736623442001976,-0.15967804105501807,0.024014888773878765,0.045354101614865416,-0.0012217881863996604,0.044046190788060754,0.0018023500826175327
session_2026-08-27_20-23-38,66,-0.20679215602720064,-0.0203698748115273,-1.463815384518957,-0.04129204642831027,0.02138359136749531,-0.0006129992072555773,0.005553563860715955,0.011452862074821693,0.00033796988901927825
session_2026-08-27_20-23-38,67,-0.24302577972920486,-0.04998324077476897,0.4126285577045241,0.0651715274500939,0.036393096906474395,-0.01837893638390909,0.01621966735906803,-0.020521247775801686,-0.003069877001456444
session_2026-08-27_20-23-38,68,0.0797657179588033,0.10265814903530623,0.7056882900699581,0.04135426802141941,-0.009228362557279152,0.021341299532738958,-0.003329925057038452,-0.01492125584005464,-0.0007026147217506088
session_2026-08-27_20-23-38,69,0.30143700511815363,-0.02095532561356528,0.5447708570589227,0.07872175642723482,-0.08232548335245275,-0.003091822169306889,-0.024031957882119866,-0.022080761055966243,-0.0006799461070312816
session_2026-08-27_20-23-38,70,0.07231383999510667,0.03246029603842576,0.867643629422014,0.013170585332075284,-0.022412271356037367,-0.08856623459629183,0.00010678230441848461,0.0053112930604467075,0.000547959453942376
session_2026-08-27_20-23-38,71,-0.2331343185715394,0.002269878807805825,-0.967287935405089,-0.0682195699442103,0.0006562821761167865,-0.04536108523106777,0.0009541119569242137,0.02678981763916041,0.0030345939544854576
session_2026-08-27_20-23-38,72,-0.2233251810398337,-0.08766822354785117,-0.5662806099661101,-0.06050515390220457,0.021488196997649988,0.11510613821608039,-0.00451059580231821,0.0074907303101173885,0.0008501924062722523
session_2026-08-27_20-23-38,73,0.3180057787521784,0.1270630498089267,-0.32872268800612775,0.017143622715971252,0.03393540291185024,-0.029505814458677802,0.014374168330994615,-0.0038061999483587185,-0.001422141295867507
session_2026-08-27_20-23-38,74,-0.018024973806782457,-0.11257060839806698,-0.7457246274762174,0.051541465277170975,-0.05079984133630175,-0.06592665437502589,-0.009653828209694109,-0.008180033087128263,-0.00010841213974038415
session_2026-08-27_20-23-38,75,-0.028518538360655273,-0.11887730791143544,-0.6953069687295338,0.05154281819598765,-0.0508031531140362,-0.06592304457382513,-0.009653828209694109,-0.008180033087128263,-0.00010841213974038415
session_2026-08-27_20-23-38,76,-0.02001239909601501,0.09568778745289863,0.9248219452174418,-0.02305965934554824,-0.07105410238508418,0.021093850192649945,-0.025672709000624912,0.00778871048668215,0.0009422466092239749
session_2026-08-27_20-23-38,77,0.2824428071809735,-0.12952265979073288,-0.3132561267409754,-0.08275396187161166,-0.17875993472552995,-0.04766646043076083,-0.05828836725433427,0.037782377298741225,0.005928639519580481
session_2026-08-27_20-23-38,78,-0.26001298577225584,0.07169239698639122,0.0018450573462463825,-0.13365228046545283,-0.01752480267550422,0.030327965611393445,-0.013832525933070916,0.0407652450240128,0.005238513785015717
session_2026-08-27_20-23-38,79,-0.2896108554303421,-0.0876391385114712,0.024433944206576803,0.05259091185109317,0.027161975937826943,0.021651677039661997,0.008551930380454946,-0.01972532408862284,-0.0005362886011943895
session_2026-08-27_20-23-38,80,-0.1453648857064208,-0.10038349179630796,-0.9766567834876714,-0.08665239593738969,-0.10290062456064347,-0.03129397365564884,-0.0357164773273248,0.03363568373218651,0.005911875066595564
session_2026-08-27_20-23-38,81,-0.24342287546357316,-0.014335289454212391,-0.8338482969723808,-0.004237464685045284,-0.02497339801826792,0.019988220422468072,-0.010153201361723598,-0.001078688825778908,0.00040136035628379545
session_2026-08-27_20-23-38,82,-0.21248777948175981,0.09379166609828732,-0.4661875324586125,0.2250392979964736,0.09096789805185469,0.035796310866322234,0.03726346835152938,-0.07960154363869922,-0.010521071541986138
session_2026-08-27_20-23-38,83,-0.23832668427019857,-0.03760405555742259,0.39251828911169,0.16950335132299071,0.01929733612402001,0.008360034919205894,0.012834492995552626,-0.05684982043509796,-0.00669720212174229
session_2026-08-27_20-23-38,84,0.24368203252159376,0.0920974858017767,-0.11777769144564035,0.3316519397421258,-0.011859037200976141,0.0040607122528549386,0.008620493488431693,-0.10462028663323421,-0.007513913033818745
session_2026-08-27_20-23-38,85,-0.06949911098123067,-0.09694049465468468,-0.9846314273443739,0.14375227045440975,-0.05518868752607297,-0.022800016825461563,-0.01140516716793301,-0.03983075838165593,0.00024595999558218594
session_2026-08-27_20-23-38,86,-0.3047096555931624,-0.048730451470166525,-0.5916193941413862,-0.03278219039182074,-0.02924447951611135,-0.03696401588273841,-0.009743398575691951,0.016382251320818286,0.0069182668377412646
session_2026-08-27_20-23-38,87,-0.28083842490291755,-0.011167033775440594,-0.7895757568009456,0.1283192896555853,-0.03867024384491478,-0.03208831921413619,-0.006236502034734065,-0.03437762316125141,0.0010640798305334694
session_2026-08-27_20-23-38,88,0.23335684941138393,0.07450045266313815,0.496039744406705,-0.023072877666930867,-0.08128072508568407,-0.09313627943367524,-0.019956992939245615,0.020169726945834708,0.0026707252598712062
session_2026-08-27_20-23-38,89,0.2378588232776523,0.09259858540390814,0.5035657431141322,-0.12750976321779844,-0.04190568799453482,-0.08385104917002587,-0.012415830457317107,0.05047079042300257,0.005755969027317657
session_2026-08-27_20-23-38,90,-0.035162697356980126,0.10697503238533562,0.9992439245722179,-0.034158525504783245,-0.018393997164910556,-0.01772083691345585,-0.006445870529653567,0.013430131248725797,0.002349288322726786
session_2026-08-27_20-23-38,91,-0.23406892538301372,-0.13023217989556532,-0.45322601379714744,-0.016285009232452737,-0.0009569923195929264,-0.01631674040966543,-8.44618965641672e-05,0.007166832998260315,0.0014157040418401783
session_2026-08-27_20-23-38,92,-0.26457395871180867,0.0827071335843831,0.06105617410381336,-0.03997492293218488,0.008904827030160312,0.019878697985388383,-0.00018783903812632455,0.010360418399703001,0.0008023974118403514
session_2026-08-27_20-23-38,93,0.20300302896286637,-0.0627221460598727,0.5868088374165995,-0.11076081983035574,0.035537724752199046,0.07188988933114276,0.0017925971569619503,0.02701097323804305,0.0021379029010475704
session_2026-08-27_20-23-38,94,-0.314869602559343,-0.07177903779523781,-0.5892412370452189,0.06313475488567354,0.043356512061026566,-0.03929122187312867,0.0206132128574802,-0.017666275674327228,-0.00411366239766211
session_2026-08-27_20-23-38,95,0.21636007258164375,-0.05299274785211037,-0.18894251187182462,0.2000329831193055,-0.0295369918686046,-0.07205614135077536,0.004567979932346738,-0.05556362957624632,-0.006896832917180059
session_2026-08-27_20-23-38,96,-0.0338340926316121,0.0931741146041592,0.9385301899685398,-0.05288838991744644,-0.033607392529614144,0.04201587627647875,-0.016446877668108532,0.013587791116081755,0.001669641618823193
session_2026-08-27_20-23-38,97,-0.2258599671992606,-0.1229298476825951,-0.48528649483000375,-0.13851186677872313,0.08299988600023724,0.06325460777798204,0.017150866307793593,0.0341116585767809,0.00104195652811852
session_2026-08-27_20-23-38,98,0.02504905727475774,0.08611027269558391,0.9821649586420952,-0.15391203675174658,0.00329096493336299,-0.018122648284415777,-0.0006445156765149284,0.04756587887521419,-0.003961747931049592
session_2026-08-27_20-23-38,99,-0.19769222155871052,0.08413129441260281,-0.921450369891113,-0.05348616950780139,0.0002365287575539,0.032722778225175574,-0.0010474922730511259,0.01054035510589335,-0.007800385188977567
session_2026-08-27_20-23-38,100,-0.2589425874655441,0.0762084750185472,0.010931329927864495,0.011829447927929747,-0.006276319494458179,0.02569663395385867,0.0005031396950990916,-0.00984186000427852,-0.010834410806534711
session_2026-08-27_20-23-38,101,0.2584493933429852,-0.07572673856580064,0.018021575220670702,-0.07238255193687905,-0.08763415927874442,-0.046585406572045,-0.0248625317332081,0.02760981848298202,-0.004465743477117215
session_2026-08-27_20-23-38,102,-0.22188808420518955,-0.06521243209756189,-1.2374123638172485,-0.06963934374922709,-0.046955154565678614,-0.040236663749931505,-0.013884829490209392,0.026438334819586403,0.0001255131325363726
session_2026-08-27_20-23-38,103,-0.18043756555589543,-0.06832233797221204,-1.146196910593683,-0.07294532158385254,-0.04402542528720625,-0.005761061189832738,-0.014766247048460622,0.023261241935161953,-0.0017013607041834256
session_2026-08-27_20-23-38,104,-0.23791549480517798,-0.0048781467405979995,-0.921947808626876,0.001760263200621461,-0.06955407530707543,-0.038518020654421434,-0.01883682775985983,0.004839696994736191,0.00015053403778019555
session_2026-08-27_20-23-38,105,0.23932189178102053,0.08329889672166316,0.4149235870855195,-0.07254949588230658,0.0011719445415570716,-0.02860763257458086,-0.0001697579041104898,0.025069416669198433,0.0018137269060465031
session_2026-08-27_20-23-38,106,-0.05286213425368919,0.015297864222070912,-0.9376024528770408,-0.06356496215986407,0.09956927331151556,0.0759413389722087,0.022663178906109492,0.009974679738391851,0.0034082096357985116
session_2026-08-27_20-23-38,107,-0.24622853305287878,-0.09421692132900071,0.1108046099673128,0.051370181538928465,0.015659413988655294,0.0029186718954975458,0.005066250729565441,-0.015277006836945217,0.002810385407536878
session_2026-08-27_20-23-38,108,-0.23750294635326133,-0.0015641450718391625,-0.8384550241330779,0.048229359847427676,-0.06490267950325666,-0.03841027232777428,-0.016873643693988517,-0.00848247569834672,0.001311675902429448
session_2026-08-27_20-23-38,109,-0.2363728937237048,-0.0849227454429893,-0.5339025352725961,0.013507949629900649,0.033344491505218704,0.012593118108740205,0.008599028812370763,-0.0053979807072982115,0.0037031208174558845
session_2026-08-27_20-23-38,110,-0.2185628316539488,-0.07013754355386786,-0.6342744372987789,-0.07464487102949574,-0.02882853075945747,-0.011345794296519066,-0.011093223168929621,0.024882733346586083,0.0009304510223802074
session_2026-08-27_20-23-38,111,0.1723802558476891,0.07767787603947587,0.9524029479366014,0.02513182710457261,-0.09018894925206257,-0.02026589913535451,-0.024966953569568823,-0.004517508050255025,-0.004824651219671062
session_2026-08-27_20-23-38,112,0.2383996642519297,0.08609025565108044,-0.2198178574412715,0.05039951288290563,0.037093570255114366,0.001594573907754235,0.014151046765895006,-0.017277710922646416,-0.0023792517943961792
session_2026-08-27_20-23-38,113,-0.3117777948316707,-0.09820172924275672,-0.6875461072615755,0.00805888947400211,-0.0331097587555892,-0.011953375366783618,-0.009194126033070314,-0.0012544078116915752,-0.0013765389936115644
session_2026-08-27_20-23-38,114,-0.010662943429258743,0.10920004727236388,0.7623018689142012,0.061084741943166904,-0.11655533842667916,-0.025274254003006535,-0.03357986682840922,-0.013759834898402691,-0.0010524310021439037
session_2026-08-27_20-23-38,115,-0.18329008041883346,0.09927569548325432,-0.7212418531974776,-0.017825503247049,0.01870628569765606,0.0010159003581354255,0.004785918161516896,0.005283590482800182,0.001416184018730065
session_2026-08-27_20-23-38,116,0.24143401519686297,0.09131880895668332,0.526230348248044,-0.0752478062527228,0.023540836090115855,0.004017330507108694,0.0037692989100053796,0.02306427692599997,0.003295700971439386
session_2026-08-27_20-23-38,117,0.031477149134080416,-0.10650043619970273,-1.0083865164517127,0.08093386641918301,-0.1424062611475884,-0.05117093864728703,-0.04010574704274417,-0.015810863930562778,0.0008916465545541353
session_2026-08-27_20-23-38,118,0.08501790839497031,0.040778837677940966,-0.9586968816087869,0.08857258567426793,-0.016413785184929884,0.03726808007550256,-0.004713141870223361,-0.03217472035980279,-0.00420331170785278
session_2026-08-27_20-23-38,119,-0.19748602352492706,-0.042684595550954024,0.7033058953602565,-0.1333287518675056,0.042343499764078765,0.0021798102217843603,0.009209787175626935,0.040268500064972894,0.00209852189343578
session_2026-08-27_20-23-38,120,-0.04356883236846932,-0.06809429608073148,-1.100741350641873,-0.08367489270381864,-0.08136623546039966,-0.09347694913783783,-0.021979197284189806,0.038461743214386265,0.0038732981130946234
session_2026-08-27_20-23-38,121,-0.08800737701786175,-0.15547859457106233,-1.3902176379621562,-0.03084847059216112,0.04925528763718481,-0.021633314459046094,0.017139408880479257,0.010535055289605562,-2.0539338210962594e-05
session_2026-08-27_20-23-38,122,0.11363640036671745,0.08387956421370446,1.13657132186398,-0.022550097109876297,0.14101028162507784,0.025130484727186396,0.043825658870338624,0.00034744833052366604,-0.001737247776268956
session_2026-08-27_20-23-38,123,-0.18870368635586096,-0.0669835474705261,-1.140307032999552,0.14500096751072597,0.16056367568360516,0.09665065215558774,0.05240264380371404,-0.06201648059757908,-0.009567506015639306
session_2026-08-27_20-23-38,124,0.30395459448268564,0.02037701915762402,0.2292477645251046,0.03979913588652449,-0.021104200940434727,-0.004749199742877124,-0.0008343031220259627,-0.01522568075353169,-0.01160186358485671
session_2026-08-27_20-23-38,125,0.3004794287229783,-0.03977719695084103,0.5200941597463976,0.007267065275301751,-0.15253599624707737,-0.12444948440211832,-0.03674385154086767,0.012406344015369462,-0.00587161903137396
session_2026-08-27_20-23-38,126,-0.19249495531833632,-0.07595413661876549,-1.0777885734070436,0.25450603610751577,0.001189874313031774,0.016984076132976696,0.009053847479533667,-0.08153356400797593,-0.006758364027549265
session_2026-08-27_20-23-38,127,0.032845553148910564,-0.08176973733685602,-0.970247162917816,0.16273139051612986,0.15961921255358222,0.1502805240714181,0.04593969999509726,-0.07048530685404976,-0.0037925618655141272
session_2026-08-27_20-23-38,128,-0.1431853476665043,0.1118249350192249,0.5213059451079637,0.0027645907092399094,0.11341404940787476,0.0684026501853609,0.0307363548838212,-0.010506723339541271,0.0015209889975555614
session_2026-08-27_20-23-38,129,-0.10240724458741828,-0.10018228223851836,-0.6930915676971569,-0.13619078009426425,-0.02213448881271147,-0.03340005388102276,-0.01037919204375477,0.048589070096785446,0.006583983927880684
session_2026-08-27_20-23-38,130,-0.23804828029543462,-0.09169599170982468,-0.4951537363923568,-0.10113999614280997,0.013041203367283186,-0.04189455070113336,0.002313906116604133,0.0378449430883355,0.007471164794573996
session_2026-08-27_20-23-38,131,0.23970567184723127,0.040713764480045045,-0.3987211024755497,-0.11598885947685174,-0.10888210396376373,-0.063851257238235,-0.03676341623316371,0.048317472873769626,0.010262133557061287
session_2026-08-27_20-23-38,132,0.28639424797586055,-0.06912535540617737,-0.7530561481399756,-0.05849137586705979,-0.08609684925272,-0.013946869997074245,-0.029963397366512174,0.023936677199245776,0.005078223704208904
session_2026-08-27_20-23-38,133,-0.28991440051612816,-0.09957498609242728,-0.007727361524553713,-0.0141390386425855,0.02563171934331159,-0.020743890452968556,0.011374730621711269,0.004358878005489902,-0.005104550243908763
session_2026-08-27_20-23-38,134,-0.28735011783729386,0.07156651340545683,0.7338383069573126,-0.0008959766138713209,0.06064459794969918,0.01115010874005038,0.020997740741559655,-0.005745422384654319,-0.006325101141871336
session_2026-08-27_20-23-38,135,0.30028458460585944,0.028969863746598157,-0.44951462283799987,0.15076438660025657,0.16777580213710352,0.1434892805268774,0.04825319521811789,-0.0673323351810162,-0.002063236834755491
session_2026-08-27_20-23-38,136,0.2714954426831696,-0.015006799159407669,0.5046389364939549,0.07707186819654811,-0.015081187814169098,0.0915973519399076,-0.012056819515830892,-0.030086945200754507,0.006638844679642495
session_2026-08-27_20-23-38,137,-0.04352957285307238,0.0643179577723178,-0.9335594288378163,0.032847351761421104,-0.04714948889039427,0.014815943600185429,-0.01720681048493359,-0.008669350084299494,0.004549024853413276
session_2026-08-27_20-23-38,138,-0.08681520645542949,-0.08132351874957156,-1.075355666438081,-0.06494562922045706,-0.039455579056888734,-0.0063659709117222935,-0.01647553565818814,0.02325922123924479,0.00594588429876839
session_2026-08-27_20-23-38,139,-0.2505632334077528,-0.026138548123825767,-0.9325366771147493,-0.04421887937419218,-0.02358017128544995,0.03203123412933773,-0.0137099245931912,0.012874392186527452,0.005739112813247289
session_2026-08-27_20-23-38,140,-0.1362663359432935,-0.014340767759951856,-1.263630234936366,0.0203260693184135,0.059098977589225075,0.03880231018696932,0.01612352652806819,-0.011407634896032023,0.0006822911968949552
session_2026-08-27_20-23-38,141,0.2817396216863946,0.034574984174999046,0.4697483980061924,0.041611889717092274,0.06965058900459903,0.03385840305559736,0.02238221278596015,-0.019131414287993087,-0.004092409313364733
session_2026-08-27_20-23-38,142,-0.09094721246480104,0.06342078317739536,0.8425786336627187,0.05214428858379718,0.1020244251710864,0.098259879697124,0.028758026233045537,-0.030350681989313157,-0.0060349142317215046
session_2026-08-27_20-23-38,143,-0.2984752868461147,-0.016417684991345105,-0.6808820099314531,-0.062190583474789604,0.008290173424719922,0.012510369967400068,0.0011931787147724656,0.016273771521515285,-0.003558148194872578
session_2026-08-27_20-23-38,144,0.2515521064173978,-0.03028091798928187,-0.8237116793835061,-0.0639328150484932,-0.037886149790689605,-0.06471007221418701,-0.008353842169070926,0.02636242419883274,-0.0016393213156195691
session_2026-08-27_20-23-38,145,-0.001176360658044139,0.08561460196645299,0.8701153893274551,0.08458069519639498,-0.042311980946186496,-0.006331974547052933,-0.011524909761633813,-0.023418170997446072,0.002366260172197226
session_2026-08-27_20-23-38,146,-0.19739970645791768,-0.11259950912588637,-0.694837853833642,-0.007936048010919787,-0.053780112849372355,0.0005892324848295372,-0.019897543521351185,0.006053872156720934,0.006209022348170949
session_2026-08-27_20-23-38,147,-0.2917153150007929,-0.021280208917685617,-0.7186302256352439,-0.04183076819301222,-0.09468921302066013,-0.02638016594242069,-0.031102503150520305,0.019546610230677636,0.0039235780286071
session_2026-08-27_20-23-38,148,-0.24169219222544436,-0.08188066499681747,-0.22345144207463322,0.12496410289987561,-0.04433831194280418,-0.03534971758753505,-0.006336610285885918,-0.03465123256097726,-0.0038202464256936984
session_2026-08-27_20-23-38,149,-0.21570722564644484,-0.09780589002623014,-0.5340674998986593,-0.03679176055107364,0.04929591685969262,-0.003963180091841444,0.01557849275745706,0.010588890929779328,-0.0003922822621872984
session_2026-08-27_20-23-38,150,0.21203952277927063,0.07907334494528542,0.6517839173611629,0.10831658173739225,-0.012096731311252329,0.015149385348816102,-0.0012998727652025533,-0.035568093560993136,-0.0015755133879123894
session_2026-08-27_20-23-38,151,0.24088423645575482,0.09641728586078566,0.5158468816306966,0.25518446026575614,-0.0036171504147872627,0.0019589329675783647,0.00858448480268754,-0.08160477010764505,-0.0067167379478930474
session_2026-08-27_20-23-38,152,-0.2643245430627208,-0.09731863472761057,0.09578744616289116,0.004949835703013054,-0.046833523524220946,-0.05942009455161486,-0.01068338310427118,0.006295210965209018,0.001232477361096086
session_2026-08-27_20-23-38,153,0.006849579911376911,0.10980611465399728,1.1532070177500588,0.04758519191619159,-0.056917731793603966,-0.03906462161910261,-0.015452291813719021,-0.007364656024639747,0.0038734736595675444
session_2026-08-27_20-23-38,154,0.030965047697006146,-0.08621462809845623,-0.9639225030384752,0.08006411904120948,0.10674572334223048,0.058435309299977735,0.03000858723854607,-0.031572287634366064,0.004245189054847007
session_2026-08-27_20-23-38,155,-0.0050239770622607285,-0.06346704255803115,-1.006407930316096,0.1633659693317121,0.10735277715818976,0.03800438146426149,0.037532667593459745,-0.05819092590860262,-0.004280382368002994
session_2026-08-27_20-23-38,156,0.2843632226683587,0.06462662762879762,0.7676361697677322,0.18787375653337815,0.0005237027534597732,-0.012489086183359378,0.009510844405985945,-0.05893429096445529,-0.007703557707208491
session_2026-08-27_20-23-38,157,0.10586180432488015,0.10529531433697521,0.7262320220500131,-0.05235078339920093,0.025724998147624637,-0.016215443276471623,0.007778792298977463,0.018209216526676245,0.0017413020821542946
session_2026-08-27_20-23-38,158,-0.10240909836933931,-0.11202300853132491,-1.0418344348318813,-0.1619252713893185,0.06818887691001076,0.025836106615001173,0.014612156548223218,0.04677158928447472,0.002983757302928721
session_2026-08-27_20-23-38,159,0.23699954224989772,0.06819409057937949,-0.29718077978730034,-0.09953340773603063,0.06479416395176775,0.05564325778461323,0.012652818951488192,0.02402835119014721,0.0026655357920991824
session_2026-08-27_20-23-38,160,-0.14011248008396152,-0.09464745945200664,-0.8044482357659446,-0.024986885162527336,0.023625494932159465,0.054940405764481,0.002149469722377508,0.0022050047976397017,0.0013990576236381012
session_2026-08-27_20-23-38,161,-0.002616925899845052,-0.06651204555656853,-1.0618658960252327,-0.04367938670132129,-0.04756730368697082,0.02097846470041133,-0.017641409640694244,0.012531220928837116,-0.0011799043607038705
session_2026-08-27_20-23-38,162,0.12724874549096385,0.1156820761980232,0.8010686305862988,-0.07505088563050735,-0.1012368299205595,-0.08376925498533495,-0.029514033039986187,0.03538685441294585,0.003218390769701204
session_2026-08-27_20-23-38,163,-0.1582795546608688,-0.019674335172574664,-0.9067064739670022,0.1198465126459358,-0.07936976062425254,-0.048470580672911275,-0.018515120277860453,-0.02982071012816274,0.00027928785420620964
session_2026-08-27_20-23-38,164,0.29461568567340846,0.07638785809571796,0.825859074784071,0.19971480556172727,-0.05198911750547791,0.003992670331837399,-0.00952263088472099,-0.062166555531700834,-0.004623376190334469
session_2026-08-27_20-23-38,165,0.2482888822189246,0.021378082764469425,-0.4006375698057628,-0.06752205973006944,-0.13561638669778953,-0.059491675557735754,-0.043334488145349244,0.03232655006659193,0.006024437993034771
session_2026-08-27_20-23-38,166,-0.27182086596433774,-0.09343665113321653,-1.08734815316614,-0.06752800442407146,-0.1356089791339746,-0.05950181298553994,-0.043334488145349244,0.03232655006659193,0.006024437993034771
session_2026-08-27_20-23-38,167,-0.1963404317389315,-0.10055492907929817,-0.6124681568937165,-0.06534621500730732,0.09793369700755838,0.1109892084561543,0.020073803899978225,0.007042769945026375,0.002539953684338356
session_2026-08-27_20-23-38,168,-0.2126605073660533,-0.06853682160730476,-1.1102144504327365,-0.18942173963439676,0.01754151314199953,-0.04073452592302404,0.0011145895835847287,0.06421156352521154,0.007194084772678631
session_2026-08-27_20-23-38,169,-0.17982168449263633,0.09203560734857097,-0.7677798390357974,-0.09561641930272453,0.018753950905630874,-0.09250124198179184,0.007196079277804001,0.04143357994850435,0.009746953330513768
session_2026-08-27_20-23-38,170,0.254165164416009,0.019909395608090408,0.7584442556390996,0.2061628501262088,0.04339124380330533,0.01970744203160763,0.01937847903521553,-0.06698412239529454,-0.0025581242408866016
session_2026-08-27_20-23-38,171,0.38306878824923973,0.11742894033618653,0.35620038812295735,0.12801392014468738,0.09549918016608891,0.10629836417801157,0.028761051972521545,-0.054926798277979166,-0.007418988070309565
session_2026-08-27_20-23-38,172,-0.23219060800713473,0.010257244183461245,0.5634805752145979,-0.003400551245546749,0.05245258043770904,0.059646142316050366,0.012660437429118347,-0.0071386230248080725,-0.0019735065839630002
session_2026-08-27_20-23-38,173,-0.025387749875465923,0.09233133430737284,0.883724041856133,0.028266416805098254,0.0254860560641721,0.023703212818194114,0.0071912238389419516,-0.011875778463488872,-0.00016070615974625918
session_2026-08-27_20-23-38,174,0.04898105831133236,0.12154022312218654,0.6163845955677005,-0.04145608882699229,0.017358882863105943,0.04957760117114105,-0.0004483725118459035,0.008093458720913526,0.00246495721378941
session_2026-08-27_20-23-38,175,0.06646330211552363,-0.06267080109088022,0.9297112855050024,0.049080660015501945,-0.0321758692202393,0.03877517403085362,-0.011862223224557456,-0.017619257893596082,-0.00027073865447590855
session_2026-08-27_20-23-38,176,0.1885470827563483,-0.0643675317901003,0.5212861778845822,0.13156991950351588,0.019238309718101223,-0.039373085333711054,0.015027823479908628,-0.03789517374508694,-0.004427622339187903
session_2026-08-27_20-23-38,177,-0.15014356402701784,-0.05383627681918415,-0.8257178730764678,0.12114121511894942,0.043846996565996374,0.0026830464624557366,0.01754438087317136,-0.038363572892054776,0.00040917507120932697
session_2026-08-27_20-23-38,178,-0.03238732055770037,0.10124686040177705,0.9885941637531594,0.1788414711982777,-0.009197337943075697,0.07250375027530655,-0.003516832274540551,-0.06182296275429255,-9.587012666858207e-05
session_2026-08-27_20-23-38,179,0.24698674993703623,0.09032134955309395,-0.13377430630896803,0.04507402149305848,0.03515483110795437,-0.027824750991044908,0.01564559049122606,-0.01292230569289487,-0.0021145246439011702
session_2026-08-27_20-23-38,180,-0.2977619205471608,0.04494086381475143,0.7847597510041808,-0.023094054256701545,-0.11242532037051797,-0.12472997650265331,-0.026075843698579137,0.022178313774323263,-0.0010649315720477127
session_2026-08-27_20-23-38,181,0.3473937647975114,0.05072579226003937,0.6277966686009694,0.04073431834826622,-0.04406955021244375,-0.001498666372529299,-0.010706195196162638,-0.013140351053493638,-0.0055631381437455
session_2026-08-27_20-23-38,182,-0.019262666081080595,0.08164786584272232,0.8892115825752654,0.05039420437160417,0.10692680813638895,0.11178028815953457,0.02876619382509944,-0.03141238880247523,-0.004875749867774315
session_2026-08-27_20-23-38,183,-0.1714519073744859,0.07913477354885992,0.7196452723405554,0.15041807401851287,0.10038651234149126,0.10184957726386407,0.03183806872064994,-0.062108856359377004,-0.00808653120083183
session_2026-08-27_20-23-38,184,0.22809890887453985,-0.07189554508708182,0.18773015907212887,0.0893790422441569,0.07818310854246402,0.058488255651971646,0.024921445487028848,-0.037148449705547114,-0.004742196250525883
session_2026-08-27_20-23-38,185,-0.24588100212545738,-0.09307514749385229,0.12894454358141347,-0.030642794853183983,-0.01314971954123065,-0.004524717544546339,-0.005481824920364885,0.010963326333741518,0.0018445690979144726
session_2026-08-27_20-23-38,186,0.22148034372881512,0.10092936062838476,0.47270096035114173,0.07692835427323122,-0.05227262407152026,-0.04650477133091684,-0.010520970512080462,-0.01770502766204248,-0.0009800961764419435
session_2026-08-27_20-23-38,187,0.21710192083866434,0.06924496422432191,0.9716670194742703,0.15300998974642704,-0.12662086584627277,-0.1049259243241119,-0.027532891773197635,-0.03325808824296157,-0.0012504623875414832
session_2026-08-27_20-29-31,4,0.2427114902697342,0.08252279390021085,-0.7422274570867595,0.09375876239063763,-0.2131108404358489,-0.008418379219631282,-0.06552915476613756,-0.02292864445801334,-0.10545463513342324
session_2026-08-27_20-29-31,5,0.3749305029583935,0.10545532561521048,0.8094980665554321,0.09375601997954458,-0.21311221372308242,-0.008414156204033808,-0.06552915476613756,-0.02292864445801334,-0.10545463513342324
session_2026-08-27_20-29-31,6,0.07696956157609923,0.08030067971313408,-1.2476610030479747,0.09375327741444008,-0.21311358694711113,-0.008409933267901229,-0.06552915476613756,-0.02292864445801334,-0.10545463513342324
session_2026-08-27_20-29-31,7,0.3736732099892152,-0.0860623265991115,0.6391600590182233,0.09375007756050263,-0.21311518896192513,-0.008405006609521714,-0.06552915476613756,-0.02292864445801334,-0.10545463513342324
session_2026-08-27_20-29-31,8,-0.26018849409744765,0.07376317594499981,-0.7674502313533625,0.09371761005459397,-0.21313143310706406,-0.008355042331882815,-0.06552915476613756,-0.02292864445801334,-0.10545463513342324
session_2026-08-27_20-29-31,9,-0.2604588330779515,-0.10269449751036458,-0.6210809592351129,0.09367230247412314,-0.21315406861358313,-0.008285392426173153,-0.06552915476613756,-0.02292864445801334,-0.10545463513342324
session_2026-08-27_20-29-31,10,0.3338584331041291,-0.050778902187605945,0.6653946634763083,0.2572795519881276,-0.3559180108200802,-0.10838184785740082,-0.1086595790229242,-0.06428443653218262,-0.16927078907474274
session_2026-08-27_20-29-31,11,0.06229837416132638,0.05976412193177233,1.1689397624806752,-0.1329829259482318,-0.12944410524372055,-0.09767571473935768,-0.03331933898479027,0.049683155181979216,-0.011645225327609999
session_2026-08-27_20-29-31,12,0.35504311936591393,-0.07687685262456678,0.6985484279695532,-0.13251556277850715,-0.12930196490720855,-0.0984957243669755,-0.03331933898479027,0.049683155181979216,-0.011645225327609999
session_2026-08-27_20-29-31,13,-0.23608180128094278,-0.07517171849805743,-0.7050452373346577,-0.018414666146685174,-0.03520843653030455,-0.07665055428446789,-0.004765927701418094,0.012997389803319099,-0.0031120680840614322
session_2026-08-27_20-29-31,14,0.22373402527310515,-0.09338925682004029,0.6409729910048481,0.05900737216510427,-0.04573608509727683,-0.09574326968470251,-0.004744933479007495,-0.007998180151446963,-0.00188130095761194
session_2026-08-27_20-29-31,15,-0.3047835015724643,-0.08712138360394396,0.029332370683907805,-0.004468317032634996,0.003059748239579536,-0.01497089346380811,0.0014315708674101284,0.002875150797803159,0.0009052219818307298
session_2026-08-27_20-29-31,16,-0.2013687904920779,0.015120752342928534,-1.1340085567580824,-0.017444367009186723,0.01570408714446959,0.010251179005792133,0.002913818078745593,0.004141577080354817,0.0010493699863175238
session_2026-08-27_20-29-31,17,-0.3282573198451112,-0.06732121011673875,-0.8357339649268799,-0.000604854941159529,-0.07810062381412874,-0.0250631639165148,-0.022249586706470214,0.00425490334872058,-0.0019207047856407958
session_2026-08-27_20-29-31,18,-0.316111202956603,0.05959064005491721,-1.1028523483929003,0.07275649888081029,-0.034417477840225016,0.027285758591400932,-0.009199044455287126,-0.025209257203617372,-0.004613987785500965
session_2026-08-27_20-29-31,19,-0.3083455072600344,-0.10506791983839558,-0.0016713815545351647,0.046460888211465975,-0.10254424789411108,-0.06550519424290796,-0.025885499429841557,-0.004804625452494123,-0.0014872651966255273
session_2026-08-27_20-29-31,20,0.320808595661114,0.15218576119549918,-0.8155402303602938,0.1310506058735318,0.02079513286086197,-0.1085687739875496,0.020107174638550385,-0.031125351264433006,-0.003292739678311197
session_2026-08-27_20-29-31,21,0.24801083355383818,0.11033352454380665,-0.31061568017988217,0.15238409335052777,-0.13626257412058917,-0.09005427250730855,-0.03085460946245943,-0.03494570684041491,-0.0034448394098469948
session_2026-08-27_20-29-31,22,0.29034800114805903,0.12327829744478536,-0.2148716456875062,-0.05000976510948811,-0.2233701641709923,-0.04225098759418474,-0.07065847285426193,0.026310092617336585,0.0018313745608181983
session_2026-08-27_20-29-31,23,0.3018240900857373,0.11332532618815364,0.009192262776480995,-0.008177321128933594,0.003893788872604478,0.0021474354380919907,0.0012569444686138657,0.0014727559560524985,-0.0017934439679207768
session_2026-08-27_20-29-31,24,0.36752941042742593,-0.044287230717415055,-0.45184622447306905,-0.11289054487949904,-0.17733345406926795,-0.07610569607936774,-0.055835171247374325,0.048989360963552664,0.004159730023957653
session_2026-08-27_20-29-31,25,-0.23042927411112837,0.14681091123883205,-0.6660928947702207,-0.1371662947855142,-0.040366112855170506,-0.0636672004840394,-0.01573514353818535,0.052167111308187894,0.007465782588583528
session_2026-08-27_20-29-31,26,0.3143506323465181,0.010684121653044165,0.46494079928110316,-0.23360308579473488,-0.008555156992179774,-0.00851112954810837,-0.012809497469468327,0.0763055332951112,0.010371863664101016
session_2026-08-27_20-29-31,27,0.35847114344018316,-0.08078824115030547,0.6335054709314442,-0.3257935155081085,-0.2160479526310923,-0.05441285384609294,-0.07872311014516327,0.11503230184540715,0.012353675985955758
session_2026-08-27_20-29-31,28,0.24382223910396253,0.06904907322341314,1.1630563089382568,-0.21362629442637074,-0.020691128431654215,-0.053629704946067405,-0.010167526964816586,0.07284401988912577,0.004272853307357106
session_2026-08-27_20-29-31,29,-0.2990826464380917,-0.018504917263787335,-0.9086710658209551,-0.10819715988879824,0.1392396754573076,0.013512545519049499,0.04068242583648691,0.027984079828141634,-0.0004412648638758133
session_2026-08-27_20-29-31,30,-0.161332916655609,-0.020863463238735946,-0.9249974560169232,-0.12269033389627078,0.12043809006931981,0.040042644077105574,0.03109862433415658,0.031550932467853086,0.003337529667920745
session_2026-08-27_20-29-31,31,-0.03388753584456152,0.13752914661781407,-0.6518701026409764,-0.11571693727270563,0.11809560524212846,0.009252660719998097,0.030449597493624667,0.03411597030428164,0.00860958888194938
session_2026-08-27_20-29-31,32,0.28964308960110136,-0.09546879405029271,-0.07121073248752263,0.07111537698649587,0.12583335526530867,0.024267813593740015,0.03931925467408809,-0.026934543419456853,0.002687500476671689
session_2026-08-27_20-29-31,33,-0.002644101370752171,0.1139475444625,1.0277204104608009,0.003937218913538101,0.09268560336534294,0.04099107939814204,0.02703654530091853,-0.008354394980300715,-0.0007548211589071079
session_2026-08-27_20-29-31,34,-0.3358341726789182,-0.16514828455167804,-0.20911257961509988,-0.10831206340011212,-0.16995938064016902,-0.07471953392216749,-0.05256240456952467,0.046486978506959285,0.003706851100079973
session_2026-08-27_20-29-31,35,-0.04867087293531464,-0.14022241546868375,-1.4304725306203498,0.002158666937975295,-0.13660627233600753,-0.04359507106895794,-0.04294423304047141,0.01008262814217454,0.00723711170873452
session_2026-08-27_20-29-31,36,-0.20367323729186876,-0.05861888245383051,-0.9217483303476031,0.1370182345408359,0.16032986937493177,0.061671640851085965,0.04975888658728723,-0.05152596691134625,0.0019762415277528116
session_2026-08-27_20-29-31,37,-0.3083109658563022,-0.10659062329204122,-0.000489866473887314,0.1400283308752094,0.007750016122872595,-0.00439922250528398,0.008219171703612407,-0.043756491777966026,-0.004186387118605754
session_2026-08-27_20-29-31,38,-0.21584116135134848,0.13811081925257065,0.47341852578284443,0.029599098457922808,-0.08230248071464448,-0.01608335543141641,-0.023697545539455044,-0.006280363368155637,-0.0024863439759446894
session_2026-08-27_20-29-31,39,0.2559606363056764,0.06147305890657612,1.0063393441125892,0.04406557996264662,0.015872740638239784,0.019864237458877162,0.0034570137396683974,-0.014875801569209396,0.0035117979867251956
session_2026-08-27_20-29-31,40,0.3229043411506673,0.004859306794578577,0.8148595716938656,0.18397444686838005,0.014108885426215254,-0.013551342562426618,0.01060353959544027,-0.055607642527902255,0.0008130328951115853
session_2026-08-27_20-29-31,41,-0.23340753993861704,-0.08226973123242998,-1.1383318610014135,0.13092108403714547,0.009385258964681321,-0.06058002973755552,0.012934153511685574,-0.03678070198384668,-0.00448432459090962
session_2026-08-27_20-29-31,42,0.12395525513701339,0.07331548953581318,1.232490364434926,0.0021015049095381663,-0.02464982952625792,-0.04140729211768358,-0.00461949147982361,0.004070093756862509,2.438735656246121e-05
session_2026-08-27_20-29-31,43,0.2671239877914658,-0.11923232768838388,-0.44317445273754186,-0.015132381522725391,-0.012155437975088173,0.023108185347873574,-0.006595445108749437,0.003651496438061272,0.001800291006911766
session_2026-08-27_20-29-31,44,-0.2500630685443257,-0.10887275591212478,-0.6297346441649125,-0.09564644053850688,-0.13785785809394074,-0.021647222158086604,-0.04587068696629856,0.0362432681056707,0.003309306114729584
session_2026-08-27_20-29-31,45,-0.3453332690281369,0.05326565964954788,-0.6946193157051025,-0.012674118951423537,-0.05989976717861011,0.02776865104960666,-0.020946216137728,0.002165722531434354,-0.0018547724099260408
session_2026-08-27_20-29-31,46,0.22559563379056943,0.1480108868142888,0.36208043475797536,0.11033824206112974,0.10123658636436644,0.11524190928926037,0.027666513576937956,-0.0485631616593296,-0.0034678796797003066
session_2026-08-27_20-29-31,47,-0.2979571579005992,0.12055457211465412,-0.21775075600356855,-0.022440226515668366,-0.0076558950704107495,0.01878724309062291,-0.005210079618950629,0.005912414289483003,0.0018682471594548052
session_2026-08-27_20-29-31,48,-0.26978354672281196,-0.003804715272642978,-1.127101873277094,0.14771065029382885,0.14509388442338378,0.053455273817361565,0.04912595041990946,-0.05724400630314224,-0.006812270720359922
session_2026-08-27_20-29-31,49,0.15633781743883146,-0.14076277892464067,0.9263861242847805,0.25314019203214616,-0.11385764320065779,0.009331346357242065,-0.027496009173931836,-0.07849801892650705,-0.008676407583484569
session_2026-08-27_20-29-31,50,0.2696079650295897,0.09175754649149137,0.4543004743903987,-0.0486127239928473,-0.15192203453281328,0.0023970966462284137,-0.04944027129273781,0.01620283586238261,-0.006466603878028331
session_2026-08-27_20-29-31,51,0.31334555265845526,0.06088489523152035,0.9964335085512557,-0.18538391604097756,0.04049355720667289,0.028963053758652928,0.005404999980572113,0.05166937025220786,-0.0019039487172487007
session_2026-08-27_20-29-31,52,-0.3231181061910112,0.005402651669739356,-0.7641391169192061,-0.031703017969838626,-0.006875325713694395,0.02018500702867762,-0.0052324987101605765,0.00827327678776156,0.0010067807957184372
session_2026-08-27_20-29-31,53,0.2801565552853073,0.05557431486214148,1.2771320959876762,0.000737558113874782,0.062388937238674384,0.0629421456468561,0.015476843174285531,-0.008272798212628473,-0.0008025270635743665
session_2026-08-27_20-29-31,54,-0.31605153732711233,-0.013822242153241515,-0.47662272694988367,0.027492959062754053,-0.05423083996381825,-0.01703036508076718,-0.015255707016156816,-0.004972164822806034,0.0010536061504131812
session_2026-08-27_20-29-31,55,0.29034815819229326,0.08492107386882736,0.763484881038324,-0.042825911115478156,-0.2135266037974747,-0.22400740738641062,-0.05393814998883315,0.042740235672432306,0.007128747343964242
session_2026-08-27_20-29-31,56,0.23042635811578266,-0.08912003218359221,0.9132950029429256,-0.013693165555943116,-0.11443916137361468,-0.16125090000228864,-0.025770293499920324,0.023651712004254363,0.004311952843901879
session_2026-08-27_20-29-31,57,-0.2940217653554193,0.09922623644790873,-0.02432252893152161,-0.09560589941662076,-0.08648347863944729,-0.04388989181085354,-0.027858988088055602,0.03639039781682674,0.0032270138301412152
session_2026-08-27_20-29-31,58,-0.2919589199076328,0.09317145001381001,-0.030800986092912153,-0.19641355028740032,-0.020273032751542904,-0.039883003977050586,-0.010544276654356836,0.06622935557841206,0.006044610273504993
session_2026-08-27_20-29-31,59,0.2926318787482086,-0.08905546196119468,-0.09761374198949825,-0.030646053832814477,-0.016148749875770054,0.04012472849560506,-0.00931577189671877,0.006017974368971245,0.0002690229071205455
session_2026-08-27_20-29-31,60,-0.30227826219744147,0.031241915523286812,-1.1423791740336213,0.00023921618165025684,-0.01632175429289011,0.01343600075675854,-0.006803976265007975,-0.0005714023627060432,0.0010482682910911273
session_2026-08-27_20-29-31,61,0.33227683531629376,0.008386990712111686,0.9286504440894015,0.00023073299532134185,-0.01642478214835011,0.013310007422190483,-0.006803976265007975,-0.0005714023627060432,0.0010482682910911273
session_2026-08-27_20-29-31,62,-0.3016203697081312,0.07368566571660179,-1.0116921716550533,0.010113576758650156,0.022105615162374227,-0.006065450925620341,0.007382140873394673,-0.0027208428832864967,0.0009641495078518248
session_2026-08-27_20-29-31,63,-0.006662103468879468,0.11254881202016989,1.3265967118343263,0.01011543739883252,0.02210227233654495,-0.006074523461367718,0.007382140873394673,-0.0027208428832864967,0.0009641495078518248
session_2026-08-27_20-29-31,64,-0.17214365447430569,0.138794816293208,-1.113612534555771,0.010117296039254152,0.022098926256664618,-0.006083595207424465,0.007382140873394673,-0.0027208428832864967,0.0009641495078518248
session_2026-08-27_20-29-31,65,-0.3714706461905588,-0.1369955359876994,-0.2989881739743803,0.01011915267962342,0.02209557692325826,-0.006092666162367182,0.007382140873394673,-0.0027208428832864967,0.0009641495078518248
session_2026-08-27_20-29-31,66,0.2386354724644488,-0.1301707955678053,-0.4015742058314936,0.010121007319649008,0.022092224336851384,-0.006101736324772594,0.007382140873394673,-0.0027208428832864967,0.0009641495078518248
session_2026-08-27_20-29-31,67,0.2996608225717633,0.11713809517097938,-0.14614639141949878,0.010122878475329633,0.02208883492315801,-0.006110896382887681,0.007382140873394673,-0.0027208428832864967,0.0009641495078518248
session_2026-08-27_20-29-31,68,-0.2987440946217287,0.08704478588331632,0.027866244613978096,0.01012472909378445,0.02208547579981193,-0.006119964947988128,0.007382140873394673,-0.0027208428832864967,0.0009641495078518248
session_2026-08-27_20-29-31,69,0.03295314311536233,-0.13884109840741465,-1.3095670088072036,-0.10982263975727032,0.04564195933961875,-0.010841301499816356,0.013223582743492883,0.03266582461042321,-0.002251940498992918
session_2026-08-27_20-29-31,70,-0.33405449830771666,0.0367955059093803,-0.6416467104936321,-0.14866045002650183,-0.0748203679108532,0.047165372627882715,-0.030025184859420902,0.041323349967376445,-0.0041249552198929645
session_2026-08-27_20-29-31,71,-0.22138931187585645,0.09852003168070833,-0.7292379098129841,0.057417751987397646,0.019903798673831123,0.02222061547555546,0.005827567142595718,-0.019815241525813557,0.0007374243823053245
session_2026-08-27_20-29-31,72,-0.2757038582836011,0.09908433102350495,-0.3115838075686218,-0.28124578076714374,-0.21318988226621902,-0.08837040147897485,-0.07247681692797737,0.10406390387961177,0.008857276765685155
session_2026-08-27_20-29-31,73,-0.33295639489201745,-0.17087702337981203,0.4050619794577093,-0.2805562383431185,-0.21225892400879956,-0.09269729911354382,-0.07247681692797737,0.10406390387961177,0.008857276765685155
session_2026-08-27_20-29-31,74,0.21643777553210794,-0.09054812670489748,0.5845254025980858,-0.07873296753936213,-0.0037282061806031895,-0.04557006704718896,-0.001138024490846273,0.02949196874503964,0.0031896590933439923
session_2026-08-27_20-29-31,75,0.07032010482693604,-0.0584902952702185,1.0300897206986628,-0.03837731607742215,-0.08852405236246025,-0.006723416851090617,-0.029468651326639228,0.015351722481382566,0.0021040096176034528
session_2026-08-27_20-29-31,76,-0.267066197016943,-0.11320457341401119,0.1729653070926144,-0.08378100036558397,-0.09729086275170219,0.0024183038827216567,-0.03812685451788934,0.0309355384622037,0.010094636474185808
session_2026-08-27_20-29-31,77,-0.0302960114430724,0.12579494402616342,-0.8635086684790605,-0.05383657708905933,0.04084259127732492,0.005280193419619631,0.009193918375191635,0.015646576391550003,0.004343185336023619
session_2026-08-27_20-29-31,78,0.17564318039928897,0.08733238669739596,1.0949359218695571,-0.2969137096144306,-0.06723845724846314,-0.07611906740735376,-0.023724219728878632,0.0998344532699628,0.0009733199148471884
session_2026-08-27_20-29-31,79,-0.19654684827138594,-0.04596090226253591,-1.0387426068575556,0.08580335699636127,0.15335397257607908,-0.020539523148147804,0.05488066330308165,-0.027832792188478173,-0.004777261060315892
session_2026-08-27_20-29-31,80,-0.303490443107951,-0.10541524803278472,-0.0067546171006363336,0.050642275369423416,0.1013743306095255,-0.024546285391541366,0.03474801794877273,-0.015482573878235763,0.001445002955357767
session_2026-08-27_20-29-31,81,-0.2507723684480869,-0.10586098737203789,-0.6421925723965961,-0.1263128408070359,-0.14978319186516426,-0.11973022739383138,-0.045043055308089566,0.05555952586703455,0.007245215555038369
session_2026-08-27_20-29-31,82,0.30290571322939147,0.1124893384182776,-0.0917454638678119,0.046160947236888315,-0.10778578864184103,-0.01834399269157305,-0.029797104485464528,-0.010745164970971272,-0.004539751537765493
session_2026-08-27_20-29-31,83,0.23384726709890535,0.003031341092256612,1.1152549525181472,0.08265281680001416,-0.034469196795423644,-0.02412368582821484,-0.006754631133128269,-0.022004493778235167,-0.0001151989547999702
session_2026-08-27_20-29-31,84,-0.3390223137681535,-0.03328057526566375,-0.6881663407046259,0.09004392540248478,-0.010116702471874794,-0.051466823165939625,0.0017187120012867332,-0.02089628380734873,0.003707775184659357
session_2026-08-27_20-29-31,85,-0.21145909813970895,0.07817802124577566,-1.3252741144895097,-0.23081108191279753,-0.025340781656467845,0.005805093947287439,-0.01727010942589207,0.0727365057872652,0.006293482036423959
session_2026-08-27_20-29-31,86,-0.3201428101975859,-0.14896062298485555,0.20846159963849853,-0.20262183705117998,0.07621984328481653,0.02218043575855489,0.01384890390985005,0.059907830457517144,0.007898042359149664
session_2026-08-27_20-29-31,87,-0.2128623999317784,0.09587060070285547,-1.416024939530304,0.12632772276188844,0.005673405287597674,0.02948199247576447,0.003459952312050558,-0.04254646138396457,-0.0019122637516371225
session_2026-08-27_20-29-31,88,0.3053260574427571,0.016584258794886675,0.8398707333935979,0.06557252576109494,-0.06787273754768766,-0.024024200036324658,-0.0177779935432369,-0.016373989861787383,-0.0013560087403451414
session_2026-08-27_20-29-31,89,0.23803761085662317,0.12841527872876457,-0.5623857271235799,0.06398805991062427,-0.08913892230341121,-0.054428893908945813,-0.02175464971003309,-0.01205522642439195,-0.0019640401732266156
session_2026-08-27_20-29-31,90,-0.3048417899914505,0.021745313478670147,-0.6282525093446322,0.24073455952513234,-0.05499913546579251,-0.008197999220447259,-0.007240655219415371,-0.0736645633550154,-0.008438281321322898
session_2026-08-27_20-29-31,91,-0.245911318254998,0.011896974236692115,-1.1766547223698594,0.1614189157424708,0.01540806655664964,0.010703476052024267,0.01034807378884049,-0.051882991737912575,-0.004490111125927171
session_2026-08-27_20-29-31,92,-0.008449791539731683,0.13651380584113387,-0.6936151188698342,0.07357265110442714,0.05484143488131783,0.007847455515638901,0.01930463121105434,-0.02478247205729538,-0.00039807347583898137
session_2026-08-27_20-29-31,93,-0.23008024476696032,-0.06186634804626334,-1.345698090743073,0.23899967267257202,0.053243203916896645,0.073456167064699,0.020472609758090433,-0.08480733923600711,-0.007096804471197067
session_2026-08-27_20-29-31,94,-0.24107083623844083,-0.05754747385213088,-1.480093745579103,0.2936564555068753,-0.09535781002553669,0.05175127280014827,-0.0236626851153465,-0.09561323519695925,-0.00893247092668952
session_2026-08-27_20-29-31,95,-0.0101277766981179,-0.19665142084560724,0.39811923449812886,0.13582279285219692,-0.10192344720965464,-0.017557568056609036,-0.02596540018056171,-0.03865556942746259,-0.0045482272042741845
session_2026-08-27_20-29-31,96,0.21840052775805996,0.15232796395235976,-0.6089026721227053,0.11130593731536993,-0.07087399037151385,-0.0013885953140680848,-0.018257995400360112,-0.03370236448120182,-0.004338362645578234
session_2026-08-27_20-29-31,97,-0.16130002659614767,0.13143942769870742,0.5594178105562108,-0.004319444208735903,-0.060869845492575174,-0.007108924874005065,-0.01921131884617458,0.003719001311982885,0.00012603790163920176
session_2026-08-27_20-29-31,98,-0.32075850621843777,-0.13102921172112963,-0.18207670152756184,0.0775602569886578,0.06840764514055572,0.05822558872519439,0.020669293917695446,-0.032206517539979516,-0.0024735691208333565
session_2026-08-27_20-29-31,99,0.1911203233017703,-0.13503121722291994,-0.668969729240409,0.06833587955642492,0.05751270164107243,0.0163289587782575,0.01969702353567824,-0.024740007680465213,-0.0014208317666624406
session_2026-08-27_20-29-31,100,-0.2952286029685259,-0.07161529342271172,-0.6477877643941428,0.18828400565172068,-0.05913830946680634,-0.03352924386383954,-0.008179089154092106,-0.05525940894537189,-0.007277875555739194
session_2026-08-27_20-29-31,101,-0.3645491020617029,-0.047765754526342796,-0.7843587885282178,0.1677297628539981,-0.06030901059404346,-0.051298840023219563,-0.004283537044214125,-0.05102347056335273,-0.017029208481282
session_2026-08-27_20-29-31,102,-0.0021962261715920777,-0.212438563820141,-0.48460305424203026,-0.049177590632184714,0.11043396046671732,-0.022250789862044106,0.03935358841234952,0.01062424468083988,-0.009284136432209439
session_2026-08-27_20-29-31,103,-0.21405673682176965,0.062084889251248,-0.691658715166248,-0.0003236495679828965,0.14860820055017593,0.03918963942159098,0.04481068180542172,-0.008397597417882301,-0.001216281433762118
session_2026-08-27_20-29-31,104,0.03905951113163038,-0.08416780207276797,-1.1182785244534483,-0.02365503881159308,0.033903357623932526,0.067209653044908,0.004807299719026732,0.00010354752342482108,0.00034120331812336776
session_2026-08-27_20-29-31,105,0.015389879258272723,0.15580554209209346,-0.7754418096048279,0.03817598494316855,0.1361941512097432,0.10600395246522501,0.037668035608046865,-0.02651665861025912,-0.0033142765329836526
session_2026-08-27_20-29-31,106,-0.012292336018640155,0.14379046916934912,-0.7010419044820666,0.03482991694421118,0.10161844315174808,0.05742580698593159,0.030545565359495142,-0.020388815621195863,-0.0043141191277213265
session_2026-08-27_20-29-31,107,-0.3169423818576903,-0.09787406336885024,-0.7607689742224991,-0.10627768622466477,-0.2666487927674387,-0.0696590306718762,-0.08404973278156583,0.04849193009466808,0.006300833915833437
session_2026-08-27_20-29-31,108,0.32915977809507263,0.0007434607111453384,0.7737401050386609,0.19335890547876045,-0.18340509929012772,-0.07711865064065693,-0.046229803933900714,-0.047399191124424825,-0.0010958729436788721
session_2026-08-27_20-29-31,109,-0.08728383000497215,-0.019858643951731647,-1.1372494352852272,-0.01835474109365883,-0.10079375793603593,-0.02652163181591285,-0.03164255225497726,0.01269105313872958,0.002074648757695134
session_2026-08-27_20-29-31,110,-0.3335096728986399,-0.0781673059345449,-1.3592758562433034,-0.2697450430338725,-0.06617264159611852,-0.04069794467604856,-0.03144803070721892,0.09349463417363198,0.015284528426234874
session_2026-08-27_20-29-31,111,0.30606989761419756,0.10406548698159346,-0.007895584510819294,0.021500623264120312,0.03916865200113961,0.0018361271250835068,0.01303537054149998,-0.007868779520535387,0.0002364711304793739
session_2026-08-27_20-29-31,112,0.2308279645931559,0.0876856893674737,0.7663112593125929,-0.00535708756118806,0.007089134454321637,0.0011659068737551145,0.002058578411616909,0.0012558912255870925,0.00022707982908832424
session_2026-08-27_20-29-31,113,-0.34348126163815473,0.11740277263277965,-1.3129329797234888,-0.005356583927053322,0.007089880013350517,0.001163685230929015,0.002058578411616909,0.0012558912255870925,0.00022707982908832424
session_2026-08-27_20-29-31,114,-0.29668758928374234,-0.12991314417624272,0.10455867398873282,-0.005356086925667973,0.007090616273131665,0.0011614848254903885,0.002058578411616909,0.0012558912255870925,0.00022707982908832424
session_2026-08-27_20-29-31,115,-0.2680198240687316,-0.11335657280350857,0.11927756634494686,-0.005355586517216736,0.007091358106686404,0.0011592612075346745,0.002058578411616909,0.0012558912255870925,0.00022707982908832424
session_2026-08-27_20-29-31,116,-0.29082170261202966,-0.070903396525134,-1.43386402339397,-0.005355087730639756,0.007092098066768527,0.0011570366011691648,0.002058578411616909,0.0012558912255870925,0.00022707982908832424
session_2026-08-27_20-29-31,117,0.31793635297300904,0.022555135972431473,0.8372440026195935,-0.005354590566554944,0.007092836152461348,0.0011548110091497675,0.002058578411616909,0.0012558912255870925,0.00022707982908832424
session_2026-08-27_20-29-31,118,-0.29295777430139835,0.0881147540934303,-0.022969378885336723,-0.005354095025578202,0.007093572362850508,0.001152584434233614,0.002058578411616909,0.0012558912255870925,0.00022707982908832424
session_2026-08-27_20-29-31,119,-0.25188342049813844,-0.12108397293148729,-0.6750524883727909,-0.005353601108323423,0.0070943066970239645,0.0011503568791790522,0.002058578411616909,0.0012558912255870925,0.00022707982908832424
session_2026-08-27_20-29-31,120,-0.1570461966698987,-0.09711775187894672,-1.2890300613697145,-0.005353108815402483,0.007095039154072,0.0011481283467456437,0.002058578411616909,0.0012558912255870925,0.00022707982908832424
session_2026-08-27_20-29-31,121,0.31673285551211444,-0.049091971118994104,-0.7864878484821402,-0.005352618147425255,0.007095769733087231,0.0011458988396941623,0.002058578411616909,0.0012558912255870925,0.00022707982908832424
session_2026-08-27_20-29-31,122,-0.07158044750968615,0.07293773190961708,-1.0429416305813413,-0.005352129104999587,0.00709649843316459,0.001143668360786588,0.002058578411616909,0.0012558912255870925,0.00022707982908832424
session_2026-08-27_20-29-31,123,0.2694667137630395,-0.07246771786778317,0.4110302842781193,-0.005351641688731322,0.007097225253401341,0.001141436912786105,0.002058578411616909,0.0012558912255870925,0.00022707982908832424
session_2026-08-27_20-29-31,124,-0.41045698040194817,-0.15476065389157195,-0.4098215575851651,-0.029079139134707627,-0.02023394350512194,-0.012273063166205422,-0.006127480436709797,0.010480494247671484,-0.00015522865152057123
session_2026-08-27_20-29-31,125,0.26405343675975695,0.09267663466190018,0.5715895865809011,0.05496473987935086,0.08393512312684559,0.012048006735485624,0.03049916432111085,-0.02299612819778915,-0.008498224154545674
session_2026-08-27_20-29-31,126,-0.14823354698000787,-0.03944977729653784,-0.936015618785875,-0.16740333108202268,0.0965980793384146,0.023762308138147285,0.02525779917169463,0.04465803313072595,-0.0027709065344467937
session_2026-08-27_20-29-31,127,0.3069608206106357,0.13356551450362933,-0.23301296255912507,-0.09072230001653665,-0.12881187806477348,-0.07849764305102673,-0.03840104892133293,0.039905804422629025,0.0030291871203319124
session_2026-08-27_20-29-31,128,-0.28684942824873383,-0.00933045510822228,-0.9757127469723046,-0.05082289312025078,-0.10287411493895736,-0.026234364033645614,-0.03413448790948533,0.023145202971733378,0.00531030091629295
session_2026-08-27_20-29-31,129,0.2896057533534055,0.06285721911107711,0.43852337120027496,-0.15038436041180475,0.038158298189290854,0.009910124256442221,0.004734281087482106,0.04610472552988143,0.006591509071297508
session_2026-08-27_20-29-31,130,-0.33777480083809647,0.05658929107874411,-0.7613642253894289,-0.0920393583971525,-0.1919717491015584,-0.15177420532046615,-0.051464948242688255,0.04842746067826429,-0.0008320822091570429
session_2026-08-27_20-29-31,131,-0.29404291682027484,0.09850773273036305,-0.017718458828687906,0.03528242343785606,-0.04184880834670354,-0.020171303758474445,-0.010592531439589787,-0.007468802678360445,-0.0009332955618236194
session_2026-08-27_20-29-31,132,0.1332100069796232,0.07556942525336655,0.6792270490583143,0.031172846189563962,-0.04022676204312231,0.054172734679982855,-0.014108002901711346,-0.015465454042885286,-0.006140686282435497
session_2026-08-27_20-29-31,133,-0.2674970012822573,-0.10569017689834917,-0.691441152859104,0.11554447562698437,-0.03505357122649434,-0.033935081689710204,-0.0011091670613987813,-0.03497481702607677,-0.010997452040913817
session_2026-08-27_20-29-31,134,-0.3419992777656995,-0.1008833116260025,-0.7641686240351541,0.030792728853503988,0.020642575790751436,0.008198126135651492,0.006965315093660655,-0.011531672280265182,0.00044241372526167754
session_2026-08-27_20-29-31,135,-0.2940652223711348,0.09038301688344197,0.0047641729767740155,-0.021651517754622134,0.003995418465416788,0.0005418490740768216,0.0005537975740626499,0.0063610803739501025,0.0005166900601612214
session_2026-08-27_20-29-31,136,0.39788167350835996,0.02375275562993462,1.1374351336152009,-0.02921331272606135,-0.029911326272388683,-0.06009825288639956,-0.006204648889257325,0.016037408616611966,0.00158756992493797
session_2026-08-27_20-29-31,137,0.20829113090470805,-0.01950781473345553,1.0512326678979034,-0.09574627179621718,-0.047590512068878946,-0.04976987715672659,-0.015334903626502574,0.03651584687414494,0.004207732985522245
session_2026-08-27_20-29-31,138,0.2769803731543008,0.009697932374157225,1.0291395637116134,0.014920508866935793,-0.10181155958577863,-0.012298711114855776,-0.03113220557551561,-0.0002856257091472893,0.0002502321066475042
session_2026-08-27_20-29-31,139,0.36618899595772153,-0.030168496943311394,-0.49323978251139505,0.039304016005558794,-0.14035602351958987,-0.01572997973335301,-0.04265113685171746,-0.006095452753046749,0.0006539618509754615
session_2026-08-27_20-29-31,140,0.303792464821148,0.016733514835598595,-0.5756113176171388,0.03633203990143817,0.030219978901065807,-0.0701224144433947,0.015964974895976283,-0.00484662693269421,0.00017838619608482733
session_2026-08-27_20-29-31,141,-0.3146964671187021,-0.05786218769446361,-1.3300576002517455,0.04781468454472682,0.013855382160767527,-0.0627127795900149,0.010659391310283222,-0.008872627544861945,-0.00020334392175224163
session_2026-08-27_20-29-31,142,-0.0956178773417532,0.07411733754917285,-0.9723768007770676,0.11676624086633992,-0.05334663519381231,0.06595222044793424,-0.017611619743735003,-0.042011439569907744,-0.003623743367638759
session_2026-08-27_20-29-31,143,0.3209730754741883,-0.02099177345022843,0.4926769858221774,0.17221167116472968,-0.06949649901587249,0.0542472691553275,-0.018922371359155893,-0.058822786489734886,-0.008029590953678627
session_2026-08-27_20-29-31,144,0.30623029143263364,-0.08331278638329166,-0.09672181096898366,-0.00784672825922151,-0.018210334376093314,-0.012010373291973435,-0.004851137556222052,0.003364982585048696,-0.0014226330288384219
session_2026-08-27_20-29-31,145,-0.3485406120980331,-0.10327689180505939,-0.8064305922869418,-0.024236601528336184,0.032102831775163765,-0.0008672954029363538,0.009332873800646312,0.006618037272212573,0.0008768753498124433
session_2026-08-27_20-29-31,146,0.016967330323219634,-0.11234927936262584,-1.379703138215666,0.15032176862153965,-0.011728204120765941,0.007231929636662333,0.00042272652469833833,-0.04667286148420163,-0.0011459459596784027
session_2026-08-27_20-29-31,147,-0.07641775031130091,0.08275248253505643,-1.0181318951362486,0.1126540959082945,0.034392511502971464,0.013289652936563695,0.013145350829983164,-0.036503791210537456,1.0136214331105497e-05
session_2026-08-27_20-29-31,148,-0.3040011337195083,-0.10560442757415131,-0.005035289045861314,-0.027069264131611374,0.05379566128224863,0.04981760863047483,0.013412097148547228,0.0013035553580259126,-0.0020350385168074335
session_2026-08-27_20-29-31,149,0.07802706539967633,0.06849651759388445,0.9793558353054963,0.032375259747371495,0.026464785145313283,0.039672621674912804,0.007693322715352228,-0.015528018480620165,-0.00346470612911105
session_2026-08-27_20-29-31,150,-0.3292922186750617,-0.17784180035621225,-0.13874462104240942,-0.1118694738614136,0.0524432830364843,0.03038041276961985,0.009918215483630921,0.030652206186304536,0.004301851205395401
session_2026-08-27_20-29-31,151,0.2365979570314127,0.15287176466502408,0.3890633888636302,-0.08629459759355466,0.03765467966773577,0.008173986040800807,0.007799855070469706,0.025361379310141458,0.00401421023508589
session_2026-08-27_20-29-31,152,0.11107297622855902,0.0825360934106435,1.235014394747381,0.19736241732174364,0.03944645465545206,-0.012158480736567688,0.02092697788492424,-0.06168451300158905,-0.004268098035422923
session_2026-08-27_20-29-31,153,0.2892674417483895,0.020857934767289532,1.148485221784134,-0.021121446473528156,-0.01225506855345688,-0.005120350307040966,-0.0026640350276016865,0.005607255993679603,-0.004016433632459253
session_2026-08-27_20-29-31,154,0.10124378672950324,-0.12023430424899309,0.7139929981376378,-0.11918659502316313,-0.08235998589191969,-0.04391765153071082,-0.025781331551669662,0.04251697850819816,-0.0012119110463893882
session_2026-08-27_20-29-31,155,0.2530396604668948,0.1234314424341979,0.76922831456765,-0.08527337039897351,0.01436833816487369,-0.012210736672918776,0.002282401537897561,0.027597055504825146,0.002235278063835326
session_2026-08-27_20-29-31,156,0.1511970992046797,0.08542163530085012,1.2025281318637755,0.009110395683868497,0.10816981973064776,0.08608005895136828,0.02901576867384031,-0.014570940819342399,-0.0016196265672447645
session_2026-08-27_20-29-31,157,0.17142156873281236,0.1013941167327119,1.1919363975529331,0.09404663966106828,0.08242990166143367,0.13495537194451532,0.020692492745337306,-0.04567240511793473,-0.004639280354588348
session_2026-08-27_20-29-31,158,-0.12507559464428872,0.13935024253742845,-1.0539790784230938,0.14535717815164348,0.07119597362168198,0.060165251564595214,0.0246570807677607,-0.05389545676903589,-0.005340668413685858
session_2026-08-27_20-29-31,159,0.20922300024626334,-0.06680309923548639,1.3758893082429193,-0.020968029238099588,0.16575339392603616,0.045700851775986075,0.04890508063296485,-0.0019175956787573101,0.002316580907870173
session_2026-08-27_20-29-31,160,-0.44129971427153686,-0.13066280719643833,-0.4954962543086309,0.0028290956951361234,0.04497629683371279,0.013416161707611103,0.013489206794519539,-0.003506052607919353,0.00033310306981277396
session_2026-08-27_20-29-31,161,0.3780136280793892,-0.10981521242784148,0.45974719957641147,0.02159034093663912,0.03272386267872951,0.0007577698444710021,0.011277546438185754,-0.007959124755041121,-0.0004214668035285274
session_2026-08-27_20-29-31,162,-0.26101294837878525,0.0008194420698237059,-1.1196411809496982,0.02158848023390862,0.032726275281435714,0.000704736055326968,0.011277546438185754,-0.007959124755041121,-0.0004214668035285274
session_2026-08-27_20-29-31,163,0.0570022968090881,-0.14877328261139777,0.5586206689574126,0.021586552590667208,0.03272864580573776,0.000651702759526026,0.011277546438185754,-0.007959124755041121,-0.0004214668035285274
session_2026-08-27_20-29-31,164,-0.3092083678859166,0.056666800259830646,-1.09514541994851,0.021584558011185587,0.03273097424638376,0.000598670074563895,0.011277546438185754,-0.007959124755041121,-0.0004214668035285274
session_2026-08-27_20-29-31,165,-0.2041824431295136,0.09993118803604295,-0.6878297117125924,0.021582496499882774,0.03273326059821501,0.0005456381179349419,0.011277546438185754,-0.007959124755041121,-0.0004214668035285274
session_2026-08-27_20-29-31,166,-0.2942286030717594,-0.043660506871109755,0.34973898388755836,0.021582391667438614,0.032733373810883926,0.0005429865413297743,0.011277546438185754,-0.007959124755041121,-0.0004214668035285274
session_2026-08-27_20-29-31,167,-0.28992785921731223,-0.13577814872225497,-0.3138324150455802,0.021578284057621553,0.032737597907233344,0.0004422283423275058,0.011277546438185754,-0.007959124755041121,-0.0004214668035285274
session_2026-08-27_20-29-31,168,-0.326903123011973,-0.00953111001694873,-0.9834026298894614,0.021576025124617933,0.03273976006790184,0.0003891992188162513,0.011277546438185754,-0.007959124755041121,-0.0004214668035285274
session_2026-08-27_20-29-31,169,-0.3225827215968914,0.08980540654918223,-0.847402604435069,0.021573699278697803,0.03274188012029052,0.00033617128772264656,0.011277546438185754,-0.007959124755041121,-0.0004214668035285274
session_2026-08-27_20-29-31,170,0.293096241842128,-0.09898490939141721,0.026868656528659777,-0.054746879454973064,0.06790215481938211,-0.01685312248126692,0.020839551934699063,0.01686893140212264,0.0015406206917287924
session_2026-08-27_20-29-31,171,-0.2410420430646692,-0.07163957020764045,-1.1667591543519193,-0.07717534321243559,-0.09048109761019836,3.353122506862464e-05,-0.03177170944099452,0.02658685510076787,0.0022501789824064633
session_2026-08-27_20-29-31,172,-0.30615790726683284,-0.13186051285911338,0.09272250318816945,-0.10040980771781371,-0.11370135795876977,0.017061422905548365,-0.04146048145049582,0.03301923473118895,0.002845251663029046
session_2026-08-27_20-29-31,173,-0.1619223669246532,-0.018446123342554063,-0.9425176282864611,-0.15105931723073668,0.021045042682638473,0.011223835956448004,0.0005891545307934261,0.04556554196841602,0.0028777599569048775
session_2026-08-27_20-29-31,174,-0.2899060263786425,0.09323478762193738,-0.04299655019726584,-0.1049387051933805,-0.03257094127404908,-0.011552654886799173,-0.013040476759893949,0.034342342764854795,0.0010782329257244124
session_2026-08-27_20-29-31,175,0.29748001971136584,0.1272514979804096,-0.1098214058973774,0.054666505279636624,-0.21421856745905585,-0.06771465354235828,-0.06101737577012366,-0.004542904078360184,-0.0019782613340176697
session_2026-08-27_20-29-31,176,0.32222200371045967,0.13249378433215492,-0.28980363746863996,-0.004770046991672627,-0.04194303920786054,0.029865095363932295,-0.01762244670171876,0.0015443844963857376,0.003398573280234324
session_2026-08-27_20-29-31,177,0.3737021099444568,-0.05166875904768843,-0.37245758881079477,0.041021094801181573,0.15191730630824024,0.14506063043481407,0.0374705599026268,-0.03021362765083846,0.0013919292808603656
session_2026-08-27_20-29-31,178,0.011215876046957732,-0.11397069622854672,-1.1662522809642106,0.011913939631630004,0.07537106182555203,0.04949586001367849,0.020766635305045196,-0.011473057643608427,-0.0008629475189844534
session_2026-08-27_20-29-31,179,-0.338578023079738,-0.10311620687978779,-0.7173962810641661,0.12501604588240744,0.03144880303329899,0.037473906127468225,0.011909980272963852,-0.04362936407125684,-0.003272171731219502
session_2026-08-27_20-29-31,180,0.32554023393900283,0.14534713237231736,-0.3783988946870082,0.08887842600734046,0.08787410116113453,0.003689256958874729,0.030601809151451376,-0.029886297282473422,-0.00043667494868846856
session_2026-08-27_20-29-31,181,0.16295978434473796,-0.12959234398958952,1.0965484239840673,-0.12395525775148457,0.012863138662681474,-0.06781527370939884,0.003965757011348164,0.0457089468621112,0.005673414353908449
session_2026-08-27_20-29-31,182,0.18613730882628998,0.15116907349887293,-0.6088855650330937,-0.02954475395494185,-0.12252970467845627,-0.05423998130207598,-0.035525922709674675,0.01760186251348609,-0.0005504419432268979
session_2026-08-27_20-29-31,183,-0.025519980598600424,0.16618098534385362,-0.7319852888187587,0.1428843256019042,-0.09657650352535388,-0.0513032820278891,-0.02035790432854818,-0.03809940749553947,-0.007219889586950076
session_2026-08-27_20-29-31,184,-0.2939508597389755,-0.09080323957494585,-0.7258615897286893,0.16032624518181207,0.008648666345413608,0.01904301797267739,0.007907040288888771,-0.053143085859997045,-0.006316787116017037
session_2026-08-27_20-29-31,185,0.2461151493457356,0.07044803422429526,0.03582722149057395,-0.002466271542654792,-0.009875246138857275,0.006844770579248782,-0.0013214800885670808,-0.0019223486360221808,-0.006871314839385078
session_2026-08-27_20-29-31,186,0.2918647996638894,-0.11721187956359874,0.2178882510772148,0.016560062208004662,0.021041412164834468,0.015450126465539492,0.007104660116521061,-0.008189974965308235,-0.003712554832162666
session_2026-08-27_20-29-31,187,0.22781750320621408,0.14263741905725189,-0.934065100775282,-0.037373182001156,0.04184042936888114,0.021723557313075122,0.008647412787873454,0.009938555507256213,0.004747568104545016
session_2026-08-27_20-29-31,188,-0.33624473988062775,-0.16236298377739827,0.30392158364832544,-0.05672864809172852,-0.0779910444087942,-0.06538620379481094,-0.02248157180979924,0.02670339184370075,0.002655238976893411
session_2026-08-27_20-29-31,189,-0.2570425578892948,-0.1064198232894687,-0.6136644340007557,0.012131347825883279,-0.13129450292148648,-0.05063193747207323,-0.036677888893871996,0.004129230303882963,-0.002315102725804019
session_2026-08-27_20-29-31,190,-0.1704761773637428,-0.1718285064459864,0.7998809999785225,-0.010025904860586632,0.01651184205617592,-0.0010810352240860131,0.004919625711405847,0.0031635734970574506,0.0013594081816386088
session_2026-08-27_20-29-31,191,-0.16382968049861765,0.15970684893827336,-1.0776686618070839,0.060932023337409616,0.05663128729435747,0.04384702998921372,0.01593630580886444,-0.024402862573461446,0.0011289426488758673
session_2026-08-27_20-29-31,192,-0.12152656204290824,0.01469146757403772,-1.0916709712525505,-0.11464012478666788,0.008990610218468963,0.0431703536684278,-0.004784654322293943,0.03127848949785967,0.002689247632989862
session_2026-08-27_20-29-31,193,-0.09654221186800753,-0.07621677511282965,-1.3643815593787836,-0.1835518103169727,-0.03701697117173259,-0.011609810033798905,-0.018073299526592024,0.060075659687630394,0.005877726873980447
session_2026-08-27_20-29-31,194,-0.37502073693945126,0.009469032699830127,-1.0384907954745146,-0.034723460639787665,-0.025746275022678417,-0.011045601385200521,-0.009222352016822357,0.012913068566136065,0.0018495857966796352
session_2026-08-27_20-29-31,195,0.2703399453764858,-0.0029515774259065153,1.0571775111227877,0.02101915829088313,0.13643581816496514,-0.03195050408173324,0.04630000210923209,-0.006817842385384305,0.0012177408196312183
session_2026-08-27_20-29-31,196,-0.21629784371760022,-0.09187084931398862,-0.6681055836893518,-0.08205622410993109,0.04888989439176117,0.010303305684944373,0.011190664219440616,0.024555931315152636,0.004859889679324949
session_2026-08-27_20-29-31,197,-0.27052188980515834,-0.0002389134432409512,-1.100365791327925,-0.13349772905580903,-0.021882138126512417,0.09501184442323159,-0.01963139501049817,0.03423701036842456,0.004819197146486389
session_2026-08-27_20-29-31,198,-0.25476419744712775,0.11636199997775654,-0.6061664100052463,-0.1493285059569919,0.10457718424401931,0.01770243429375679,0.028136210634222912,0.04051851506918559,-0.0010814030534229012
session_2026-08-27_20-29-31,199,0.037591150231977566,-0.14014958934612953,-0.9696487857196676,-0.2723085708825896,0.05888263894996735,0.04998877311601342,0.006911184192271292,0.07626501772340175,0.0004189057268956445
session_2026-08-27_20-29-31,200,0.2926655489502245,-0.09644210705549322,0.030173134304079575,-0.0752227606912429,-0.08520335676667454,0.03317883133337653,-0.03231656357634592,0.021975073190386333,0.0008784003601127104
session_2026-08-27_20-29-31,201,-0.012881285009115246,-0.13946785175736395,0.7997184410931959,0.027724549873610355,0.008302931618305915,-0.03766117638731125,0.006237629166927178,-0.004837879931121951,0.0003915320894355531
session_2026-08-27_20-29-31,202,0.29882560734710917,-0.11333918706215027,0.14689418514981056,0.003133944974831093,0.047542434202664345,0.01812281507980099,0.013623235327240852,-0.0037673294153898174,0.000726514594887082
session_2026-08-27_20-29-31,203,-0.2976754847571338,-0.12652105598946906,0.10693150141118477,0.09879595620062558,-0.012726499890091468,-5.034292468097848e-05,-0.0018661476976551568,-0.028700582260711868,0.001827567822527787
session_2026-08-27_20-29-31,204,-0.13500573949615072,-0.11500904304658699,-1.421864184728676,0.09950691433449733,-0.1752741826246726,-0.0361122593524032,-0.048378115940225626,-0.022404956620654587,-0.003222132256942445
session_2026-08-27_20-29-31,205,0.06095339422051929,-0.08327580660321343,-1.089189248510831,-0.03624858710583913,-0.010405275521198777,0.06841554574620955,-0.008010864707185105,0.003895433695475667,-0.002948723776959519
session_2026-08-27_20-29-31,206,-0.2107347753222579,-0.09873709902633346,-0.6832395931192039,-0.06096081883534524,0.20819054614827034,0.06430830719018249,0.05797032475866664,0.007845040236466245,0.004329734999977672
session_2026-08-27_20-29-31,207,0.40439623179595413,0.011392230191511477,1.0984446664315635,-0.08585502773693492,0.058752193490463546,0.01757443872464265,0.013187668146260588,0.02416022256817298,0.0043218934714983
session_2026-08-27_20-29-31,208,0.07314400668946829,0.030546245152963614,1.110205946800618,0.016639671391706152,-0.04554817177337336,0.05514251196439264,-0.01793499464130161,-0.010190829972093125,-0.0021038305962798043
session_2026-08-27_20-29-31,209,-0.19975289972889348,-0.08709311787121746,-0.704717549580388,0.079938492038677,-0.011723886902264741,-0.01154472149811329,0.00035931405745768033,-0.02446785128329272,-0.0034452859407479316
session_2026-08-27_20-29-31,210,0.16574441925828146,-0.148446764942897,0.8552916913715234,0.04736989761301025,-0.02409082264451855,0.03767119119241305,-0.009357606144498954,-0.017331971468802523,9.51128016861136e-05
session_2026-08-27_20-29-31,211,0.2587289001340329,0.15281522775538597,-0.49570059796116284,0.02707768906999537,-0.05370719537793015,0.05453921036881333,-0.02083105987155484,-0.01186404989508684,0.0003861428799898639
session_2026-08-27_20-29-31,212,0.3893623443905415,-0.09847859353343302,0.5258142255821088,-0.07018554294855116,0.012022534977183169,-0.031290891784672266,0.003692486944948031,0.02460414454410647,0.001744621264464239
