session,video_frame_index,radar_frame_num,radar_x,radar_y,radar_z,camera_x,camera_y,camera_z,radar_snr,gate_distance_m,tag_decision_margin
session_2026-08-27_20-18-44,1,12,0.0,7.29255,-0.11025,0.19137957393805038,-0.492210481644512,7.515829124604491,33.884,0.5762687572717519,23.11306381225586
session_2026-08-27_20-18-44,2,13,0.0,7.29253,-0.11181,0.18148024200225285,-0.4772420910871106,7.575191420153631,33.824,0.6257528702643289,31.041454315185547
session_2026-08-27_20-18-44,3,14,0.0,7.29256,-0.10995,0.18096054792671631,-0.47660110643581455,7.562583081066959,33.821,0.6197303385486198,34.01048278808594
session_2026-08-27_20-18-44,5,15,0.0,7.29255,-0.11033,0.18065668892523476,-0.47558369680289797,7.548034776397842,33.852,0.6113130548597496,40.95892333984375
session_2026-08-27_20-18-44,8,16,0.0,7.29251,-0.11342,0.18041516415450948,-0.4760826371533837,7.530979339971749,33.893,0.5987124530799464,44.963890075683594
session_2026-08-27_20-18-44,11,17,0.0,7.29255,-0.11067,0.17900231023296143,-0.47554833447244643,7.532059647658005,33.842,0.6023006396293461,46.211483001708984
session_2026-08-27_20-18-44,13,18,0.0,7.29254,-0.11129,0.17914623278233416,-0.47544370519376733,7.529619820043896,33.82,0.6004288329181268,47.04531478881836
session_2026-08-27_20-18-44,16,19,0.0,7.29255,-0.11064,0.17927016702092066,-0.47701824714043206,7.531514145499827,33.867,0.6009094152230529,48.044307708740234
session_2026-08-27_20-18-44,19,20,0.0,7.29253,-0.11208,0.1786773530844443,-0.4773294300166681,7.531872133306525,33.827,0.600184264593738,47.96076202392578
session_2026-08-27_20-18-44,22,21,0.0,7.29258,-0.10841,0.18035861117046423,-0.47494152407801016,7.535892322962718,33.823,0.6059279091480121,47.25967788696289
session_2026-08-27_20-18-44,25,22,0.0,7.2926,-0.10747,0.17934162760716094,-0.47544194128176887,7.52698094872906,33.834,0.6014949465105228,47.23115539550781
session_2026-08-27_20-18-44,28,23,0.0,7.29257,-0.10951,0.17916342879191685,-0.47667745026029923,7.53410204849102,33.812,0.6035067041874338,48.1260871887207
session_2026-08-27_20-18-44,31,24,0.0,7.29255,-0.11047,0.1795961168230576,-0.4785468570984743,7.52348987652297,33.834,0.5951648268960752,48.164432525634766
session_2026-08-27_20-18-44,34,25,0.0,7.29257,-0.10926,0.17925957182407753,-0.4753706630740337,7.525445875064429,33.822,0.5994185071627958,48.779266357421875
session_2026-08-27_20-18-44,37,26,0.0,7.29256,-0.10991,0.18016223204335352,-0.47499790526347013,7.535230185319527,33.846,0.6045305779876413,46.08393096923828
session_2026-08-27_20-18-44,40,27,0.0,7.29258,-0.1087,0.17897618452474137,-0.4778358975948763,7.523308754379759,33.823,0.5970734732279549,48.329681396484375
session_2026-08-27_20-18-44,43,28,0.0,7.29259,-0.10796,0.17910989118585086,-0.47634324122068344,7.528369624089555,33.878,0.6014721677120417,47.828338623046875
session_2026-08-27_20-18-44,47,29,0.0,7.29255,-0.11053,0.17838165469133288,-0.478304891333005,7.52606638218534,33.785,0.5973616934150466,48.54595947265625
session_2026-08-27_20-18-44,50,30,0.0,7.29258,-0.10862,0.1793905670762002,-0.47503898425184726,7.529601158365086,33.82,0.6024563100935846,49.191890716552734
session_2026-08-27_20-18-44,54,31,0.0,7.29259,-0.10767,0.1773361083817851,-0.47907082484235447,7.526760826834661,33.774,0.5997767409216509,47.613800048828125
session_2026-08-27_20-18-44,58,32,0.0,7.29254,-0.11147,0.17911001346215327,-0.4751401573296413,7.530199492531696,33.788,0.6008581087934131,47.81060028076172
session_2026-08-27_20-18-44,61,33,0.0,7.29253,-0.11206,0.17845650642060762,-0.4744482106011802,7.528957194275848,33.836,0.600476759895171,47.82049560546875
session_2026-08-27_20-18-44,64,34,0.0,7.29256,-0.10994,0.1738807395563364,-0.48340993441147767,7.498471078202187,33.784,0.5808595936482575,49.286903381347656
session_2026-08-27_20-18-44,67,35,0.0,7.29261,-0.10674,0.17998248322643548,-0.4750259101124849,7.530997410714627,33.862,0.6043382384218302,47.88473892211914
session_2026-08-27_20-18-44,70,36,0.0,7.29256,-0.11012,0.17950627101847097,-0.4743777243727339,7.52836599754571,33.806,0.6010527924198644,47.59162139892578
session_2026-08-27_20-18-44,73,37,0.0,7.29257,-0.10915,0.17972287341769905,-0.4759097130278969,7.528800735036073,33.783,0.6008820522672864,47.526859283447266
session_2026-08-27_20-18-44,76,38,0.0,7.29257,-0.10918,0.18044365971515736,-0.4750337668360464,7.526059809713912,33.809,0.5994995347646993,48.18405532836914
session_2026-08-27_20-18-44,79,39,0.0,7.29257,-0.10942,0.18036840493805065,-0.474407281847409,7.531712424089791,33.807,0.6030890723401188,48.162017822265625
session_2026-08-27_20-18-44,82,40,0.0,7.29261,-0.10661,0.17907910009324052,-0.47265777169469075,7.523533254001804,33.83,0.602086426888458,48.09990310668945
session_2026-08-27_20-18-44,85,41,0.0,7.2926,-0.10722,0.17952445129005218,-0.4747134274355619,7.5218292864743415,33.786,0.5990862476595826,48.71279525756836
session_2026-08-27_20-18-44,88,42,0.0,7.29259,-0.10763,0.17944754880188715,-0.4741930247355071,7.521750207391736,33.768,0.5991335944709306,49.564964294433594
session_2026-08-27_20-18-44,91,43,0.0,7.29255,-0.11042,0.17892799429431408,-0.47487061446281104,7.518024399477452,33.814,0.5947964114928358,48.53969192504883
session_2026-08-27_20-18-44,94,44,0.0,7.29258,-0.10875,0.17977388104806147,-0.47418868114689083,7.527831714389152,33.859,0.6017112657570952,49.44053268432617
session_2026-08-27_20-18-44,97,45,0.0,7.29255,-0.11031,0.17709030444726004,-0.4727659922554814,7.521311015543329,33.819,0.599039572210205,49.3539924621582
session_2026-08-27_20-18-44,100,46,0.0,7.2926,-0.10717,0.17175144670791065,-0.4687551339658964,7.51408528647017,33.852,0.6024168316366295,49.92443084716797
session_2026-08-27_20-18-44,103,47,0.0,7.29259,-0.10807,0.18223931338646945,-0.4680419283143213,7.521634357915543,33.813,0.6015688211656393,48.53835678100586
session_2026-08-27_20-18-44,106,48,0.0,7.2926,-0.10757,0.17959913178943926,-0.4744964012921929,7.521311166283168,33.8,0.5986452728359224,49.407859802246094
session_2026-08-27_20-18-44,110,49,0.0,7.29255,-0.11028,0.1796567297423286,-0.474690422101891,7.524698788799126,33.909,0.5985263248371689,49.952056884765625
session_2026-08-27_20-18-44,113,50,0.0,7.29257,-0.10936,0.17979842688298628,-0.47635239782023775,7.5275053670314875,33.82,0.5996455856425281,49.398284912109375
session_2026-08-27_20-18-44,116,51,0.0,7.29257,-0.10947,0.18030720056316407,-0.47545597761275543,7.529057059119327,33.844,0.6008292067410036,49.35721206665039
session_2026-08-27_20-18-44,119,52,0.0,7.29257,-0.10911,0.17900418548234656,-0.47612800977857334,7.530838478637405,33.857,0.6023007004062099,48.9527702331543
session_2026-08-27_20-18-44,122,53,0.0,7.29253,-0.11171,0.17930775818846797,-0.47383088739425727,7.532373680250593,33.798,0.6027401784658571,48.50634002685547
session_2026-08-27_20-18-44,125,54,0.0,7.29257,-0.10934,0.1799677763782772,-0.47605628742295775,7.530224259743566,33.811,0.6013705315198482,49.09110641479492
session_2026-08-27_20-18-44,128,55,0.0,7.29256,-0.11006,0.17956667881146998,-0.47786768368239696,7.52736962420886,33.816,0.5981813603400954,48.865806579589844
session_2026-08-27_20-18-44,131,56,0.0,7.29257,-0.10941,0.17984464230255326,-0.4741190323222185,7.5192711968838175,33.863,0.5962962619078513,50.617435455322266
session_2026-08-27_20-18-44,134,57,0.0,7.29255,-0.11028,0.18021224999029212,-0.47573044158774475,7.536521698371484,33.906,0.6045360101506836,48.83344650268555
session_2026-08-27_20-18-44,137,58,0.0,7.29256,-0.11003,0.17983140531888175,-0.47588726230451606,7.527913095349603,33.851,0.5997020174662718,49.565093994140625
session_2026-08-27_20-18-44,140,59,0.0,7.29258,-0.10873,0.1742156114347087,-0.4876285591672036,7.46265209173457,33.857,0.5596027753309347,49.301021575927734
session_2026-08-27_20-18-44,143,60,0.0,7.2926,-0.10725,0.1800164387781452,-0.47536558736230444,7.529725951421598,33.843,0.6029913079295759,48.92243576049805
session_2026-08-27_20-18-44,146,61,0.0,7.29259,-0.10807,0.17941154941483972,-0.4753652736231704,7.521535542597311,33.848,0.5979285653780716,48.496978759765625
session_2026-08-27_20-18-44,149,62,0.0,7.29257,-0.10926,0.1788092530717122,-0.47677007131634336,7.52980299733648,33.762,0.6012541986133908,47.70070266723633
session_2026-08-27_20-18-44,152,63,0.0,7.29258,-0.10876,0.17898817636636666,-0.47537491171001356,7.531918166066832,33.814,0.6036842963555411,47.29314422607422
session_2026-08-27_20-18-44,155,64,0.0,7.29256,-0.11021,0.1796840216033557,-0.47400790981377466,7.526637918292874,33.809,0.6001402774056249,47.771602630615234
session_2026-08-27_20-18-44,158,65,0.0,7.29258,-0.10846,0.1798053800947373,-0.47617343331007106,7.5370464286556125,33.883,0.6060265354921641,49.823368072509766
session_2026-08-27_20-18-44,161,66,0.0,7.29255,-0.11057,0.17970554126460822,-0.4745677701612178,7.52840367988911,33.827,0.6005386825040744,47.7896728515625
session_2026-08-27_20-18-44,164,67,0.0,7.29253,-0.11192,0.17969252680261832,-0.47490575182595657,7.526112700703375,33.809,0.5980271517112573,48.58811950683594
session_2026-08-27_20-18-44,167,68,0.0,7.29259,-0.10824,0.18290292894434412,-0.46733309519786465,7.51756883018103,33.88,0.5992922224588044,48.29899978637695
session_2026-08-27_20-18-44,170,69,0.0,7.29256,-0.10959,0.1790334721368942,-0.4756405413567674,7.528257567947517,33.84,0.6007562498460312,48.066837310791016
session_2026-08-27_20-18-44,173,70,0.0,7.2926,-0.10737,0.17982069955905222,-0.47462750342384546,7.528323349501794,33.855,0.6026653781632513,47.57857894897461
session_2026-08-27_20-18-44,176,71,0.0,7.29252,-0.1125,0.17954959947883065,-0.47475593294164514,7.53468122083187,33.805,0.6028280997538453,48.61393356323242
session_2026-08-27_20-18-44,179,72,0.0,7.29255,-0.11028,0.17939240449430427,-0.4751022591150898,7.5291135037218755,33.806,0.6009560874177596,48.469364166259766
session_2026-08-27_20-18-44,182,73,0.0,7.29255,-0.11038,0.17896649494575154,-0.47792381336897716,7.527157171157995,33.802,0.598080365920269,48.14426803588867
session_2026-08-27_20-18-44,185,74,0.0,7.2926,-0.10722,0.17947351208619217,-0.4743834888790177,7.528592111405589,33.802,0.6032542186521762,48.676361083984375
session_2026-08-27_20-18-44,185,75,0.0,7.29257,-0.10927,0.17947351208619217,-0.4743834888790177,7.528592111405589,33.826,0.6017998354546545,48.676361083984375
session_2026-08-27_20-18-44,191,76,0.0,7.29258,-0.10841,0.17922239816019442,-0.4762708762713732,7.521985935131358,33.856,0.5974360117666665,48.17146682739258
session_2026-08-27_20-18-44,194,77,0.0,7.29257,-0.1095,0.18185382846738604,-0.46819906008086926,7.5264111462944205,33.845,0.6033699155483785,47.631622314453125
session_2026-08-27_20-18-44,197,78,0.0,7.29255,-0.11059,0.1787599348402625,-0.474972874614267,7.523881217847504,33.792,0.5980661766778033,48.2823371887207
session_2026-08-27_20-18-44,200,79,0.0,7.29256,-0.10967,0.17112354120473755,-0.48315237082712814,7.480809291654479,33.798,0.5730300792410898,48.59223937988281
session_2026-08-27_20-18-44,203,80,0.0,7.29255,-0.11041,0.1711934382718701,-0.4851637680842608,7.4745177915119205,33.85,0.5677772273070749,47.523040771484375
session_2026-08-27_20-18-44,206,81,0.0,7.29258,-0.10845,0.1796236232825964,-0.4761614624091061,7.527444354767591,33.878,0.600464087717152,48.487831115722656
session_2026-08-27_20-18-44,209,82,0.0,7.29255,-0.11079,0.17986837934223723,-0.4738889812243661,7.526021899861389,33.827,0.5993626188176846,48.1159782409668
session_2026-08-27_20-18-44,212,83,0.0,7.29257,-0.10896,0.17603139420885713,-0.4692598093738465,7.5251200789514,33.821,0.6050312456304036,49.07341766357422
session_2026-08-27_20-18-44,215,84,0.0,7.29254,-0.11111,0.17234412102745333,-0.4785940888943057,7.512318564260577,33.854,0.591756056829212,46.834720611572266
session_2026-08-27_20-18-44,218,85,0.0,7.29256,-0.10959,0.17872811544524295,-0.47541560402398775,7.527698554411055,33.861,0.600721718447745,48.449974060058594
session_2026-08-27_20-18-44,221,86,0.0,7.29251,-0.11339,0.17880207477319504,-0.47504484854416285,7.5238917685849085,33.858,0.5960230273683339,48.24171447753906
session_2026-08-27_20-18-44,224,87,0.0,7.29254,-0.11149,0.17966022384759012,-0.4760367949457356,7.529296130825653,33.849,0.599463933579396,48.0428581237793
session_2026-08-27_20-18-44,227,88,0.0,7.29256,-0.11008,0.17940893502647284,-0.47825191145183676,7.527219475909971,33.835,0.597900698308212,48.29435348510742
session_2026-08-27_20-18-44,230,89,0.0,7.29256,-0.11004,0.18033626436233013,-0.47595990998433346,7.52643883340223,33.82,0.5985469626960014,48.28765106201172
session_2026-08-27_20-18-44,233,90,0.0,7.29257,-0.10903,0.1797544727249062,-0.4610417799004569,7.500612692398313,33.805,0.5950654458111193,48.12715530395508
session_2026-08-27_20-18-44,236,91,0.0,7.29259,-0.10763,0.17948707605488134,-0.4750599474796226,7.522390539654255,33.824,0.5989063147705305,47.892578125
session_2026-08-27_20-18-44,239,92,0.0,7.29254,-0.11149,0.17873109036170873,-0.47522499682650104,7.523647009802032,33.869,0.5971380112799156,47.09381866455078
session_2026-08-27_20-18-44,242,93,0.0,7.29254,-0.11121,0.17962980501505302,-0.4749403573760563,7.529453773651432,33.841,0.6004921049580693,47.7907600402832
session_2026-08-27_20-18-44,245,94,0.0,7.2926,-0.10741,0.1706723654051108,-0.48580625755010004,7.459371880789231,33.84,0.5619807646749033,47.844139099121094
session_2026-08-27_20-18-44,248,95,0.0,7.29254,-0.11112,0.17839829169606788,-0.4729092194736282,7.529273110478132,33.832,0.6023696180447509,48.714019775390625
session_2026-08-27_20-18-44,251,96,0.0,7.29254,-0.11129,0.17861371991188965,-0.47479485500955254,7.524104080891755,33.766,0.5978866809827622,47.59046936035156
session_2026-08-27_20-18-44,254,97,0.0,7.29254,-0.11104,0.1733848962690111,-0.4870518397163543,7.46593726412778,33.788,0.5604474932250986,48.015018463134766
session_2026-08-27_20-18-44,257,98,0.0,7.29255,-0.11069,0.1793794626914455,-0.4752730928265004,7.524845047381818,33.779,0.5980629323122272,48.54737854003906
session_2026-08-27_20-18-44,260,99,0.0,7.29254,-0.11143,0.17928219837605747,-0.4754477232733558,7.520869360785257,33.834,0.5951625658960847,48.061744689941406
session_2026-08-27_20-18-44,263,100,0.0,7.29252,-0.11264,0.17947257874202202,-0.474601597488281,7.518809087136583,33.849,0.5935875927915663,48.101661682128906
session_2026-08-27_20-18-44,266,101,0.0,7.29253,-0.11204,0.17958003481957488,-0.47599971734745566,7.526086856409244,33.836,0.597257735418644,46.6130485534668
session_2026-08-27_20-18-44,269,102,0.0,7.29253,-0.11189,0.18531752264467713,-0.4813576292261638,7.515854450050117,33.785,0.585152559993143,48.25389862060547
session_2026-08-27_20-18-44,272,103,0.0,7.29256,-0.10975,0.17963440963258023,-0.4754001166280067,7.52543561499509,33.838,0.5988701710142046,48.541709899902344
session_2026-08-27_20-18-44,275,104,0.0,7.29257,-0.10895,0.17897752342825715,-0.4750474239920207,7.526190439296413,33.781,0.600420950768303,47.792415618896484
session_2026-08-27_20-18-44,278,105,0.0,7.29256,-0.11018,0.17835698997176358,-0.47820018188750313,7.5199562983578145,33.805,0.5941361991991916,49.206512451171875
session_2026-08-27_20-18-44,281,106,0.0,7.29257,-0.10935,0.18334124830708612,-0.4624778470570063,7.50683918225116,33.81,0.5955703753035965,48.420814514160156
session_2026-08-27_20-18-44,284,107,0.0,7.29253,-0.1122,0.1802078006256822,-0.4755015976674829,7.530157619056024,33.748,0.599564357086831,48.15089416503906
session_2026-08-27_20-18-44,287,108,0.0,7.29256,-0.10982,0.1686925688599371,-0.4638231583193035,7.497178757959026,33.814,0.5960603621490012,47.76494598388672
session_2026-08-27_20-18-44,290,109,0.0,7.29255,-0.11037,0.17962770790550572,-0.47456999412713446,7.519686710046202,33.785,0.5956557520503029,48.162078857421875
session_2026-08-27_20-18-44,293,110,0.0,7.29253,-0.11181,0.1789802476356817,-0.476779187666448,7.5304401043547475,33.859,0.5997475888230971,47.560821533203125
session_2026-08-27_20-18-44,296,111,0.0,7.29252,-0.11279,0.17219216537827794,-0.4607088667699187,7.486921770246608,33.829,0.5888639467549321,48.54460144042969
session_2026-08-27_20-18-44,299,112,0.0,7.29256,-0.11,0.17906079319941665,-0.4734376994820418,7.521565729419846,33.859,0.5980224964621499,47.68478775024414
session_2026-08-27_20-18-44,302,113,0.0,7.29256,-0.1096,0.1796532870374774,-0.47532664593829715,7.5263791596461616,33.819,0.599567186081256,48.621917724609375
session_2026-08-27_20-18-44,305,114,0.0,7.29253,-0.11178,0.17271851025455448,-0.47551138836716517,7.513825177677488,33.824,0.5939987321428793,48.10348892211914
session_2026-08-27_20-18-44,308,115,0.0,7.29253,-0.11214,0.17953894813782081,-0.4752751123480964,7.528297178917414,33.859,0.5989774926109086,48.96464920043945
session_2026-08-27_20-18-44,311,116,0.0,7.29257,-0.10953,0.1786419557718303,-0.4796540443142061,7.523860667122302,33.866,0.595764728891517,49.2797966003418
session_2026-08-27_20-18-44,314,117,0.0,7.29257,-0.10899,0.18302767570670314,-0.4625743142097077,7.503004974037988,33.808,0.5937997818996028,47.76861572265625
session_2026-08-27_20-18-44,317,118,0.0,7.29255,-0.11034,0.17911835071762147,-0.4761726177977317,7.53245873102597,33.778,0.6023065098141429,47.556766510009766
session_2026-08-27_20-18-44,320,119,0.0,7.29257,-0.10922,0.17972354026403797,-0.4774340513208237,7.530118460717446,33.8,0.6006012250072368,49.31474304199219
session_2026-08-27_20-18-44,323,120,0.0,7.29255,-0.11053,0.17928866299875995,-0.4773087835628728,7.5274971524259735,33.8,0.5984252241234365,47.12980651855469
session_2026-08-27_20-18-44,326,121,0.0,7.29259,-0.10788,0.18080930467142597,-0.46361583291921693,7.513951530514582,33.823,0.601015622345688,49.23468780517578
session_2026-08-27_20-18-44,329,122,0.0,7.29257,-0.1093,0.1796166348305413,-0.4763949556310534,7.534688242306991,33.789,0.6039764333328018,49.3851203918457
session_2026-08-27_20-18-44,332,123,0.0,7.29251,-0.11326,0.17692527765062108,-0.4703106524580739,7.531079450001345,33.842,0.6043225381325644,48.670963287353516
session_2026-08-27_20-18-44,335,124,0.0,7.29257,-0.10945,0.17959408875706268,-0.4764205791113671,7.530976046577793,33.864,0.6016698812196903,48.429656982421875
session_2026-08-27_20-18-44,338,125,0.0,7.29252,-0.11227,0.17924412990764538,-0.4749700979452365,7.526369859020118,33.817,0.5981015672761042,48.539894104003906
session_2026-08-27_20-18-44,341,126,0.0,7.29256,-0.11007,0.18045038935601213,-0.4762868798825461,7.533272139982855,33.835,0.6022757462950448,50.186126708984375
session_2026-08-27_20-18-44,344,127,0.0,7.29259,-0.10767,0.17870425791796787,-0.4778231698109556,7.523439282018985,33.793,0.5980186374088398,49.503173828125
session_2026-08-27_20-18-44,347,128,0.0,7.29256,-0.11014,0.18236144949363806,-0.46544044513185967,7.519031041001576,33.812,0.6002875963990144,49.94692611694336
session_2026-08-27_20-18-44,350,129,0.0,7.29259,-0.10769,0.18006330620208688,-0.4756896570856765,7.5339316628710025,33.791,0.6049208781892537,47.168609619140625
session_2026-08-27_20-18-44,353,130,0.0,7.29256,-0.11024,0.18149810007288628,-0.46599789775393935,7.516505686025713,33.828,0.5988041553363761,48.56645965576172
session_2026-08-27_20-18-44,356,131,0.0,7.29256,-0.10965,0.17891942809973538,-0.4750026405543686,7.52184064938421,33.805,0.5974580738382929,48.13597869873047
session_2026-08-27_20-18-44,359,132,0.0,7.2925,-0.11367,0.1796819118678579,-0.4741296863684954,7.528760484346429,33.804,0.598860067575304,49.18312454223633
session_2026-08-27_20-18-44,362,133,0.0,7.29257,-0.10895,0.17978733047607653,-0.4745637268254145,7.534621947899583,33.817,0.605309513626807,48.10623550415039
session_2026-08-27_20-18-44,365,134,0.0,7.29258,-0.10857,0.17751467824652162,-0.4711061157380555,7.524688017069675,33.848,0.6031268085272233,48.42134094238281
session_2026-08-27_20-18-44,368,135,0.0,7.29259,-0.10825,0.1779184668561832,-0.47260214469531986,7.525621101869219,33.79,0.6027052663541324,48.620174407958984
session_2026-08-27_20-18-44,371,136,0.0,7.29257,-0.10928,0.1855228935366827,-0.4807309223443614,7.50780409609031,33.849,0.5827163490636686,48.6517333984375
session_2026-08-27_20-18-44,374,137,0.0,7.29257,-0.10904,0.17859131696119818,-0.4766588209665581,7.528460684816041,33.802,0.6007996259367082,48.21181869506836
session_2026-08-27_20-18-44,377,138,0.0,7.29255,-0.11041,0.17465481425397603,-0.4863968660366382,7.4768307818359,33.786,0.5663936882810999,49.01359176635742
session_2026-08-27_20-18-44,380,139,0.0,7.29249,-0.11473,0.17718821154248612,-0.4712421025432564,7.527246579874638,33.808,0.6003059041956813,47.538909912109375
session_2026-08-27_20-18-44,383,140,0.0,7.29259,-0.10812,0.17823308695587498,-0.477454152681427,7.534427025977404,33.787,0.6046042767849318,48.93220520019531
session_2026-08-27_20-18-44,386,141,0.0,7.29253,-0.1116,0.17874889844692876,-0.47509490587239067,7.531806678533052,33.744,0.6019163382003139,46.74057388305664
session_2026-08-27_20-18-44,389,142,0.0,7.29258,-0.10877,0.17952294569660782,-0.47449747944944587,7.532876062349734,33.775,0.6045693407806301,48.68818664550781
session_2026-08-27_20-18-44,392,143,0.0,7.29255,-0.1106,0.17984494059020484,-0.474324264431887,7.5250816441390045,33.753,0.5986738115841029,47.89527893066406
session_2026-08-27_20-18-44,395,144,0.0,7.29254,-0.1112,0.17880579675412742,-0.47486483689734243,7.52898586802298,33.826,0.6006624699900711,48.953346252441406
session_2026-08-27_20-18-44,398,145,0.0,7.29258,-0.10879,0.18049682816075946,-0.4756784206729516,7.539577399075903,33.813,0.6073043939248246,49.73721694946289
session_2026-08-27_20-18-44,401,146,0.0,7.29257,-0.10936,0.1794069215229317,-0.47648766254177294,7.528506658729251,33.822,0.6003269434580344,49.300025939941406
session_2026-08-27_20-18-44,404,147,0.0,7.2926,-0.1075,0.17976669008306667,-0.4749220184364066,7.529472574937829,33.802,0.6030743004964869,48.354915618896484
session_2026-08-27_20-18-44,407,148,0.0,7.29255,-0.11084,0.18001321903233086,-0.4614758971801601,7.501772965073065,33.873,0.5939482722947242,48.131065368652344
session_2026-08-27_20-18-44,410,149,0.0,7.29254,-0.11142,0.1776544412502796,-0.4776310150704563,7.525529180826797,33.839,0.5972084518581953,48.452903747558594
session_2026-08-27_20-18-44,413,150,0.0,7.29258,-0.10881,0.17964454134609725,-0.47438708609784475,7.523412225667352,33.799,0.5990276428002248,48.463478088378906
session_2026-08-27_20-18-44,416,151,0.0,7.29256,-0.11006,0.18007890857955997,-0.47520695657399414,7.537369805811535,33.776,0.6055972839231974,48.847084045410156
session_2026-08-27_20-18-44,419,152,0.0,7.2926,-0.10747,0.1850307080473531,-0.48367612316685826,7.5015774221012235,33.797,0.5787454232025855,48.54207229614258
session_2026-08-27_20-18-44,422,153,0.0,7.29258,-0.10853,0.17974548155695685,-0.47513049864577067,7.527987005454531,33.812,0.6013489765470763,47.972564697265625
session_2026-08-27_20-18-44,425,154,0.0,7.29257,-0.10927,0.17921231872044116,-0.47542494047092787,7.523228973103243,33.825,0.5981102068761588,48.46268081665039
session_2026-08-27_20-18-44,428,155,0.0,7.29257,-0.10912,0.17810451414063988,-0.47888415338553564,7.52307659709913,33.765,0.59636419464729,48.18309020996094
session_2026-08-27_20-18-44,431,156,0.0,7.29256,-0.11006,0.17456047686485512,-0.4864333850689076,7.487980332337091,33.788,0.5726491015124392,48.0809326171875
session_2026-08-27_20-18-44,434,157,0.0,7.29252,-0.11237,0.1795332577862355,-0.4743213025448988,7.530911659892964,33.804,0.6009851044589689,46.9452018737793
session_2026-08-27_20-18-44,437,158,0.0,7.29262,-0.10564,0.17950763357751426,-0.4754251103168203,7.530209767284827,33.835,0.6046170623342167,47.26329040527344
session_2026-08-27_20-18-44,440,159,0.0,7.29256,-0.1096,0.18193878215233547,-0.46447982311579966,7.514502842174333,33.823,0.5989627026938706,47.63444137573242
session_2026-08-27_20-18-44,443,160,0.0,7.29257,-0.10912,0.1794723376715858,-0.4747854238809782,7.52787143467745,33.813,0.6012204660338769,48.02754211425781
session_2026-08-27_20-18-44,446,161,0.0,7.29252,-0.11252,0.1794368603222079,-0.4743909332293537,7.529100790071799,33.775,0.5998131889033028,48.97850036621094
session_2026-08-27_20-18-44,449,162,0.0,7.29255,-0.11087,0.17945788097611698,-0.47575120861232095,7.527936192492769,33.889,0.5993864201240408,48.199913024902344
session_2026-08-27_20-18-44,452,163,0.0,7.29257,-0.10957,0.17963718916427682,-0.47477605586114013,7.519919985709942,33.835,0.5962141333397818,48.87168502807617
session_2026-08-27_20-18-44,455,164,0.0,7.29259,-0.10779,0.17914150662783865,-0.4731231120472196,7.522517538770286,33.807,0.6003192031365311,48.500526428222656
session_2026-08-27_20-18-44,458,165,0.0,7.29255,-0.11066,0.1797897551971904,-0.47591441800376755,7.530758957897956,33.813,0.6009306002542101,48.738399505615234
session_2026-08-27_20-18-44,458,166,0.0,7.2926,-0.10698,0.1797897551971904,-0.47591441800376755,7.530758957897956,33.823,0.6035334813282675,48.738399505615234
session_2026-08-27_20-18-44,464,167,0.0,7.29259,-0.10775,0.17850732376181142,-0.4738490230618199,7.522216887077522,33.798,0.5999893457042006,49.87453842163086
session_2026-08-27_20-18-44,467,168,0.0,7.29258,-0.10868,0.17961256624097205,-0.47525410798176276,7.5296537010635145,33.85,0.6021980101478049,49.2609977722168
session_2026-08-27_20-18-44,470,169,0.0,7.29256,-0.10961,0.17806148722110657,-0.4769759735727745,7.524969074363512,33.87,0.5984002400205172,48.769371032714844
session_2026-08-27_20-18-44,473,170,0.0,7.29259,-0.10793,0.17921886431944883,-0.47430288737718074,7.531941343817344,33.835,0.6048850076174849,47.909454345703125
session_2026-08-27_20-18-44,476,171,0.0,7.29256,-0.1101,0.17871983699203298,-0.476990879704546,7.531609692061009,33.818,0.6016217684518887,47.9288215637207
session_2026-08-27_20-18-44,479,172,0.0,7.29256,-0.1101,0.17952815041840808,-0.4744810330220927,7.5245123426832805,33.846,0.5987418539759479,48.68722152709961
session_2026-08-27_20-18-44,482,173,0.0,7.29254,-0.11101,0.17809375386446688,-0.47416877521539813,7.5192190016175156,33.833,0.595927880564655,47.963497161865234
session_2026-08-27_20-18-44,485,174,0.0,7.29257,-0.10953,0.1791705856219482,-0.4741211469307578,7.524681690868632,33.832,0.5996516274967875,48.588165283203125
session_2026-08-27_20-18-44,488,175,0.0,7.29262,-0.10598,0.1790871995644204,-0.4739699286694722,7.5209223843562025,33.816,0.6001519574440094,47.513084411621094
session_2026-08-27_20-18-44,491,176,0.0,7.29255,-0.11046,0.17286761923199678,-0.4860952307814284,7.47627082512583,33.812,0.5671751003703068,46.598392486572266
session_2026-08-27_20-18-44,494,177,0.0,7.29253,-0.11166,0.17939201316934048,-0.47545885691647144,7.523069479827779,33.806,0.5962175357222707,47.77378845214844
session_2026-08-27_20-18-44,497,178,0.0,7.29255,-0.11088,0.17768044106412687,-0.4758609329782751,7.521941715810645,33.834,0.5966597175938304,48.4158821105957
session_2026-08-27_20-18-44,500,179,0.0,7.29257,-0.10897,0.1783123809298366,-0.4752345239054394,7.518372300591886,33.824,0.5960792431458224,49.45343780517578
session_2026-08-27_20-18-44,503,180,0.0,7.29254,-0.11094,0.1791206471716862,-0.47495170763111755,7.524558142456566,33.807,0.5980569295487154,47.79534912109375
session_2026-08-27_20-18-44,506,181,0.0,7.29255,-0.11061,0.17950295707342698,-0.47516283469289944,7.526807158119074,33.831,0.5992786970600151,49.36153793334961
session_2026-08-27_20-18-44,509,182,0.0,7.29256,-0.11021,0.1793168455155554,-0.47520387365988176,7.527523025052741,33.788,0.6000387235442497,48.14921569824219
session_2026-08-27_20-18-44,512,183,0.0,7.29255,-0.11043,0.17920777206823388,-0.47422744328776517,7.5302116726762485,33.818,0.6021570525012356,49.35820007324219
session_2026-08-27_20-18-44,515,184,0.0,7.29261,-0.10631,0.18419574959911353,-0.4792450924208347,7.511970890238958,33.822,0.5888472977564921,48.72407913208008
session_2026-08-27_20-18-44,518,185,0.0,7.2926,-0.10718,0.17125252147133654,-0.4679012196308526,7.514668552325117,33.824,0.6035521020310505,49.634342193603516
session_2026-08-27_20-18-44,521,186,0.0,7.29259,-0.10824,0.17929632281791966,-0.47431878524255544,7.519375798561481,33.871,0.5973158553740903,48.75527572631836
session_2026-08-27_20-18-44,524,187,0.0,7.29256,-0.10986,0.17874499836139562,-0.47312024791716883,7.531840158408749,33.829,0.6044630454516857,50.06623458862305
session_2026-08-27_20-18-44,527,188,0.0,7.29254,-0.11137,0.16693258138407818,-0.4612651424948229,7.476659605619327,33.792,0.5868128675016641,48.332942962646484
session_2026-08-27_20-18-44,530,189,0.0,7.29261,-0.10624,0.17893838235215637,-0.4738218573893796,7.525783094514805,33.861,0.6029431103663643,47.635406494140625
session_2026-08-27_20-18-44,533,190,0.0,7.29254,-0.11098,0.17949988961501256,-0.4740067571058588,7.528549383626699,33.801,0.6008029373999044,49.02377700805664
session_2026-08-27_20-18-44,536,191,0.0,7.29258,-0.10876,0.1785877510869997,-0.47257254425092543,7.524003238330159,33.794,0.6011115367435312,47.610748291015625
session_2026-08-27_20-18-44,539,192,0.0,7.29258,-0.10872,0.17962881891630136,-0.4738473933174638,7.525152884275709,33.842,0.6004678447758487,49.12441635131836
session_2026-08-27_20-18-44,542,193,0.0,7.29258,-0.10882,0.17979332724112365,-0.4745688091674787,7.53001441775986,33.804,0.6026776412932168,48.08900451660156
session_2026-08-27_20-18-44,545,194,0.0,7.29255,-0.1106,0.1797242747565603,-0.47370627599584814,7.520509785485693,33.789,0.5964943090495731,47.674461364746094
session_2026-08-27_20-18-44,548,195,0.0,7.29256,-0.10981,0.17952659815456745,-0.47505786781176196,7.532134312618074,33.812,0.6030288750571176,48.81438064575195
session_2026-08-27_20-18-44,551,196,0.0,7.29258,-0.10844,0.17950743753509438,-0.47515046809650036,7.529978392272717,33.786,0.6026776987454038,48.843265533447266
session_2026-08-27_20-18-44,554,197,0.0,7.29258,-0.1089,0.17933301021952164,-0.47449038478978944,7.520759475995388,33.79,0.59750914977047,49.39447784423828
session_2026-08-27_20-18-44,557,198,0.0,7.29259,-0.10805,0.17955456491275867,-0.47578728693145045,7.532414697163383,33.829,0.6039417840469662,48.98410415649414
session_2026-08-27_20-18-44,560,199,0.0,7.29259,-0.10825,0.1866305774575347,-0.4830342547401023,7.498152266810554,33.778,0.5759338553260791,49.383941650390625
session_2026-08-27_20-18-44,563,200,0.0,7.29258,-0.10834,0.17894749637639315,-0.4863795241149407,7.488539061900721,33.819,0.5720360052802136,48.361114501953125
session_2026-08-27_20-18-44,566,201,0.0,7.29258,-0.10876,0.17871052315499578,-0.4744741700354182,7.522758325256246,33.809,0.5990681556986776,48.49174118041992
session_2026-08-27_20-18-44,569,202,0.0,7.29255,-0.11038,0.1792654614665647,-0.47569733266764685,7.522963555632954,33.812,0.5969645753671903,49.597137451171875
session_2026-08-27_20-18-44,572,203,0.0,7.29259,-0.10784,0.1788938999103339,-0.4753657367360541,7.530711014775223,33.806,0.6036769826334186,50.22174835205078
session_2026-08-27_20-18-44,575,204,0.0,7.29256,-0.11005,0.17910242562755363,-0.4743721025158712,7.524169135663925,33.814,0.5988516560595804,48.951168060302734
session_2026-08-27_20-18-44,578,205,0.0,7.29258,-0.10866,0.1840170884296753,-0.48146733622192717,7.516900212278987,33.815,0.5885939213934984,48.8248176574707
session_2026-08-27_20-18-44,581,206,0.0,7.29259,-0.10762,0.17895071457721634,-0.4744140100529915,7.526892344664743,33.782,0.6022059616771004,49.36808395385742
session_2026-08-27_20-18-44,584,207,0.0,7.29256,-0.10986,0.18418882528695216,-0.48356753656120777,7.499303178212369,33.794,0.5762339952126306,48.40840148925781
session_2026-08-27_20-18-44,587,208,0.0,7.29258,-0.10883,0.178814552727528,-0.4753209493357468,7.526589457464184,33.818,0.6006303438704614,49.610198974609375
session_2026-08-27_20-18-44,590,209,0.0,7.29256,-0.10963,0.17939881527638482,-0.47515308781258453,7.5260178252090455,33.801,0.5995698223494232,47.687042236328125
session_2026-08-27_20-18-44,593,210,0.0,7.29258,-0.10864,0.17878252034415873,-0.4765689203117137,7.524594688221426,33.824,0.5987940744033062,47.53169250488281
session_2026-08-27_20-18-44,596,211,0.0,7.29254,-0.11114,0.17893585603906484,-0.47541267271488924,7.523749944042162,33.814,0.5972266515798521,47.388877868652344
session_2026-08-27_20-18-44,599,212,0.0,7.29256,-0.10982,0.17855723632648934,-0.4751399871452589,7.52243114921031,33.781,0.5977579772947385,47.50700378417969
session_2026-08-27_20-18-44,602,213,0.0,7.29258,-0.10833,0.17879775625469407,-0.4772993393740304,7.520542448458082,33.814,0.5961772942903593,48.505496978759766
session_2026-08-27_20-18-44,605,214,0.0,7.29254,-0.11122,0.18001056033830518,-0.47460819124550035,7.524590557458877,33.804,0.5976825393527175,49.1120491027832
session_2026-08-27_20-18-44,608,215,0.0,7.29254,-0.11124,0.17960106983316143,-0.4761385233089314,7.529746727693164,33.791,0.5998678336672882,48.80921173095703
session_2026-08-27_20-18-44,611,216,0.0,7.29257,-0.10909,0.17933358491055387,-0.47503456762499996,7.532347230473342,33.793,0.6037687200705855,49.10667037963867
session_2026-08-27_20-18-44,614,217,0.0,7.29258,-0.10887,0.17960090516658583,-0.47540584877007136,7.528643585510777,33.81,0.6013755528859258,49.060577392578125
session_2026-08-27_20-18-44,617,218,0.0,7.29258,-0.10863,0.17929827147483393,-0.4760957286922794,7.52666927775347,33.807,0.6000792985527794,49.00440979003906
session_2026-08-27_20-18-44,620,219,0.0,7.29254,-0.1114,0.17953962470369622,-0.4752774228277292,7.525964179740313,33.8,0.5981338639446795,48.20326614379883
session_2026-08-27_20-18-44,623,220,0.0,7.29253,-0.11165,0.17056242281705475,-0.4823709147016312,7.491978633953396,33.811,0.5784347208929765,48.10173034667969
session_2026-08-27_20-18-44,626,221,0.0,7.29255,-0.11047,0.18017002969879356,-0.47488698108415683,7.536721813926793,33.793,0.6050921549526204,49.011810302734375
session_2026-08-27_20-18-44,629,222,0.0,7.29256,-0.10995,0.18164131336817552,-0.47012914885081736,7.5236134131213115,33.827,0.600236755579154,48.36326217651367
session_2026-08-27_20-18-44,632,223,0.0,7.2926,-0.10748,0.17950694334159428,-0.47555151082377206,7.525938923718412,33.822,0.6007305645352494,48.672176361083984
session_2026-08-27_20-18-44,635,224,0.0,7.29257,-0.10899,0.17819017120251016,-0.47562364292349346,7.5247455843313995,33.762,0.5995422037032025,48.95943832397461
session_2026-08-27_20-18-44,638,225,0.0,7.29259,-0.10776,0.17939663780152157,-0.47541528143912803,7.524984690948585,33.796,0.6001219039937092,49.407867431640625
session_2026-08-27_20-18-44,641,226,0.0,7.29259,-0.10789,0.17974051019966475,-0.474363505786001,7.5210323103164605,33.794,0.5982807951518603,48.322418212890625
session_2026-08-27_20-18-44,644,227,0.0,7.29258,-0.10826,0.1794377246380954,-0.4739350490349958,7.521577221438385,33.772,0.5987617119282482,48.82246017456055
session_2026-08-27_20-18-44,647,228,0.0,7.29255,-0.1104,0.17959134059782147,-0.47417923831197406,7.517575472115447,33.793,0.5946993553730876,48.016719818115234
session_2026-08-27_20-18-44,650,229,0.0,7.29256,-0.1101,0.1797055939652048,-0.4754051436892802,7.52838043789767,33.801,0.6003031862188032,49.01238250732422
session_2026-08-27_20-18-44,653,230,0.0,7.29253,-0.11162,0.17947524427856873,-0.474683422259751,7.530212798467044,33.851,0.600892397033349,48.787628173828125
session_2026-08-27_20-18-44,656,231,0.0,7.29256,-0.10996,0.17582394773535148,-0.4727809876071631,7.520456706482123,33.836,0.5993889390369407,49.098934173583984
session_2026-08-27_20-18-44,659,232,0.0,7.2925,-0.11408,0.1707785492659834,-0.48278575002139085,7.500947813716214,33.833,0.581268779694911,49.523162841796875
session_2026-08-27_20-18-44,662,233,0.0,7.29256,-0.11006,0.17829974478309932,-0.47721318500888327,7.526724660601127,33.782,0.598834000988764,48.8281364440918
session_2026-08-27_20-18-44,665,234,0.0,7.29256,-0.10967,0.17284930081676275,-0.4866336787669541,7.467176136168467,33.816,0.5626361904709846,49.339874267578125
session_2026-08-27_20-18-44,668,235,0.0,7.29256,-0.10965,0.17391340042280345,-0.4818267363814274,7.498950940793932,33.792,0.5823770323301027,49.84150314331055
session_2026-08-27_20-18-44,671,236,0.0,7.29256,-0.1101,0.17980292535365652,-0.47494095692435134,7.525122128860556,33.821,0.5986618880530202,49.290130615234375
session_2026-08-27_20-18-44,674,237,0.0,7.29261,-0.10687,0.1797833299935866,-0.4759120789568456,7.527081195762053,33.792,0.601459769949758,47.9406623840332
session_2026-08-27_20-18-44,677,238,0.0,7.29255,-0.11076,0.17956130562256273,-0.4762354962743209,7.532326580440486,33.828,0.6016806278137855,49.00088119506836
session_2026-08-27_20-18-44,680,239,0.0,7.2925,-0.11356,0.1720250109125903,-0.48666995104918637,7.478956279036046,33.773,0.5664286221707993,49.734893798828125
session_2026-08-27_20-18-44,683,240,0.0,7.29254,-0.11142,0.17949316679876234,-0.474337438559513,7.528171956734311,33.775,0.6000526309900377,48.27184295654297
session_2026-08-27_20-18-44,686,241,0.0,7.29256,-0.1096,0.17913060456569505,-0.4743839175270864,7.5232790631441775,33.799,0.5986372020445555,49.895751953125
session_2026-08-27_20-18-44,689,242,0.0,7.29259,-0.10786,0.17924172088995333,-0.47374140984101915,7.525416565645819,33.835,0.6014863342498477,48.6671142578125
session_2026-08-27_20-18-44,692,243,0.0,7.29253,-0.1116,0.17935784745489702,-0.47551565940926666,7.520244841079847,33.815,0.5946035446411986,49.0485954284668
session_2026-08-27_20-18-44,695,244,0.0,7.29259,-0.10816,0.17978990990362576,-0.474750272786858,7.530719558480815,33.839,0.6034404158587009,48.56049728393555
session_2026-08-27_20-18-44,698,245,0.0,7.29257,-0.10956,0.17869431899469976,-0.47750709148262804,7.519583479972032,33.777,0.5946585863716701,48.82505416870117
session_2026-08-27_20-18-44,701,246,0.0,7.29257,-0.10915,0.17945683800121287,-0.4755779171084259,7.533120482679402,33.798,0.6037668233245034,48.11277770996094
session_2026-08-27_20-18-44,704,247,0.0,7.29253,-0.1117,0.17327731554907358,-0.48365116125133983,7.492696910718822,33.811,0.5765691670900345,48.20284652709961
session_2026-08-27_20-18-44,707,248,0.0,7.29252,-0.11281,0.17063033492527846,-0.47356539170523093,7.5093563039959115,33.787,0.593063793663696,48.7646369934082
session_2026-08-27_20-18-44,710,249,0.0,7.29262,-0.1056,0.17818587230551805,-0.4776919171012939,7.528507668605311,33.848,0.6027689149213643,49.988677978515625
session_2026-08-27_20-18-44,713,250,0.0,7.29259,-0.10775,0.1789159747807722,-0.4776858175156578,7.5239225772326295,33.781,0.5982328114033686,49.31578826904297
session_2026-08-27_20-18-44,716,251,0.0,7.29256,-0.10978,0.1786520418691595,-0.4762272927328776,7.5302389033116945,33.836,0.6015758214521258,49.50788879394531
session_2026-08-27_20-18-44,719,252,0.0,7.29258,-0.1088,0.17891426840501276,-0.4753654712911963,7.531941229694664,33.742,0.603710208714395,49.69612121582031
session_2026-08-27_20-18-44,722,253,0.0,7.2926,-0.10698,0.17890524608094352,-0.47534167939967786,7.5237117644678895,33.795,0.6002195448671136,48.46944808959961
session_2026-08-27_20-18-44,725,254,0.0,7.29256,-0.11005,0.17977681924496378,-0.47479799556037594,7.527726119700314,33.749,0.600323595668721,48.37867736816406
session_2026-08-27_20-18-44,728,255,0.0,7.29257,-0.10908,0.17786288995896418,-0.4791950130824076,7.520032720814848,33.796,0.5945390250345214,48.87981414794922
session_2026-08-27_20-18-44,731,256,0.0,7.29254,-0.11132,0.17926613709756695,-0.47596308336219006,7.536531686913245,33.823,0.6040987353660441,49.616790771484375
session_2026-08-27_20-18-44,731,257,0.0,7.29256,-0.10962,0.17926613709756695,-0.47596308336219006,7.536531686913245,33.772,0.6052949792079156,49.616790771484375
session_2026-08-27_20-18-44,737,258,0.0,7.29257,-0.10894,0.17099741241222538,-0.4857610063670653,7.47719309176413,33.847,0.5699332416349964,48.822853088378906
session_2026-08-27_20-18-44,740,259,0.0,7.29259,-0.10777,0.17750408603810328,-0.4722258260636049,7.5276553995074185,33.824,0.6046751033568241,48.740447998046875
session_2026-08-27_20-18-44,743,260,0.0,7.29255,-0.11064,0.17864491820528905,-0.4736041107347399,7.52356629836904,33.804,0.598809991124725,47.95975112915039
session_2026-08-27_20-18-44,746,261,0.0,7.29262,-0.1062,0.1794249813470255,-0.473892707097886,7.5309301403081115,33.78,0.60569181974251,48.24382019042969
session_2026-08-27_20-18-44,749,262,0.0,7.29257,-0.10926,0.16980361411095893,-0.4680134647882737,7.505201426494299,33.787,0.5974288328622217,49.51112747192383
session_2026-08-27_20-18-44,752,263,0.0,7.29256,-0.10981,0.17833504388272686,-0.47328402094135213,7.535946868367222,33.83,0.6070044943817091,48.94401550292969
session_2026-08-27_20-18-44,755,264,0.0,7.29255,-0.11085,0.17878642070124012,-0.4797841251507113,7.525697338192452,33.734,0.5957538628994513,48.86161422729492
session_2026-08-27_20-18-44,758,265,0.0,7.2926,-0.10725,0.18026002405711822,-0.47510680275308625,7.540222176584601,33.82,0.6092588292450777,47.65751266479492
session_2026-08-27_20-18-44,761,266,0.0,7.29255,-0.11079,0.17006703339947593,-0.4686741760146959,7.50265129067386,33.817,0.5943520648082997,48.00655746459961
session_2026-08-27_20-18-44,764,267,0.0,7.29255,-0.11042,0.1863885463125313,-0.48257556722989825,7.509490357414889,33.818,0.5812164790420734,48.240509033203125
session_2026-08-27_20-18-44,767,268,0.0,7.2926,-0.10718,0.17912320953988486,-0.47482775817776157,7.525130610554876,33.794,0.6011373881669524,48.63435363769531
session_2026-08-27_20-18-44,770,269,0.0,7.29256,-0.10988,0.17923262658813527,-0.47401288401704567,7.519813626560712,33.79,0.5966350322394889,48.73789596557617
session_2026-08-27_20-18-44,773,270,0.0,7.29258,-0.10891,0.17054867819084846,-0.478236193652808,7.494078583475289,33.754,0.5843158919119423,49.332305908203125
session_2026-08-27_20-18-44,776,271,0.0,7.29262,-0.10589,0.17901344305413677,-0.47508912056906066,7.517776946828713,33.806,0.5976996526515044,48.64467239379883
session_2026-08-27_20-18-44,779,272,0.0,7.29256,-0.10992,0.17917821844797815,-0.4745470593955979,7.52114272792571,33.856,0.5970418026795905,47.84492874145508
session_2026-08-27_20-18-44,782,273,0.0,7.29261,-0.10687,0.17898248760799892,-0.47443892210861643,7.529976271842498,33.794,0.6045025047453673,49.12980270385742
session_2026-08-27_20-18-44,785,274,0.0,7.29258,-0.10861,0.17587680386035004,-0.48529910333014925,7.498256502617261,33.811,0.5794343784489769,49.387245178222656
session_2026-08-27_20-18-44,788,275,0.0,7.29257,-0.10952,0.17412616604010117,-0.4635307100548263,7.50377901367887,33.854,0.5974118446253316,50.33198928833008
session_2026-08-27_20-18-44,791,276,0.0,7.29257,-0.10902,0.17891153573053112,-0.47645974484696607,7.521424856664212,33.747,0.5967005974225478,51.317138671875
session_2026-08-27_20-18-44,794,277,0.0,7.29256,-0.10962,0.16844723354069582,-0.4678546217876196,7.493254330573107,33.784,0.5914640028528114,48.79407501220703
session_2026-08-27_20-18-44,797,278,0.0,7.29256,-0.10993,0.17484683731066422,-0.4731516472627395,7.531393293380711,33.822,0.6059670766615555,48.687255859375
session_2026-08-27_20-18-44,800,279,0.0,7.29255,-0.11079,0.17880881673062027,-0.4774072901653983,7.528133532940263,33.786,0.5987753645567399,48.584259033203125
session_2026-08-27_20-18-44,803,280,0.0,7.29258,-0.10857,0.17924798603940412,-0.4752527509887727,7.531193266514325,33.857,0.6033522159888709,48.715694427490234
session_2026-08-27_20-18-44,806,281,0.0,7.29258,-0.10825,0.17926729179062728,-0.47497021720278093,7.532414571959033,33.804,0.6044764616960558,47.88449478149414
session_2026-08-27_20-18-44,809,282,0.0,7.29254,-0.11142,0.16822884653882267,-0.46392506769114245,7.495651542192425,33.786,0.5942394555401486,48.812957763671875
session_2026-08-27_20-18-44,812,283,0.0,7.29253,-0.11188,0.17970563501081013,-0.4749215900031241,7.530455408253026,33.771,0.6005849233858972,47.88042449951172
session_2026-08-27_20-18-44,815,284,0.0,7.29262,-0.10575,0.18239828666161192,-0.4681535409743435,7.521364169977178,33.805,0.6029393844181166,48.011173248291016
session_2026-08-27_20-18-44,818,285,0.0,7.29259,-0.10776,0.17733287392587,-0.4716508990623517,7.526593067968179,33.802,0.6045289215678481,48.86252975463867
session_2026-08-27_20-18-44,821,286,0.0,7.29256,-0.11004,0.17874844852703825,-0.47406410526348564,7.518995233115784,33.823,0.5962453074657494,49.69956588745117
session_2026-08-27_20-18-44,824,287,0.0,7.2926,-0.10712,0.17894912760362763,-0.47636451675890323,7.5352897121541424,33.768,0.6062014210842824,49.8676872253418
session_2026-08-27_20-18-44,827,288,0.0,7.29259,-0.10762,0.176529512342041,-0.47162068413958097,7.522375803201992,33.845,0.6025968522940397,48.01649475097656
session_2026-08-27_20-18-44,830,289,0.0,7.29253,-0.1116,0.17872822853083578,-0.47600482848786013,7.530117051387606,33.842,0.6003335408921735,47.629539489746094
session_2026-08-27_20-18-44,833,290,0.0,7.29258,-0.10827,0.1786443450583584,-0.4763811191763355,7.529971440133587,33.879,0.6023879488680455,48.705322265625
session_2026-08-27_20-18-44,836,291,0.0,7.29257,-0.10922,0.17087793325864037,-0.4855409560085249,7.474151824000393,33.846,0.5683432627029019,49.15183639526367
session_2026-08-27_20-18-44,839,292,0.0,7.29256,-0.11015,0.1786882357581979,-0.47612847491823446,7.529484654961285,33.737,0.6009172623422481,49.881126403808594
session_2026-08-27_20-18-44,842,293,0.0,7.29256,-0.10983,0.1791729595046619,-0.47562453666641374,7.535587786317796,33.841,0.6048504389554921,47.99281311035156
session_2026-08-27_20-18-44,845,294,0.0,7.2926,-0.10745,0.17847747615354606,-0.47380761003187155,7.5290941134544545,33.799,0.6042309370415845,48.790313720703125
session_2026-08-27_20-18-44,848,295,0.0,7.29255,-0.11045,0.1748505565633575,-0.4841678914272114,7.500174107508355,33.804,0.5804582523933756,48.02058410644531
session_2026-08-27_20-18-44,851,296,0.0,7.29256,-0.11013,0.17931420401694173,-0.4757493341062584,7.53057178636258,33.786,0.6015252771152092,47.09443664550781
session_2026-08-27_20-18-44,854,297,0.0,7.2926,-0.10753,0.18056919824905782,-0.46273853685188765,7.5033437277610595,33.859,0.596095807087143,47.179508209228516
session_2026-08-27_20-18-44,857,298,0.0,7.29257,-0.10912,0.1791850924587987,-0.47427359375525624,7.5178040937664745,33.785,0.5958727316280701,46.57459259033203
session_2026-08-27_20-18-44,860,299,0.0,7.29258,-0.10883,0.17876432262122252,-0.486435299272113,7.48652096596581,33.805,0.5706358945685452,47.97458267211914
session_2026-08-27_20-18-44,863,300,0.0,7.29255,-0.11031,0.1762408988271693,-0.47010131339792993,7.524709477110122,33.828,0.6031737558177432,50.07762908935547
session_2026-08-27_20-18-44,866,301,0.0,7.29258,-0.10845,0.18431979972948365,-0.482430000676842,7.504578764327436,33.81,0.5809149385658008,48.48252487182617
session_2026-08-27_20-18-44,869,302,0.0,7.29258,-0.10865,0.17941610306497124,-0.47524173010086784,7.532991801629695,33.794,0.6042828239139849,49.91046142578125
session_2026-08-27_20-18-44,872,303,0.0,7.2926,-0.10748,0.17664422690012613,-0.4824124904418937,7.513520095954287,33.776,0.5903810940582132,48.896209716796875
session_2026-08-27_20-18-44,875,304,0.0,7.29255,-0.11039,0.17152211552059562,-0.4665262805557401,7.5079051100534215,33.767,0.5982793250405437,49.40647888183594
session_2026-08-27_20-18-44,878,305,0.0,7.29259,-0.10791,0.1788487929334237,-0.47504474867784074,7.528899472573401,33.803,0.6027990433083521,48.269317626953125
session_2026-08-27_20-18-44,881,306,0.0,7.29263,-0.10523,0.17956196785341672,-0.47536865163565284,7.534534665641734,33.817,0.6074603671223957,48.422603607177734
session_2026-08-27_20-18-44,884,307,0.0,7.29254,-0.11103,0.17928215309114262,-0.4749434664966412,7.5231146474511545,33.813,0.59708332353629,47.45887756347656
session_2026-08-27_20-18-44,887,308,0.0,7.29257,-0.10904,0.17890561982002778,-0.4757176285890619,7.526168562735463,33.814,0.5999339622003225,48.06843185424805
session_2026-08-27_20-23-38,0,10,-0.6646,4.20118,-0.19717,-1.130798589499073,-0.5457680764932525,4.237954050122566,13.592,0.8366527479645286,19.542940139770508
session_2026-08-27_20-23-38,1,12,-0.66484,4.20273,-0.15986,-1.1245433187971008,-0.5348275105008421,4.204180962597011,13.566,0.8143288501793127,23.531116485595703
session_2026-08-27_20-23-38,2,13,-0.6646,4.2012,-0.19683,-1.1235890516404452,-0.5353100087531897,4.204768765664416,13.571,0.8245448348287536,27.037187576293945
session_2026-08-27_20-23-38,5,14,-0.66472,4.20198,-0.17894,-1.1193045052187385,-0.5321479042359295,4.185992929695082,13.639,0.8133839474666011,38.02552032470703
session_2026-08-27_20-23-38,7,15,-0.66473,4.20199,-0.17856,-1.11744541861772,-0.531755451470092,4.176277138076763,13.596,0.8111718185503864,40.92815017700195
session_2026-08-27_20-23-38,10,16,-0.66451,4.20061,-0.20923,-1.1168684443261407,-0.5310528802029358,4.171055957281819,13.506,0.8201123802559679,43.337371826171875
session_2026-08-27_20-23-38,13,17,-0.66468,4.20171,-0.18525,-1.1169177108298924,-0.5312070375491701,4.170366101517031,13.434,0.812499229171961,44.829750061035156
session_2026-08-27_20-23-38,16,18,-0.66475,4.20214,-0.17504,-1.1177909540129585,-0.5324746034877642,4.176824207406448,13.578,0.8106482917951703,44.95744323730469
session_2026-08-27_20-23-38,19,19,-0.66476,4.20222,-0.17302,-1.116855422820426,-0.5310421384216834,4.170666881056874,13.578,0.8087252617443093,45.17481994628906
session_2026-08-27_20-23-38,22,20,-0.6647,4.20185,-0.18199,-1.1160133639756045,-0.5304329680864752,4.169279155010874,13.508,0.8104264872256473,46.34647750854492
session_2026-08-27_20-23-38,25,21,-0.66483,4.20263,-0.16236,-1.1180717869700907,-0.5318187722266613,4.1750822354626385,13.582,0.8070781231292831,45.026668548583984
session_2026-08-27_20-23-38,28,22,-0.66471,4.20187,-0.18149,-1.116514446290404,-0.5310313698708989,4.174445878831139,13.507,0.8109476823466683,45.82768249511719
session_2026-08-27_20-23-38,31,23,-0.66463,4.20138,-0.19272,-1.1160309205466303,-0.5296874924844827,4.167831972010782,13.641,0.8135593592425557,45.93769836425781
session_2026-08-27_20-23-38,34,24,-0.66477,4.2023,-0.17096,-1.1171129952462895,-0.531072674665518,4.172890639105994,13.489,0.808404854442619,45.59247589111328
session_2026-08-27_20-23-38,37,25,-0.66461,4.20125,-0.19569,-1.1160743138986058,-0.5304333151035441,4.168190535611087,13.505,0.814742512965404,45.45151138305664
session_2026-08-27_20-23-38,40,26,-0.66467,4.20166,-0.18635,-1.1165781911871777,-0.5308725615228502,4.170161737460982,13.479,0.8124247819711099,46.10691452026367
session_2026-08-27_20-23-38,43,27,-0.66478,4.20234,-0.17006,-1.1160997208307928,-0.5303607440549953,4.167400626296392,13.546,0.806943181590079,45.75103759765625
session_2026-08-27_20-23-38,46,28,-0.6648,4.20245,-0.1671,-1.1163296446136084,-0.5307103361244849,4.171116883206668,13.539,0.8064212212026721,46.35224533081055
session_2026-08-27_20-23-38,50,29,-0.66458,4.20106,-0.1998,-1.1161020728553122,-0.5305238253250145,4.166909675693393,13.507,0.8161151708398018,46.321990966796875
session_2026-08-27_20-23-38,53,30,-0.66473,4.20203,-0.17761,-1.116263209970524,-0.5308228825963496,4.169888446414213,13.489,0.8094505343697093,45.35477828979492
session_2026-08-27_20-23-38,56,31,-0.66474,4.20208,-0.17641,-1.115625650204218,-0.5296910780308135,4.166761674728189,13.673,0.8081785385640616,45.86018753051758
session_2026-08-27_20-23-38,59,32,-0.66457,4.20099,-0.20129,-1.115760833157103,-0.529620351741931,4.166374652952442,13.502,0.8160217196994508,44.83243942260742
session_2026-08-27_20-23-38,62,33,-0.6647,4.20185,-0.18199,-1.1175591300616619,-0.5322116211106644,4.172213821506452,13.659,0.812394940810291,45.515953063964844
session_2026-08-27_20-23-38,65,34,-0.66466,4.20155,-0.18893,-1.1170125962399338,-0.5320058088641826,4.1793738575243875,13.56,0.8140346504884577,46.21335220336914
session_2026-08-27_20-23-38,68,35,-0.66474,4.20211,-0.17559,-1.1165156955294662,-0.5309642922921215,4.170757040569045,13.552,0.8091384380127082,46.52044677734375
session_2026-08-27_20-23-38,71,36,-0.66475,4.20214,-0.17485,-1.1165866722391464,-0.5310750885438233,4.173523699511563,13.505,0.8090366850802724,45.943294525146484
session_2026-08-27_20-23-38,74,37,-0.66475,4.20217,-0.17428,-1.1154974572888414,-0.5306117563635986,4.170079303212242,13.546,0.8076711909310886,46.122589111328125
session_2026-08-27_20-23-38,77,38,-0.66455,4.20088,-0.20364,-1.1159727045295165,-0.5307886721887991,4.169943192157201,13.659,0.817323321541433,47.48516845703125
session_2026-08-27_20-23-38,80,39,-0.6647,4.20183,-0.18239,-1.11667289781362,-0.5312149992566119,4.171202648638707,13.578,0.8113944452083894,45.68622589111328
session_2026-08-27_20-23-38,83,40,-0.66467,4.20165,-0.1867,-1.1169286846740945,-0.531585371568206,4.173608866795185,13.642,0.8130807446114787,45.35029983520508
session_2026-08-27_20-23-38,86,41,-0.66492,4.2032,-0.14651,-1.1155389330468721,-0.5303226054208063,4.1727174613848845,13.632,0.7999471901495409,45.545372009277344
session_2026-08-27_20-23-38,89,42,-0.66467,4.20166,-0.18636,-1.1161179510225534,-0.530569251371546,4.1670044882344435,13.589,0.8118933829304644,45.78009033203125
session_2026-08-27_20-23-38,92,43,-0.66469,4.20177,-0.18391,-1.1167563504202092,-0.5313837218054651,4.174253422939033,13.705,0.8120095090663829,45.14641189575195
session_2026-08-27_20-23-38,95,44,-0.66471,4.20192,-0.18023,-1.1166578151933115,-0.531192083012928,4.171098698441938,13.62,0.8107228338968594,45.0501594543457
session_2026-08-27_20-23-38,98,45,-0.66464,4.20143,-0.19152,-1.1165551712741588,-0.530782847803745,4.171661188944021,13.589,0.8139929694500861,46.3626594543457
session_2026-08-27_20-23-38,101,46,-0.66475,4.20214,-0.17504,-1.1154531827884693,-0.5298323037670161,4.167396456171102,13.55,0.8076418587593173,45.10548782348633
session_2026-08-27_20-23-38,104,47,-0.66471,4.20187,-0.18151,-1.1160675007504601,-0.5301407942199989,4.169422096681295,13.609,0.8102534266558056,45.454227447509766
session_2026-08-27_20-23-38,108,48,-0.66462,4.20131,-0.19424,-1.1163479392545956,-0.5311692245309916,4.172938480985579,13.604,0.8147662115957153,44.4332160949707
session_2026-08-27_20-23-38,111,49,-0.66481,4.20251,-0.16551,-1.1159533957423131,-0.5308080780107944,4.172072263335582,13.64,0.8056346597967057,44.63776397705078
session_2026-08-27_20-23-38,114,50,-0.66483,4.20266,-0.16167,-1.1155811361722743,-0.5300640870925357,4.17035356162328,13.513,0.8040033318419811,45.26197814941406
session_2026-08-27_20-23-38,117,51,-0.66471,4.20189,-0.181,-1.116519669503759,-0.5309668396189986,4.1715757182384925,13.587,0.8107634998680048,45.1159553527832
session_2026-08-27_20-23-38,120,52,-0.66478,4.20236,-0.16937,-1.116947483131436,-0.5308989278089626,4.167265569729546,13.58,0.8076993627605125,46.22030258178711
session_2026-08-27_20-23-38,123,53,-0.66476,4.20219,-0.17375,-1.1160109819917547,-0.5305105896122156,4.1704550288332225,13.643,0.8079845348390167,45.91277313232422
session_2026-08-27_20-23-38,126,54,-0.66482,4.20259,-0.16348,-1.115568676969933,-0.5299678405552636,4.167915054773632,13.567,0.8044577306573399,45.655216217041016
session_2026-08-27_20-23-38,129,55,-0.66467,4.20167,-0.18621,-1.116456746305143,-0.5311488193818147,4.172519543031912,13.595,0.8123533938580967,43.727596282958984
session_2026-08-27_20-23-38,132,56,-0.66462,4.20131,-0.19441,-1.1176580891166201,-0.5316329745125491,4.172363596947142,13.469,0.8162013198543081,45.5368766784668
session_2026-08-27_20-23-38,135,57,-0.66469,4.20177,-0.18388,-1.1158676432229453,-0.5299399223838057,4.166966104396872,13.474,0.8107245451117291,45.297874450683594
session_2026-08-27_20-23-38,138,58,-0.66456,4.20093,-0.20262,-1.1164110184368776,-0.5311567435316936,4.171647321439504,13.544,0.8175172499907795,44.09579849243164
session_2026-08-27_20-23-38,141,59,-0.66456,4.20095,-0.20206,-1.1163668636920618,-0.531069874561784,4.170682322479087,13.611,0.817266875831057,45.40401840209961
session_2026-08-27_20-23-38,144,60,-0.66473,4.20204,-0.17733,-1.1157856799116246,-0.5301778863778767,4.170667258141234,13.41,0.8087507486214649,44.801727294921875
session_2026-08-27_20-23-38,147,61,-0.66482,4.20258,-0.16378,-1.116357223410214,-0.5308642081260767,4.168768852773757,13.649,0.8055219769464291,46.44562530517578
session_2026-08-27_20-23-38,150,62,-0.66472,4.20196,-0.17937,-1.1161709840127174,-0.5302553136377668,4.166100877840439,13.574,0.8097303469590765,45.08855056762695
session_2026-08-27_20-23-38,153,63,-0.66469,4.20178,-0.1835,-1.11574967683435,-0.5299757540763382,4.166656818918493,13.639,0.8105056016044169,44.49717330932617
session_2026-08-27_20-23-38,156,64,-1.61246,3.9861,-0.04773,-1.1159459824030722,-0.5300109065972708,4.171058789839829,11.874,0.297751988592521,44.53064727783203
session_2026-08-27_20-23-38,159,65,-0.6648,4.20247,-0.1665,-1.117827446741047,-0.5328531873172841,4.176956787930173,13.543,0.8082932501085022,44.55588912963867
session_2026-08-27_20-23-38,162,66,-0.66467,4.20163,-0.18702,-1.1157659890534186,-0.5301453523202617,4.167927772690872,13.561,0.8116449805263175,43.62784957885742
session_2026-08-27_20-23-38,165,67,-0.66464,4.20147,-0.19082,-1.1175774818768047,-0.5324754449434245,4.177350977036635,13.625,0.8152711935443888,44.43511199951172
session_2026-08-27_20-23-38,168,68,-0.66471,4.20188,-0.18119,-1.1161469076089503,-0.5303266935161891,4.166757176363085,13.53,0.8102730689916777,45.45717239379883
session_2026-08-27_20-23-38,171,69,-0.66479,4.2024,-0.16844,-1.1166039295504473,-0.5309076705707995,4.173132650629048,13.675,0.8071413721095442,44.955135345458984
session_2026-08-27_20-23-38,174,70,-0.66476,4.20223,-0.17271,-1.1153654925422432,-0.5302703296045591,4.167978533541037,13.494,0.8069863536883315,45.66933822631836
session_2026-08-27_20-23-38,177,71,-0.66468,4.20169,-0.18567,-1.1154470267757832,-0.5295532757087718,4.168992183255678,13.568,0.8107706882760523,44.895050048828125
session_2026-08-27_20-23-38,180,72,-0.66465,4.20153,-0.18927,-1.1159703680217417,-0.5298091057504105,4.166877614525457,13.6,0.8124549014261322,43.6456184387207
session_2026-08-27_20-23-38,183,73,-0.66457,4.20102,-0.20058,-1.1167651651020802,-0.5308938396175149,4.168673873279711,13.599,0.8171132856155084,44.29669952392578
session_2026-08-27_20-23-38,186,74,-0.66478,4.20235,-0.16972,-1.1167870079702118,-0.5305280312847748,4.170720927083658,13.518,0.8075749238455519,44.42545700073242
session_2026-08-27_20-23-38,186,75,-0.66467,4.20161,-0.18744,-1.1167870079702118,-0.5305280312847748,4.170720927083658,13.528,0.8128697066287612,44.42545700073242
session_2026-08-27_20-23-38,192,76,-0.66476,4.20224,-0.17259,-1.1168858691485444,-0.5306710941521061,4.1661677021914825,13.544,0.8085179613343436,45.6905632019043
session_2026-08-27_20-23-38,195,77,-0.66486,4.20282,-0.15736,-1.1170153809629269,-0.5315715330407109,4.172509064347969,13.638,0.804568454781865,44.922603607177734
session_2026-08-27_20-23-38,198,78,-0.66472,4.20194,-0.17984,-1.1168121468479397,-0.5304291956023774,4.168582371933539,13.477,0.8105400766102211,45.50917434692383
session_2026-08-27_20-23-38,201,79,-0.66478,4.20234,-0.17003,-1.1161352805374154,-0.5300167489060322,4.168757965900885,13.516,0.80689321337271,45.62831115722656
session_2026-08-27_20-23-38,204,80,-0.66471,4.20186,-0.1816,-1.1161703314824412,-0.5298388617874845,4.1668111428426755,13.476,0.8102936560750572,44.324039459228516
session_2026-08-27_20-23-38,207,81,-0.6647,4.20182,-0.18264,-1.1161228781752839,-0.5304537367503127,4.168576656831192,13.578,0.8107278601373978,44.88541030883789
session_2026-08-27_20-23-38,210,82,-0.66459,4.20111,-0.19872,-1.117591977947447,-0.5319891088392935,4.174855124925558,13.575,0.81763653703304,46.04059600830078
session_2026-08-27_20-23-38,213,83,-0.66476,4.20222,-0.17305,-1.116715006833956,-0.53060509729231,4.171065522496478,13.423,0.8084940424689377,44.859954833984375
session_2026-08-27_20-23-38,216,84,-0.66477,4.20229,-0.17117,-1.1159978840738143,-0.5298262806277404,4.165144929842523,13.572,0.8070343306721923,45.77606964111328
session_2026-08-27_20-23-38,219,85,-0.66472,4.20193,-0.17998,-1.1163920270070737,-0.5306306300607657,4.169514809702261,13.522,0.8102301675620734,45.466800689697266
session_2026-08-27_20-23-38,222,86,-0.66464,4.20147,-0.19075,-1.1170115200527195,-0.5312968099770553,4.17058719456998,13.531,0.8143260020095788,45.322975158691406
session_2026-08-27_20-23-38,225,87,-0.66479,4.2024,-0.1684,-1.116493633199924,-0.5312669134214977,4.172196124933205,13.579,0.8070989247291079,44.72734069824219
session_2026-08-27_20-23-38,228,88,-0.66477,4.2023,-0.17098,-1.1168672969823426,-0.5305722352050136,4.170943181673428,13.542,0.8080322261315697,45.432350158691406
session_2026-08-27_20-23-38,231,89,-0.66463,4.20136,-0.1931,-1.1175797036274673,-0.5315051231261704,4.170721680662433,13.585,0.8156647488931086,45.348243713378906
session_2026-08-27_20-23-38,234,90,-0.6646,4.20117,-0.19744,-1.1167394623866849,-0.5306722700245086,4.170327992486788,13.436,0.816011972924568,43.90615463256836
session_2026-08-27_20-23-38,237,91,-0.66462,4.20132,-0.19419,-1.1161275642372694,-0.5300731219843725,4.169641201069627,13.558,0.8142246955497854,45.669281005859375
session_2026-08-27_20-23-38,240,92,-0.66466,4.20157,-0.18843,-1.1162859846441662,-0.5304597321355715,4.170703277124279,13.486,0.8126780525323538,44.45346450805664
session_2026-08-27_20-23-38,243,93,-0.66464,4.20148,-0.19049,-1.1164400951192082,-0.530434049865061,4.168117786621464,13.574,0.8134571196892281,44.46967315673828
session_2026-08-27_20-23-38,246,94,-0.66455,4.20087,-0.20384,-1.1163610454520412,-0.5301101330231314,4.1662688642481145,13.533,0.8175681842650985,44.833885192871094
session_2026-08-27_20-23-38,249,95,-0.66473,4.20203,-0.17759,-1.1170928220162792,-0.5310622013237482,4.173659500511103,13.558,0.8103401624643994,44.5279655456543
session_2026-08-27_20-23-38,252,96,-0.66462,4.2013,-0.19444,-1.1171061119489558,-0.5310497877951454,4.173605950038389,13.589,0.8155320278191325,44.21254348754883
session_2026-08-27_20-23-38,255,97,-0.66482,4.20258,-0.16372,-1.1178593746147625,-0.5322577890131731,4.1768796684946565,13.524,0.8073875245255826,45.245079040527344
session_2026-08-27_20-23-38,258,98,-0.66461,4.20129,-0.19472,-1.1160167695065888,-0.5305007058699046,4.172222819930591,13.484,0.8144208663080759,45.055721282958984
session_2026-08-27_20-23-38,261,99,-0.66475,4.20213,-0.17507,-1.116619352499717,-0.5310626364975217,4.171395522447216,13.541,0.8091080784671211,45.69231033325195
session_2026-08-27_20-23-38,264,100,-0.66467,4.20166,-0.18648,-1.1162410937496756,-0.5302418516675981,4.168850722734555,13.488,0.8119686651249812,45.28425216674805
session_2026-08-27_20-23-38,267,101,-0.66466,4.20158,-0.1883,-1.1171489499569776,-0.5317310515845349,4.1753744614633455,13.573,0.8138456015424365,45.48944854736328
session_2026-08-27_20-23-38,270,102,-0.66478,4.20235,-0.16981,-1.1174883995831522,-0.5319453137300578,4.173396261600058,13.514,0.8086495844367638,45.39581298828125
session_2026-08-27_20-23-38,273,103,-0.66471,4.20186,-0.18163,-1.1170361646024052,-0.5317788907779804,4.174392685009497,13.627,0.8116836620026171,45.1118278503418
session_2026-08-27_20-23-38,276,104,-0.66476,4.20222,-0.17291,-1.1168664806242499,-0.5304410568588013,4.167815148581575,13.567,0.8085402361262104,45.56452560424805
session_2026-08-27_20-23-38,279,105,-0.66489,4.20301,-0.1519,-1.1161226303901584,-0.5299973379544476,4.170145457415252,13.557,0.8018403134790385,44.70761489868164
session_2026-08-27_20-23-38,282,106,-0.66468,4.2017,-0.18556,-1.116895291245643,-0.5310548203698484,4.171493188339237,13.559,0.8125389006421689,45.37590026855469
session_2026-08-27_20-23-38,285,107,-0.66466,4.20155,-0.18897,-1.1164628409918287,-0.5304300420864966,4.171010530025842,13.451,0.8130070995277243,44.689666748046875
session_2026-08-27_20-23-38,288,108,-0.66481,4.20249,-0.16602,-1.1197542501120572,-0.5346402318048253,4.184063892034023,13.587,0.810595471396407,45.54545593261719
session_2026-08-27_20-23-38,291,109,-0.66488,4.20294,-0.15392,-1.1161873486179306,-0.5309140484438739,4.172937761112271,13.505,0.8026804736361147,44.697811126708984
session_2026-08-27_20-23-38,294,110,-0.66467,4.20162,-0.18741,-1.1169236744654234,-0.5311724405379261,4.1733856755201115,13.492,0.8131810983765684,44.60577392578125
session_2026-08-27_20-23-38,297,111,-0.66467,4.20161,-0.18745,-1.1170767232839818,-0.5310577126279908,4.169996284264235,13.542,0.8132865156073612,45.275325775146484
session_2026-08-27_20-23-38,300,112,-0.66467,4.20166,-0.18628,-1.1188767408404714,-0.5338155446937783,4.177628165272016,13.674,0.8154658297502608,45.13610076904297
session_2026-08-27_20-23-38,303,113,-0.6647,4.20185,-0.18192,-1.11627791762935,-0.5307712474828399,4.1703256338133565,13.584,0.8107535300283552,45.65507125854492
session_2026-08-27_20-23-38,306,114,-0.66472,4.20193,-0.1801,-1.1169965282094179,-0.5312043521858637,4.169629318919951,13.678,0.810996066053678,44.92079162597656
session_2026-08-27_20-23-38,309,115,-0.66449,4.20052,-0.21111,-1.1157788461754707,-0.5303205056398366,4.1697383340591,13.432,0.819491018569773,44.039546966552734
session_2026-08-27_20-23-38,312,116,-0.66458,4.20108,-0.19943,-1.1160814229627456,-0.5298119267683256,4.1655506812190755,13.653,0.8157843985184444,44.205833435058594
session_2026-08-27_20-23-38,315,117,-0.66457,4.20103,-0.20038,-1.117697913538536,-0.5324043946883474,4.174667898012655,13.603,0.8183968941133105,44.96262741088867
session_2026-08-27_20-23-38,318,118,-0.66478,4.20233,-0.1703,-1.1164979512001603,-0.5309780865800743,4.169033232829784,13.552,0.807555169106939,44.6431999206543
session_2026-08-27_20-23-38,321,119,-0.66458,4.20107,-0.19961,-1.1161954827819323,-0.5302304969629569,4.171417456181422,13.498,0.816076211942507,46.15907669067383
session_2026-08-27_20-23-38,324,120,-0.66479,4.20238,-0.16901,-1.1171650170078855,-0.5309410093359473,4.1702773179944,13.625,0.8078272015782967,43.90555953979492
session_2026-08-27_20-23-38,327,121,-0.66474,4.20207,-0.17673,-1.1168603309928151,-0.5308437589131194,4.17000551646975,13.653,0.8097683794594475,44.651161193847656
session_2026-08-27_20-23-38,330,122,-0.6646,4.20117,-0.19743,-1.116679082597886,-0.5309810701146341,4.172276304860205,13.457,0.8160455049667011,43.89833068847656
session_2026-08-27_20-23-38,333,123,-0.66482,4.20258,-0.16369,-1.1179023495928164,-0.5320495216829394,4.174088869819561,13.567,0.807330152839498,44.91984558105469
session_2026-08-27_20-23-38,336,124,-0.6648,4.20244,-0.16737,-1.115351360935884,-0.529589669246244,4.16606337338611,13.566,0.8052500871668605,44.75312042236328
session_2026-08-27_20-23-38,339,125,-0.66465,4.20152,-0.18963,-1.1171323820477146,-0.5311622162781552,4.170634822322495,13.612,0.814054317125538,44.68513488769531
session_2026-08-27_20-23-38,342,126,-0.66461,4.20126,-0.19536,-1.1164044565612272,-0.5306551410628441,4.168756631756589,13.665,0.8150184961723617,46.17629623413086
session_2026-08-27_20-23-38,345,127,-0.66472,4.20197,-0.17902,-1.1172385181686944,-0.5314233373046181,4.169759131385826,13.515,0.810967742269674,46.13039779663086
session_2026-08-27_20-23-38,348,128,-0.66473,4.20204,-0.17746,-1.1158643495668041,-0.5301323476643413,4.170764831533239,13.465,0.8088541847478182,44.67622375488281
session_2026-08-27_20-23-38,351,129,-0.66482,4.20259,-0.16345,-1.1164819903526078,-0.5304779747581446,4.169228955516276,13.473,0.8054650356500599,44.91265106201172
session_2026-08-27_20-23-38,354,130,-0.66472,4.20193,-0.18002,-1.116401359919921,-0.5307334526389343,4.171506480267441,13.482,0.8102903468926638,46.25992202758789
session_2026-08-27_20-23-38,357,131,-0.66464,4.20145,-0.19106,-1.1164889488098373,-0.5312655829601947,4.175474096025474,13.523,0.8139504638953088,44.73588943481445
session_2026-08-27_20-23-38,360,132,-0.66464,4.20143,-0.19152,-1.1172629368570761,-0.5309503554728834,4.169581059846379,13.64,0.8147085316946249,45.94506072998047
session_2026-08-27_20-23-38,363,133,-1.61247,3.98613,-0.0441,-1.117467264092552,-0.5314323610539033,4.170311476462801,11.845,0.29574618985438433,44.66596984863281
session_2026-08-27_20-23-38,366,134,-0.66481,4.20254,-0.16476,-1.1165269068925976,-0.5305596107955146,4.166822244742844,13.565,0.8058863139289802,46.048553466796875
session_2026-08-27_20-23-38,369,135,-0.6647,4.20184,-0.1821,-1.1170341797464054,-0.5308582824438958,4.1699721537824725,13.541,0.811558358204824,44.60976028442383
session_2026-08-27_20-23-38,372,136,-0.66457,4.20099,-0.20133,-1.1182540553086515,-0.5322424934986957,4.174265450329074,13.613,0.8191856436889641,45.92992401123047
session_2026-08-27_20-23-38,375,137,-0.66465,4.20153,-0.18938,-1.1162190333144122,-0.5304480293387194,4.170317951590979,13.508,0.8129070864684528,44.1833610534668
session_2026-08-27_20-23-38,378,138,-0.66472,4.20193,-0.18001,-1.1172123488015753,-0.5314642829805907,4.175625979784562,13.578,0.8112999772611688,44.797821044921875
session_2026-08-27_20-23-38,381,139,-0.66479,4.20238,-0.16883,-1.117260266922512,-0.5315874082561638,4.171069409310267,13.526,0.8080307177608174,44.545310974121094
session_2026-08-27_20-23-38,384,140,-0.66486,4.20287,-0.15604,-1.1176712377678368,-0.5323271120518124,4.1769932995122305,13.546,0.805091237313433,44.23134994506836
session_2026-08-27_20-23-38,387,141,-0.66463,4.20141,-0.19209,-1.1166599507355905,-0.5310139842620002,4.173028744131721,13.637,0.8143507244366126,45.24821090698242
session_2026-08-27_20-23-38,390,142,-0.66473,4.20202,-0.17799,-1.1164928022313954,-0.530335412039687,4.168866890675424,13.579,0.809656416520055,44.67388916015625
session_2026-08-27_20-23-38,393,143,-0.66472,4.20197,-0.17906,-1.1162154158158135,-0.5302575390478111,4.168878651480877,13.582,0.8096914109137999,44.46194839477539
session_2026-08-27_20-23-38,396,144,-0.66492,4.20322,-0.14606,-1.1168841739208675,-0.5307369270163806,4.165729986616713,13.497,0.80116713685616,45.214622497558594
session_2026-08-27_20-23-38,399,145,-0.66464,4.20148,-0.19059,-1.1176540928035403,-0.5322083762849398,4.174399744018875,13.513,0.8151679987197733,43.878570556640625
session_2026-08-27_20-23-38,402,146,-0.66471,4.20188,-0.18129,-1.1169924948367702,-0.5311837916457325,4.172482437192608,13.512,0.8113694757515517,44.3155403137207
session_2026-08-27_20-23-38,405,147,-0.66477,4.20226,-0.17205,-1.1164995193980358,-0.5315373268737766,4.174146300631731,13.575,0.8082484950257545,45.34634780883789
session_2026-08-27_20-23-38,408,148,-0.6647,4.20183,-0.1825,-1.1168895001922443,-0.5311346458947975,4.172200647796997,13.547,0.8116239086220748,44.91269302368164
session_2026-08-27_20-23-38,411,149,-0.66466,4.20159,-0.18803,-1.1180548079611252,-0.5318505726092835,4.174418830369527,13.591,0.8146582812905839,45.30708694458008
session_2026-08-27_20-23-38,414,150,-1.6125,3.9862,-0.03641,-1.1156774667848481,-0.5301367894774679,4.169716947907283,11.878,0.2932134804183193,44.76615524291992
session_2026-08-27_20-23-38,417,151,-0.66484,4.20269,-0.16094,-1.1176304204692995,-0.5325376160024716,4.177230990198028,13.472,0.8064514810518613,45.134159088134766
session_2026-08-27_20-23-38,420,152,-0.66484,4.20269,-0.16086,-1.1161081624250708,-0.5308633310965937,4.171298669768277,13.591,0.8044786907262139,44.96562194824219
session_2026-08-27_20-23-38,423,153,-0.66471,4.20188,-0.18133,-1.1163288841920163,-0.530341677363329,4.165614600492078,13.561,0.8104930161328482,44.48130798339844
session_2026-08-27_20-23-38,426,154,-0.66472,4.20193,-0.18007,-1.1170181867060032,-0.5314095027177808,4.170807825603877,13.522,0.8110675574024095,44.665000915527344
session_2026-08-27_20-23-38,429,155,-0.6647,4.20185,-0.18184,-1.1157332228555803,-0.5298888476052166,4.168941666573217,13.555,0.8099711315217871,44.27742385864258
session_2026-08-27_20-23-38,432,156,-0.66475,4.20216,-0.17446,-1.1176241698131408,-0.53185966327262,4.173350664517064,13.602,0.8101211351500675,45.925384521484375
session_2026-08-27_20-23-38,435,157,-0.66481,4.20253,-0.16506,-1.1172130178783528,-0.5313960976190122,4.174304864719921,13.786,0.8068989440576767,45.208160400390625
session_2026-08-27_20-23-38,438,158,-0.66474,4.20207,-0.1767,-1.1160052231128288,-0.5298582649950856,4.168885849980722,13.5,0.8086800903118615,44.66344451904297
session_2026-08-27_20-23-38,441,159,-0.66483,4.20268,-0.16113,-1.1162257928873507,-0.5302143239357554,4.168546052477349,13.667,0.8045034657419706,44.17201614379883
session_2026-08-27_20-23-38,444,160,-0.66468,4.20172,-0.18503,-1.1167046488909365,-0.530824516199358,4.172758429847159,13.49,0.8121459897102036,45.85600280761719
session_2026-08-27_20-23-38,447,161,-0.66463,4.20136,-0.19329,-1.1164618705524454,-0.5300915725773923,4.1678919399907555,13.559,0.8142584921959755,44.94099044799805
session_2026-08-27_20-23-38,450,162,-0.66474,4.20205,-0.17709,-1.116688180997817,-0.5309503199348619,4.17154766056206,13.513,0.8097446051578383,44.91620635986328
session_2026-08-27_20-23-38,453,163,-0.66476,4.20222,-0.17295,-1.1156625506547315,-0.5296944870772144,4.168378136325811,13.575,0.8072047444486865,45.428070068359375
session_2026-08-27_20-23-38,456,164,-0.66469,4.20176,-0.18401,-1.11718093031148,-0.5309397155988088,4.1702980097159665,13.604,0.8123023069349442,45.027217864990234
session_2026-08-27_20-23-38,459,165,-0.66476,4.2022,-0.17341,-1.1178951932257943,-0.5318585153284935,4.174560767893328,13.574,0.8100852827541417,45.53921890258789
session_2026-08-27_20-23-38,459,166,-0.66468,4.20172,-0.18502,-1.1178951932257943,-0.5318585153284935,4.174560767893328,13.575,0.8135783058673047,45.53921890258789
session_2026-08-27_20-23-38,465,167,-0.66461,4.20129,-0.19479,-1.1166476898797457,-0.5306865692748923,4.16896058278524,13.586,0.815084052183251,45.328941345214844
session_2026-08-27_20-23-38,468,168,-0.6648,4.20244,-0.16728,-1.1165810308788846,-0.5301425052710651,4.167974494621016,13.578,0.8065583085760106,46.709381103515625
session_2026-08-27_20-23-38,471,169,-0.66495,4.20341,-0.14035,-1.1207342815969994,-0.5365741029227836,4.182226043913005,13.483,0.8049496079018161,45.546485900878906
session_2026-08-27_20-23-38,474,170,-0.66465,4.20152,-0.18966,-1.1176632012478522,-0.531912419980466,4.175836121760162,13.473,0.8148195006159685,43.86614227294922
session_2026-08-27_20-23-38,477,171,-0.66487,4.20293,-0.15431,-1.1176503728069012,-0.5323601191857634,4.170565198022729,13.712,0.804515454487634,44.675296783447266
session_2026-08-27_20-23-38,480,172,-0.66495,4.20339,-0.14083,-1.1169827740965919,-0.531213568717659,4.1706080489045005,13.521,0.80005233259965,44.94020080566406
session_2026-08-27_20-23-38,483,173,-0.66477,4.20225,-0.17218,-1.1173082448158935,-0.5313077780838004,4.170805366605982,13.531,0.8089799033299477,44.73991394042969
session_2026-08-27_20-23-38,486,174,-0.66479,4.20237,-0.16919,-1.1173273331103701,-0.53226232966132,4.17709485415572,13.464,0.8084361026534902,44.81105422973633
session_2026-08-27_20-23-38,489,175,-0.66463,4.20141,-0.19201,-1.1170604276405665,-0.5314601380545855,4.170469956912374,13.514,0.8148137118104426,45.42510986328125
session_2026-08-27_20-23-38,492,176,-0.66466,4.20158,-0.1882,-1.1174207130433584,-0.5320114486260209,4.176118963887801,13.622,0.814160089759057,45.701194763183594
session_2026-08-27_20-23-38,495,177,-0.66468,4.20169,-0.18567,-1.1170566276398521,-0.5304050464270049,4.166739633217275,13.582,0.8125393875435427,45.413814544677734
session_2026-08-27_20-23-38,498,178,-0.66467,4.20167,-0.18614,-1.1179117884349286,-0.532221199354474,4.173153127148075,13.643,0.8140218023076563,45.00153350830078
session_2026-08-27_20-23-38,501,179,-0.66464,4.20144,-0.19139,-1.1160953954755117,-0.5303049314791747,4.171304048825615,13.607,0.8133806279589813,45.039371490478516
session_2026-08-27_20-23-38,504,180,-0.66478,4.20232,-0.17046,-1.1158900714552695,-0.5296051755318599,4.166700660716812,13.531,0.8066686611471878,44.82435607910156
session_2026-08-27_20-23-38,507,181,-1.61252,3.98626,-0.0278,-1.1172567014317067,-0.5316296446159524,4.17273998533728,11.769,0.2921941268518364,45.297428131103516
session_2026-08-27_20-23-38,510,182,-0.66476,4.20218,-0.17383,-1.116786411413655,-0.5302893763299047,4.166034883830944,13.557,0.8086842024823747,45.318199157714844
session_2026-08-27_20-23-38,513,183,-0.66474,4.20205,-0.17705,-1.1175542388673048,-0.5319866837110444,4.1737546867074995,13.608,0.8108518890713085,44.330509185791016
session_2026-08-27_20-23-38,516,184,-0.66452,4.20071,-0.20712,-1.117165411638377,-0.5307756027774457,4.168722800850789,13.565,0.8196148203029723,45.343536376953125
session_2026-08-27_20-23-38,519,185,-0.66486,4.20281,-0.15755,-1.1177968138274328,-0.5316385439697459,4.1722625121650445,13.528,0.8053928676348926,44.01732635498047
session_2026-08-27_20-23-38,522,186,-0.66454,4.2008,-0.20534,-1.1168666968169383,-0.531245979867417,4.168535048469613,13.538,0.8188644059829842,45.36151885986328
session_2026-08-27_20-23-38,525,187,-0.66465,4.20154,-0.1892,-1.116894785105416,-0.5308867072464101,4.167591336277719,13.527,0.8136094996169285,44.12590408325195
session_2026-08-27_20-23-38,528,188,-0.66472,4.20199,-0.17869,-1.11818710390245,-0.5326056651485501,4.174712296224261,13.573,0.8121312148278313,46.535926818847656
session_2026-08-27_20-23-38,531,189,-0.66486,4.20284,-0.15681,-1.1157857720417388,-0.5291597719146139,4.161820293943707,13.622,0.8026184902499898,45.767940521240234
session_2026-08-27_20-23-38,534,190,-0.66478,4.20231,-0.17063,-1.1161037740001203,-0.5312702614981041,4.171216377106583,13.626,0.8073537368544346,45.09111404418945
session_2026-08-27_20-23-38,537,191,-0.66468,4.2017,-0.18542,-1.115882126212145,-0.5297912990222079,4.170333157226802,13.607,0.811184067486578,44.55302429199219
session_2026-08-27_20-23-38,540,192,-0.6645,4.20059,-0.20972,-1.115209888486946,-0.5288909478342112,4.166469201647326,13.472,0.8180722013428658,45.58970642089844
session_2026-08-27_20-23-38,543,193,-0.66465,4.20153,-0.18942,-1.1161539577135051,-0.5304497833926253,4.171021131501692,13.565,0.8128609963757468,45.1722297668457
session_2026-08-27_20-23-38,546,194,-0.66463,4.20137,-0.19303,-1.1165472713432398,-0.531233309831499,4.169243571274666,13.576,0.814568976754842,45.4388542175293
session_2026-08-27_20-23-38,549,195,-0.66467,4.20163,-0.18712,-1.117757449923491,-0.5325697583873641,4.177935943647082,13.554,0.8143186496375431,43.59457015991211
session_2026-08-27_20-23-38,552,196,-0.66465,4.20154,-0.18919,-1.116619374820125,-0.5307139604544047,4.1736336770002405,13.539,0.8133296799754578,45.87554931640625
session_2026-08-27_20-23-38,555,197,-0.66462,4.20134,-0.19365,-1.1170809248548068,-0.5316281256370915,4.172494466123435,13.648,0.815408747599717,46.106781005859375
session_2026-08-27_20-23-38,558,198,-0.66472,4.20199,-0.17871,-1.1170957902681857,-0.5317694581722325,4.176544138214942,13.628,0.8108943350496393,45.96478271484375
session_2026-08-27_20-23-38,561,199,-0.66477,4.20227,-0.1717,-1.1177674179839836,-0.5318898686438516,4.173971700799654,13.615,0.8094617637661843,44.70906066894531
session_2026-08-27_20-23-38,564,200,-0.66458,4.20105,-0.20003,-1.118484766804766,-0.5337650609980307,4.180756480692417,13.632,0.8194881979687063,46.68706512451172
session_2026-08-27_20-23-38,567,201,-0.66482,4.20258,-0.16362,-1.1164035724310222,-0.530830818763597,4.169257172420277,13.653,0.8055183693380051,43.41923904418945
session_2026-08-27_20-23-38,570,202,-0.66454,4.20084,-0.20436,-1.1183080225427744,-0.5325144067618386,4.17174833135619,13.531,0.820297631390156,45.5606575012207
session_2026-08-27_20-23-38,573,203,-0.66466,4.20155,-0.18885,-1.116828829471909,-0.5317871093551451,4.1756332218943255,13.582,0.8137222854045355,44.81178665161133
session_2026-08-27_20-23-38,576,204,-0.66479,4.20238,-0.16898,-1.1177434127483243,-0.5317309168030995,4.173706701092804,13.557,0.8086042074635149,44.570194244384766
session_2026-08-27_20-23-38,579,205,-0.66472,4.20193,-0.17993,-1.1168381617054275,-0.5311376229150692,4.170911408920564,13.55,0.8107840271092409,44.89097213745117
session_2026-08-27_20-23-38,582,206,-0.66469,4.20177,-0.18387,-1.1176555001321569,-0.5318142589160066,4.170056220936887,13.534,0.812942608458514,45.03668975830078
session_2026-08-27_20-23-38,585,207,-0.66476,4.20219,-0.1738,-1.1172584530726646,-0.5312039504796943,4.1741657550134565,13.539,0.8094145407492432,45.3780517578125
session_2026-08-27_20-23-38,588,208,-0.66453,4.20078,-0.20568,-1.1175124449344993,-0.5320200349920505,4.174520807734827,13.629,0.819850522464032,45.97478485107422
session_2026-08-27_20-23-38,591,209,-0.66481,4.20252,-0.16524,-1.1167684724806963,-0.5302290817687888,4.166506714828958,13.558,0.8061756029998476,45.60853576660156
session_2026-08-27_20-23-38,594,210,-1.61254,3.98631,-0.01666,-1.1169774336920795,-0.5312580119508076,4.170549863001762,11.841,0.2875744549113401,45.756038665771484
session_2026-08-27_20-23-38,597,211,-0.66483,4.20264,-0.1621,-1.1180993831399286,-0.5323167115701248,4.175991882565435,13.597,0.8071634839615213,46.39252471923828
session_2026-08-27_20-23-38,600,212,-0.66459,4.20112,-0.19841,-1.11607812073385,-0.5304371246460854,4.168158660447079,13.569,0.8156200755544882,46.68541717529297
session_2026-08-27_20-23-38,603,213,-0.66463,4.20136,-0.19314,-1.1163368719052305,-0.5301671736557326,4.166494448236374,13.63,0.8141103747961538,45.61643600463867
session_2026-08-27_20-23-38,606,214,-0.66463,4.20138,-0.19282,-1.1165151005269567,-0.5303182141229881,4.1708015716224125,13.53,0.8142356206666048,44.39234924316406
session_2026-08-27_20-23-38,609,215,-0.6647,4.20182,-0.18268,-1.1170443166495776,-0.5316492774727339,4.173778495895848,13.471,0.8119738684907578,45.10924530029297
session_2026-08-27_20-23-38,612,216,-1.61249,3.98617,-0.03988,-1.116448697215987,-0.5303274681410055,4.169914785029495,11.731,0.2941186515844079,44.35091018676758
session_2026-08-27_20-23-38,615,217,-0.66472,4.20196,-0.17937,-1.1164144155909868,-0.5309698983349929,4.171728967802426,13.578,0.8101730076934557,44.09699249267578
session_2026-08-27_20-23-38,618,218,-0.66464,4.20148,-0.19055,-1.1171207759612571,-0.5316533664400463,4.170765748675524,13.621,0.8144654014484096,44.93378448486328
session_2026-08-27_20-23-38,621,219,-0.66465,4.2015,-0.19009,-1.1171335536024938,-0.5315119897060745,4.1733568846576405,13.507,0.8143085275900374,44.709014892578125
session_2026-08-27_20-23-38,624,220,-0.66485,4.20279,-0.15817,-1.116316298361285,-0.5299155139635652,4.164952010013155,13.523,0.8036835932528416,45.41184997558594
session_2026-08-27_20-23-38,627,221,-0.66485,4.20279,-0.15817,-1.1167946226555199,-0.5308371086641694,4.169913938588513,13.549,0.8043873227159422,44.33969497680664
session_2026-08-27_20-23-38,630,222,-0.66474,4.20207,-0.17657,-1.1169921334664934,-0.5310568027585131,4.169835469952497,13.612,0.8099013515619822,43.66912841796875
session_2026-08-27_20-23-38,633,223,-0.66479,4.20239,-0.16858,-1.116042236917219,-0.5307781535123621,4.174139031509768,13.53,0.8066166629240149,44.705406188964844
session_2026-08-27_20-23-38,636,224,-0.66472,4.20198,-0.17873,-1.1165641142221538,-0.5304610717080211,4.1646742363503435,13.613,0.8099735812491199,46.40754699707031
session_2026-08-27_20-23-38,639,225,-0.66471,4.20189,-0.18109,-1.1171787499926304,-0.531567508705193,4.172498233060536,13.56,0.8115880505667256,46.088775634765625
session_2026-08-27_20-23-38,642,226,-0.66465,4.20153,-0.18941,-1.1165674862276387,-0.5307708653417716,4.1715583643318075,13.521,0.8133448404184079,45.18741989135742
session_2026-08-27_20-23-38,645,227,-0.66467,4.20162,-0.18739,-1.1171915104197616,-0.5313289885293895,4.1677894437336205,13.444,0.8134415829469649,46.45058822631836
session_2026-08-27_20-23-38,648,228,-0.66475,4.20216,-0.17438,-1.1166132671786624,-0.5311339707014574,4.17568453607061,13.622,0.8089683083105275,45.328704833984375
session_2026-08-27_20-23-38,651,229,-0.66493,4.20326,-0.14467,-1.1169320373209168,-0.5312181533630309,4.169075581677202,13.601,0.8009762231606489,45.188446044921875
session_2026-08-27_20-23-38,654,230,-0.66479,4.20242,-0.1678,-1.1159732307211274,-0.5302634695245808,4.170115369517496,13.695,0.8061660781324249,45.7286491394043
session_2026-08-27_20-23-38,657,231,-0.66467,4.20167,-0.18616,-1.1166994512579715,-0.5308615170917291,4.170245601457974,13.628,0.8124820970108975,45.507537841796875
session_2026-08-27_20-23-38,660,232,-0.6648,4.20244,-0.16748,-1.117567237147132,-0.5313182280202884,4.168985089142615,13.543,0.8078579596610029,44.050785064697266
session_2026-08-27_20-23-38,663,233,-0.66475,4.20217,-0.17417,-1.1185163695410516,-0.5326020354342034,4.171268819725315,13.601,0.8110651205910497,44.83589553833008
session_2026-08-27_20-23-38,666,234,-0.66469,4.20175,-0.1844,-1.116701213905798,-0.5307936163188604,4.170051903753852,13.537,0.8119165825911367,45.51834487915039
session_2026-08-27_20-23-38,669,235,-0.66446,4.20029,-0.21575,-1.117628292319398,-0.5316906440974835,4.171396534900645,13.527,0.8232316583763142,46.595306396484375
session_2026-08-27_20-23-38,672,236,-0.66463,4.20138,-0.19264,-1.1169034862648317,-0.530818901980866,4.168389452309534,13.698,0.8146781530019035,46.822879791259766
session_2026-08-27_20-23-38,675,237,-1.61253,3.98628,-0.0239,-1.117854319743827,-0.5324420616848727,4.175577571317479,11.844,0.2929367455083672,46.244773864746094
session_2026-08-27_20-23-38,678,238,-0.66479,4.20242,-0.1679,-1.1167198517555548,-0.5313277845862868,4.170415608042784,13.52,0.8071757051233347,45.358428955078125
session_2026-08-27_20-23-38,681,239,-0.66451,4.20065,-0.20841,-1.1165806735732526,-0.5311587817640742,4.173639947406709,13.516,0.8196127054970512,44.846473693847656
session_2026-08-27_20-23-38,684,240,-0.66462,4.20131,-0.19438,-1.1168558816764877,-0.531656378685923,4.176751071343059,13.497,0.8154691205338375,44.98435592651367
session_2026-08-27_20-23-38,687,241,-0.66475,4.20216,-0.17437,-1.1174489527534002,-0.5327301094054451,4.177758730889741,13.574,0.8102011372129012,44.51359558105469
session_2026-08-27_20-23-38,690,242,-0.66475,4.20215,-0.17477,-1.1190649152752539,-0.5345663310315589,4.182081756757153,13.585,0.8124214600600331,45.787681579589844
session_2026-08-27_20-23-38,693,243,-0.66483,4.20265,-0.16199,-1.1176018578256213,-0.5319497773768516,4.1729911963225454,13.556,0.8065218646840508,44.76522445678711
session_2026-08-27_20-23-38,696,244,-0.66483,4.20267,-0.16129,-1.1160916037855328,-0.5304037398028069,4.17042710759827,13.559,0.8044751917576689,45.550445556640625
session_2026-08-27_20-23-38,699,245,-0.66466,4.20158,-0.18831,-1.116814984102428,-0.5306672075426003,4.167100702459555,13.538,0.8131931189195926,45.23558044433594
session_2026-08-27_20-23-38,702,246,-0.66468,4.20168,-0.18595,-1.1179824911462903,-0.5324910335432529,4.1746837094454925,13.523,0.8141088807881776,45.42417907714844
session_2026-08-27_20-23-38,705,247,-0.66464,4.20148,-0.19057,-1.116202794460596,-0.5302034278184642,4.168618949060661,13.497,0.8131932735384492,45.19186019897461
session_2026-08-27_20-23-38,708,248,-0.66477,4.2023,-0.17092,-1.1178816191463778,-0.5327114258018991,4.178616625033411,13.675,0.8096197575344176,46.6069450378418
session_2026-08-27_20-23-38,711,249,-0.66472,4.20195,-0.17967,-1.116036081959521,-0.5307528534406319,4.174470485493783,13.66,0.8098677962107204,44.476531982421875
session_2026-08-27_20-23-38,714,250,-0.66471,4.20191,-0.18058,-1.11680618869805,-0.5312280012808664,4.168986871096012,13.676,0.8109661255743944,43.556217193603516
session_2026-08-27_20-23-38,717,251,-0.66485,4.20277,-0.15865,-1.1168561158104822,-0.532045675141983,4.176627130872004,13.644,0.8049404569667109,44.47962951660156
session_2026-08-27_20-23-38,720,252,-0.66478,4.20232,-0.17039,-1.1167671346473864,-0.5307578893807131,4.168183247939144,13.577,0.8077839680136067,45.697425842285156
session_2026-08-27_20-23-38,723,253,-0.66468,4.20168,-0.18592,-1.1158364388572308,-0.5315649907540385,4.1779207642568,13.562,0.8118291980656184,45.196075439453125
session_2026-08-27_20-23-38,726,254,-0.66472,4.20196,-0.17937,-1.1172980678572322,-0.5317605200647693,4.17158262323291,13.453,0.811226362550043,45.318660736083984
session_2026-08-27_20-23-38,729,255,-0.66476,4.2022,-0.17343,-1.1167890199720778,-0.5315486109347771,4.1714119430756025,13.526,0.8089092330727884,44.892356872558594
session_2026-08-27_20-23-38,732,256,-0.66474,4.20207,-0.17668,-1.1165238642432798,-0.5312667461098463,4.171642246675095,13.545,0.8095456336314951,44.60349655151367
session_2026-08-27_20-23-38,732,257,-0.66489,4.20306,-0.15054,-1.1165238642432798,-0.5312667461098463,4.171642246675095,13.59,0.80217068039379,44.60349655151367
session_2026-08-27_20-23-38,738,258,-0.66465,4.20153,-0.18932,-1.1179379238597114,-0.5321216642202363,4.174119002322866,13.511,0.815016858722099,44.383941650390625
session_2026-08-27_20-23-38,741,259,-0.66461,4.20124,-0.19595,-1.1184714427436333,-0.5336813848700851,4.17933844590346,13.595,0.8181100025931525,44.888675689697266
session_2026-08-27_20-23-38,744,260,-0.66481,4.20256,-0.16437,-1.116994546034804,-0.5317942415875013,4.174788033184343,13.555,0.8065955225001822,44.37031555175781
session_2026-08-27_20-23-38,747,261,-0.66471,4.20186,-0.18164,-1.1171259932035742,-0.5317273115681652,4.173955922863066,13.647,0.8117554913739773,44.80226516723633
session_2026-08-27_20-23-38,750,262,-0.66481,4.20251,-0.16555,-1.1166285697433906,-0.5313797028743794,4.16959131305404,13.615,0.8064145971477025,44.044525146484375
session_2026-08-27_20-23-38,753,263,-0.66461,4.20128,-0.19486,-1.1171523644165178,-0.5314983492715553,4.17159037479691,13.627,0.8158226548917513,45.097694396972656
session_2026-08-27_20-23-38,756,264,-0.66467,4.20162,-0.18737,-1.1167717192300108,-0.5310584947011012,4.170026879882012,13.529,0.8129681744653438,44.973976135253906
session_2026-08-27_20-23-38,759,265,-0.66469,4.20176,-0.18398,-1.1174395428986896,-0.5314143541504213,4.16578030136986,13.429,0.8126509893733798,45.28578186035156
session_2026-08-27_20-23-38,762,266,-0.66474,4.20206,-0.17688,-1.1160720674209645,-0.5300794177861305,4.166024510585922,13.573,0.8088424291615762,45.05509948730469
session_2026-08-27_20-23-38,765,267,-0.66462,4.2013,-0.19445,-1.1170620386223094,-0.530877742647521,4.169811106023585,13.518,0.8154222042845363,45.027137756347656
session_2026-08-27_20-23-38,768,268,-0.66474,4.20211,-0.17564,-1.1173130034460452,-0.531298081127817,4.172121760061539,13.571,0.8100195799159541,45.749183654785156
session_2026-08-27_20-23-38,771,269,-0.66471,4.2019,-0.18084,-1.1175707156806587,-0.5324145063586703,4.173050374443272,13.589,0.8121138224455973,45.015655517578125
session_2026-08-27_20-23-38,774,270,-0.66466,4.20158,-0.18814,-1.1180468583516463,-0.5323855767382789,4.17493118124996,13.648,0.8148302158938548,45.500335693359375
session_2026-08-27_20-23-38,777,271,-0.66476,4.20219,-0.1737,-1.1175326778299999,-0.5326997441979676,4.176535046753899,13.552,0.8100521858373947,45.2846794128418
session_2026-08-27_20-23-38,780,272,-0.66474,4.20211,-0.17575,-1.1157928428698267,-0.5302902095676518,4.167718165520368,13.569,0.8083002863839966,46.501319885253906
session_2026-08-27_20-23-38,783,273,-0.66461,4.20128,-0.19505,-1.1164184254628509,-0.530840537630148,4.171281567154374,13.538,0.8149958851515766,44.802398681640625
session_2026-08-27_20-23-38,786,274,-0.66467,4.20161,-0.18755,-1.1166796144923237,-0.5311392383287136,4.171008359850502,13.582,0.8129606851992223,45.786041259765625
session_2026-08-27_20-23-38,789,275,-1.61248,3.98615,-0.04244,-1.116593538909257,-0.5313941156583489,4.170984602414107,11.749,0.296100025848767,45.07018280029297
session_2026-08-27_20-23-38,792,276,-0.66464,4.20145,-0.19129,-1.116838979513717,-0.5313268799109696,4.171357853950516,13.687,0.814338291905837,45.299320220947266
session_2026-08-27_20-23-38,795,277,-0.66465,4.20152,-0.18957,-1.1162615105741964,-0.5304202099068972,4.170214169584389,13.671,0.8129982068644935,45.8668098449707
session_2026-08-27_20-23-38,798,278,-0.66465,4.2015,-0.19009,-1.1180747357962628,-0.5326696515071896,4.173356925692727,13.583,0.8155228507132724,44.912227630615234
session_2026-08-27_20-23-38,801,279,-0.66483,4.20265,-0.16179,-1.1156146873346868,-0.5296727312279321,4.163131467665429,13.603,0.8039463191380392,45.674659729003906
session_2026-08-27_20-23-38,804,280,-0.66485,4.20281,-0.15761,-1.1193283272141084,-0.5347122930748307,4.184224367687595,13.595,0.8078433847783804,45.17510986328125
session_2026-08-27_20-23-38,807,281,-0.66473,4.202,-0.17828,-1.1174901471564218,-0.531942452546806,4.174317642625112,13.598,0.8111549002824388,45.111881256103516
session_2026-08-27_20-23-38,810,282,-1.61249,3.98619,-0.03745,-1.117899948751542,-0.5323162680735447,4.172108693631334,11.844,0.2947690837478745,46.00905990600586
session_2026-08-27_20-23-38,813,283,-0.66464,4.20146,-0.19105,-1.1168443805889037,-0.5314823563908472,4.172217421191704,13.605,0.8143168487904697,44.232940673828125
session_2026-08-27_20-23-38,816,284,-0.66458,4.20107,-0.19954,-1.1160769698675015,-0.5303495137692459,4.166295019542607,13.633,0.8159610897396167,45.57561492919922
session_2026-08-27_20-23-38,819,285,-0.66477,4.20227,-0.17178,-1.117323199631695,-0.5316531600112933,4.172378334247081,13.626,0.80897846935929,45.06870651245117
session_2026-08-27_20-23-38,822,286,-0.66468,4.20173,-0.18472,-1.1166540813117274,-0.5307465162588663,4.16871097389612,13.638,0.8119581015847812,45.191864013671875
session_2026-08-27_20-23-38,825,287,-0.66475,4.20212,-0.17549,-1.1164561548168708,-0.5307579317441946,4.171675906530773,13.515,0.8089986076083181,45.301185607910156
session_2026-08-27_20-23-38,828,288,-0.66455,4.20089,-0.2035,-1.1170095097057842,-0.53108805060616,4.169017821746006,13.676,0.8183551186284032,45.52239990234375
session_2026-08-27_20-23-38,831,289,-0.66461,4.20123,-0.19596,-1.1167510985323048,-0.5319575225269053,4.177692284831365,13.568,0.8159646771865008,44.91530227661133
session_2026-08-27_20-23-38,834,290,-0.66468,4.20173,-0.18468,-1.1172718536881427,-0.5315058200940286,4.169849734802692,13.592,0.812744145607843,44.93191146850586
session_2026-08-27_20-23-38,837,291,-0.66462,4.20135,-0.19332,-1.1175397118112624,-0.5324048554281717,4.17521890476228,13.602,0.8159818316371298,45.23073959350586
session_2026-08-27_20-23-38,840,292,-0.6646,4.20118,-0.1972,-1.1173680181574916,-0.5317194238789605,4.172281852210688,13.537,0.8168372418563048,45.09170150756836
session_2026-08-27_20-23-38,843,293,-0.66468,4.20171,-0.1853,-1.1159303666713287,-0.5302755806972451,4.168906931178519,13.531,0.8113124721685208,45.09175109863281
session_2026-08-27_20-23-38,846,294,-0.66479,4.20241,-0.16824,-1.1162915689387505,-0.5305049676219941,4.171885060624758,13.67,0.8066721398196869,44.77067565917969
session_2026-08-27_20-23-38,849,295,-0.66467,4.20162,-0.1872,-1.1169394850947236,-0.5314566003081853,4.1725118614015315,13.623,0.8131992735275664,43.79855728149414
session_2026-08-27_20-23-38,852,296,-0.66475,4.20217,-0.17414,-1.1156444503843417,-0.5296518189800973,4.164900311973768,13.568,0.8075182918580982,44.48834991455078
session_2026-08-27_20-23-38,855,297,-0.66474,4.20208,-0.17632,-1.1172020836115024,-0.5316771813948217,4.171330321071061,13.67,0.8101971883039459,44.655418395996094
session_2026-08-27_20-23-38,858,298,-0.66468,4.20168,-0.18602,-1.1158397552422477,-0.5304575919784107,4.169961384940248,13.583,0.8114937459757929,44.89388656616211
session_2026-08-27_20-23-38,861,299,-0.66476,4.20222,-0.17286,-1.1179769475002659,-0.5323393641164091,4.172885359024695,13.51,0.8101050795802526,44.27745819091797
session_2026-08-27_20-23-38,864,300,-0.66476,4.20221,-0.17319,-1.1162981344291303,-0.5302428858368355,4.165851002977946,13.635,0.8080150271493759,44.79110336303711
session_2026-08-27_20-23-38,867,301,-0.66436,4.19966,-0.22795,-1.1162560200783902,-0.5305781363438553,4.1698484229811505,13.486,0.8258426842626949,44.061248779296875
session_2026-08-27_20-23-38,870,302,-0.66475,4.20212,-0.17551,-1.1162794575915982,-0.5311261102984787,4.170709454072781,13.554,0.808916525165932,44.97900390625
session_2026-08-27_20-23-38,873,303,-0.66476,4.20223,-0.1727,-1.1168688711825265,-0.5311643019391602,4.170585401425514,13.567,0.8086757034975688,44.1860237121582
session_2026-08-27_20-23-38,876,304,-0.6648,4.20243,-0.16761,-1.1182462665853192,-0.5335733786536418,4.177111853620192,13.612,0.8091878956268332,46.13899230957031
session_2026-08-27_20-23-38,879,305,-0.66487,4.20293,-0.15419,-1.1175961087091701,-0.53256744974272,4.172347703535483,13.621,0.8044972698249544,45.93960952758789
session_2026-08-27_20-23-38,882,306,-0.66469,4.20178,-0.18358,-1.1175362343449813,-0.5317652550939489,4.170797178740113,13.637,0.8127323294046889,45.943885803222656
session_2026-08-27_20-23-38,885,307,-0.66477,4.20229,-0.17112,-1.1178667620733664,-0.5324526930414462,4.172411695649812,13.501,0.8095121688058751,44.78314208984375
session_2026-08-27_20-29-31,0,10,-1.49193,4.07568,0.13636,-1.2184414148545262,-1.2101150542559465,4.409746664234944,10.835,0.7278795147963432,19.255346298217773
session_2026-08-27_20-29-31,1,11,-1.49209,4.0761,0.12113,-1.2166821092698936,-1.2081762321964156,4.4009421148283545,10.855,0.7333352151673105,18.707557678222656
session_2026-08-27_20-29-31,2,12,-1.49213,4.07623,0.11614,-1.2159368310490555,-1.2089794503989213,4.401789946504162,10.928,0.738277306257995,21.745372772216797
session_2026-08-27_20-29-31,4,13,-1.4922,4.07642,0.10864,-1.2124977465146727,-1.2061554320801084,4.3890347360631665,10.848,0.7353568776826511,27.190153121948242
session_2026-08-27_20-29-31,7,14,-1.49203,4.07596,0.12657,-1.2083963573221355,-1.2019987131810816,4.376883134435059,10.935,0.7116304153934196,35.02545928955078
session_2026-08-27_20-29-31,10,15,-1.49217,4.07633,0.11234,-1.20756558076628,-1.2001315559517958,4.372696064041868,10.868,0.7192412482877278,38.16294479370117
session_2026-08-27_20-29-31,12,16,-1.4921,4.07615,0.11928,-1.2086712920617548,-1.2012037323508862,4.374336920252326,10.82,0.7154903042055795,39.553653717041016
session_2026-08-27_20-29-31,15,17,-1.4922,4.0764,0.10908,-1.2093902373833039,-1.2034599913612192,4.3818211262645,10.866,0.7291024241286234,39.58659362792969
session_2026-08-27_20-29-31,18,18,-1.49208,4.07608,0.1219,-1.207421999377468,-1.2008642619928367,4.372937702768331,10.895,0.712409492166609,39.52016830444336
session_2026-08-27_20-29-31,21,19,-1.49211,4.07616,0.11901,-1.2074137962225169,-1.2009082202414325,4.373094770874693,10.905,0.7148070636870358,38.870304107666016
session_2026-08-27_20-29-31,24,20,-1.492,4.07586,0.13022,-1.2066763092524695,-1.197598035358634,4.364971636967,10.906,0.6991799837763343,40.821876525878906
session_2026-08-27_20-29-31,27,21,-1.49234,4.0768,0.09085,-1.2079397048394331,-1.2005325570205558,4.372725286849178,10.865,0.7369014435305932,40.089149475097656
session_2026-08-27_20-29-31,30,22,-1.49209,4.07612,0.12062,-1.2082765265100817,-1.2019188912080976,4.3773891290336016,10.913,0.7164777117815894,39.785438537597656
session_2026-08-27_20-29-31,33,23,-1.49205,4.076,0.12512,-1.20718839128412,-1.1985196979506152,4.366453598184894,10.922,0.7047447361341905,38.12216567993164
session_2026-08-27_20-29-31,36,24,-1.49212,4.07618,0.11814,-1.207874106092531,-1.201456620282887,4.376128003312948,10.886,0.7174210080852037,39.50614929199219
session_2026-08-27_20-29-31,39,25,-1.49221,4.07645,0.10706,-1.2080131457748051,-1.2023714589360783,4.379974942247088,10.788,0.7288245922962556,39.8880615234375
session_2026-08-27_20-29-31,42,26,-1.49211,4.07618,0.11826,-1.2065562084689374,-1.198537703390042,4.363900718781598,10.9,0.7090171654939729,40.462310791015625
session_2026-08-27_20-29-31,45,27,-1.4921,4.07613,0.12023,-1.2066805303058852,-1.1979209333264014,4.365289736982124,10.882,0.7075405605161882,39.88861846923828
session_2026-08-27_20-29-31,49,28,-1.49212,4.07621,0.11714,-1.2077266309432544,-1.199921799190047,4.371961339465303,10.874,0.7149029749161185,40.124473571777344
session_2026-08-27_20-29-31,52,29,-1.49214,4.07626,0.11498,-1.2067496164647307,-1.1991617753208414,4.368487641194675,10.866,0.7143051282647431,39.11498260498047
session_2026-08-27_20-29-31,55,30,-1.4922,4.07642,0.10833,-1.207529224814466,-1.200852143904162,4.374319215770382,10.79,0.7238298948473428,40.03158950805664
session_2026-08-27_20-29-31,58,31,-1.49224,4.07651,0.10439,-1.2080360964511438,-1.2007553444477086,4.370776350059672,10.887,0.7253023365725142,39.877708435058594
session_2026-08-27_20-29-31,61,32,-1.49219,4.07639,0.10984,-1.2088745051306562,-1.202171983819757,4.375728924350715,10.928,0.7244989982615795,38.993038177490234
session_2026-08-27_20-29-31,64,33,-1.49214,4.07624,0.11583,-1.2085816808408323,-1.203509763816333,4.381584000320001,10.807,0.7236542970823892,39.88258361816406
session_2026-08-27_20-29-31,67,34,-1.49201,4.07588,0.1293,-1.2079209142342293,-1.1991437908430167,4.366406045426847,10.855,0.7019983411687201,39.392372131347656
session_2026-08-27_20-29-31,70,35,-1.49213,4.07623,0.11628,-1.2071820658242247,-1.2015808757356465,4.37654598341717,10.875,0.7191690309309083,38.82484436035156
session_2026-08-27_20-29-31,73,36,-1.49208,4.07608,0.12197,-1.2061729179634781,-1.1970791031185826,4.36094786324179,10.868,0.7033922610903283,38.411460876464844
session_2026-08-27_20-29-31,76,37,-1.4921,4.07615,0.11946,-1.2065065437068194,-1.1986955815896014,4.3654923701519825,10.831,0.7089275096695545,38.20884323120117
session_2026-08-27_20-29-31,79,38,-1.4922,4.07641,0.10881,-1.2068696296394323,-1.1985936357558162,4.3657805802197585,10.779,0.717510882048091,38.52623748779297
session_2026-08-27_20-29-31,82,39,-1.49207,4.07606,0.12292,-1.207261502229504,-1.2008033408135692,4.370423843501348,10.923,0.7103606203501067,39.06209945678711
session_2026-08-27_20-29-31,85,40,-1.4922,4.07643,0.10821,-1.2091833738147015,-1.2031791012217683,4.3773690313804785,10.849,0.7274614608756862,38.444915771484375
session_2026-08-27_20-29-31,88,41,-1.49215,4.07629,0.11387,-1.2081094520503408,-1.202005204670772,4.375242800388699,10.841,0.7208868234984172,39.71638107299805
session_2026-08-27_20-29-31,91,42,-1.49213,4.07623,0.11619,-1.2078318334645113,-1.200119800258717,4.3735042595908755,10.869,0.7165573654408854,39.79795837402344
session_2026-08-27_20-29-31,94,43,-1.49217,4.07634,0.11171,-1.2080850853992953,-1.2006702784455923,4.37318916380991,10.859,0.7204736110619392,40.23035430908203
session_2026-08-27_20-29-31,98,44,-1.49212,4.07618,0.11807,-1.2084901788204316,-1.2045207759147718,4.384327882371515,10.89,0.7240781160790558,39.057498931884766
session_2026-08-27_20-29-31,101,45,-1.49218,4.07635,0.11139,-1.2089656715795267,-1.2041055786614632,4.384179426719928,10.789,0.7289277569665338,39.22503662109375
session_2026-08-27_20-29-31,104,46,-1.49199,4.07585,0.13046,-1.2061996763186635,-1.1987871955490919,4.36712431061146,10.863,0.7010331195046529,38.60306167602539
session_2026-08-27_20-29-31,107,47,-1.49211,4.07618,0.11836,-1.2078811711203008,-1.1994948495867788,4.368460876678562,10.856,0.7119376715409984,39.33182907104492
session_2026-08-27_20-29-31,110,48,-1.49204,4.07598,0.12588,-1.2073722917076954,-1.1999560299490066,4.372789317708899,10.962,0.708391056809763,40.04844665527344
session_2026-08-27_20-29-31,113,49,-1.49194,4.0757,0.13573,-1.2056604882893465,-1.1985953004915646,4.366971717394903,10.931,0.6966215494412994,39.767662048339844
session_2026-08-27_20-29-31,116,50,-1.49215,4.07629,0.11403,-1.2066187579150154,-1.2006013185363738,4.373221565341268,10.844,0.7185150235058044,40.33003234863281
session_2026-08-27_20-29-31,119,51,-1.49208,4.07609,0.12172,-1.2093427383371056,-1.2053583088044244,4.387793243523986,10.865,0.7236458469116963,39.82560348510742
session_2026-08-27_20-29-31,122,52,-1.49211,4.07617,0.1185,-1.2068808090170227,-1.1987486824834035,4.369007971603147,10.873,0.711380944004439,40.22188949584961
session_2026-08-27_20-29-31,125,53,-1.4922,4.07642,0.1085,-1.2077583451936218,-1.2013672874767238,4.37379953876046,10.875,0.723919046547694,39.558258056640625
session_2026-08-27_20-29-31,128,54,-1.49197,4.07578,0.13277,-1.2066123444057435,-1.1977420061917505,4.364094977819283,10.884,0.6968838343256536,40.18268585205078
session_2026-08-27_20-29-31,131,55,-1.49192,4.07565,0.13749,-1.2082620211025925,-1.200142018837982,4.368819123518132,10.914,0.6975842017314805,39.14386749267578
session_2026-08-27_20-29-31,134,56,-1.49216,4.0763,0.11344,-1.2075812253702558,-1.2012270952245052,4.373999148124036,10.855,0.7199409381094862,39.8382453918457
session_2026-08-27_20-29-31,137,57,-1.49206,4.07604,0.12367,-1.2075770575509681,-1.1991706279831136,4.368636097625743,10.889,0.7075026026808567,38.257789611816406
session_2026-08-27_20-29-31,140,58,-1.49205,4.076,0.12511,-1.2083316553235144,-1.20268918175958,4.379020990645319,10.943,0.7143990522938093,39.174800872802734
session_2026-08-27_20-29-31,143,59,-1.49209,4.07612,0.12067,-1.2074176664452734,-1.1991170866311727,4.369551698374068,10.896,0.7102539792870181,38.76822280883789
session_2026-08-27_20-29-31,146,60,-1.49212,4.07619,0.11801,-1.2054526096703815,-1.1954627177625734,4.356185564823711,10.919,0.7029298345521813,39.216041564941406
session_2026-08-27_20-29-31,149,61,-1.49223,4.07651,0.10468,-1.2079804975607678,-1.2011971591169848,4.374841800411379,10.811,0.7273103247108713,39.780494689941406
session_2026-08-27_20-29-31,152,62,-1.49206,4.07602,0.12414,-1.2070055810801703,-1.1993847592017661,4.368714221563954,10.862,0.7073364273605921,39.34878158569336
session_2026-08-27_20-29-31,155,63,-1.49208,4.07608,0.12202,-1.20647599265474,-1.1988481455820392,4.368990055210509,10.898,0.70864765479188,39.80583190917969
session_2026-08-27_20-29-31,158,64,-1.49215,4.07628,0.11442,-1.2078630588744976,-1.2000225036008405,4.373143759979529,10.845,0.717707949054102,39.075016021728516
session_2026-08-27_20-29-31,160,65,-1.49199,4.07583,0.13104,-1.207684698367207,-1.199226607960946,4.368746704589506,10.921,0.7017907983430733,39.38218307495117
session_2026-08-27_20-29-31,161,71,-1.49214,4.07626,0.11506,-1.2072266216904908,-1.1988539971218635,4.369710514172802,10.86,0.714550422074087,39.31623458862305
session_2026-08-27_20-29-31,164,72,-1.49217,4.07632,0.11247,-1.2076619178571473,-1.2002990776487932,4.3726991707252125,10.925,0.7192954563409577,38.87903594970703
session_2026-08-27_20-29-31,167,73,-1.49218,4.07636,0.11091,-1.208804919124824,-1.2026431843867746,4.380685367800177,10.897,0.7263707780926191,39.812400817871094
session_2026-08-27_20-29-31,170,74,-1.49207,4.07606,0.12265,-1.208167886592248,-1.2004128042000433,4.372802474392312,10.833,0.7113863258633214,39.40978240966797
session_2026-08-27_20-29-31,170,75,-1.49212,4.07618,0.11803,-1.208167886592248,-1.2004128042000433,4.372802474392312,10.894,0.7150448394780324,39.40978240966797
session_2026-08-27_20-29-31,176,76,-1.49207,4.07606,0.12266,-1.20917942233918,-1.2035813625248064,4.381582466737715,10.798,0.7183678093212658,39.296295166015625
session_2026-08-27_20-29-31,179,77,-1.49213,4.07622,0.11664,-1.2092156726802246,-1.2039431619878909,4.382448079596486,10.919,0.7238325465642697,39.42342758178711
session_2026-08-27_20-29-31,182,78,-1.49212,4.0762,0.11762,-1.2068516558310711,-1.1999433581247023,4.370872062688779,10.849,0.7139969036849466,39.28129959106445
session_2026-08-27_20-29-31,185,79,-1.4922,4.07641,0.10879,-1.2073146683534064,-1.1996616490794652,4.370876166264166,10.818,0.7208153437541208,37.69939041137695
session_2026-08-27_20-29-31,188,80,-1.49218,4.07635,0.11128,-1.2081344152754856,-1.2034464684449269,4.381960438531565,10.943,0.7273560230706897,39.26268768310547
session_2026-08-27_20-29-31,191,81,-1.49212,4.07618,0.11816,-1.207872296917944,-1.2008058431825814,4.373592477883933,10.845,0.7156431449738995,38.49404525756836
session_2026-08-27_20-29-31,194,82,-1.49214,4.07626,0.11516,-1.2069548320141243,-1.1984038039557037,4.365851930396714,10.883,0.7122849057737297,37.93704605102539
session_2026-08-27_20-29-31,197,83,-1.49217,4.07634,0.11193,-1.2071376115536423,-1.19811469047411,4.364947984569987,10.77,0.7142099361097876,38.268157958984375
session_2026-08-27_20-29-31,200,84,-1.49215,4.07627,0.11452,-1.2100495304360168,-1.2039781813696986,4.383682223713499,10.928,0.7261583515854113,39.403141021728516
session_2026-08-27_20-29-31,203,85,-1.49211,4.07618,0.11822,-1.2072035827223326,-1.1996898956227344,4.369678546072148,10.871,0.7127592366418284,39.419857025146484
session_2026-08-27_20-29-31,206,86,-1.49216,4.07632,0.11275,-1.2084660278212982,-1.2014521579027888,4.375687153196888,10.925,0.7215084050988116,39.56897735595703
session_2026-08-27_20-29-31,209,87,-1.49208,4.07609,0.12165,-1.20809712168015,-1.1999572856516172,4.373435578345487,10.843,0.7120674573893889,37.88018035888672
session_2026-08-27_20-29-31,212,88,-1.49202,4.07593,0.12772,-1.2092121689132977,-1.2023176485564409,4.378254981585585,10.837,0.7116972758115416,38.958290100097656
session_2026-08-27_20-29-31,215,89,-1.49205,4.076,0.12501,-1.207130154579165,-1.2003749671413841,4.372006929987837,10.912,0.7090693398585575,38.53660583496094
session_2026-08-27_20-29-31,218,90,-1.49218,4.07637,0.11066,-1.2103311254226892,-1.2069940086084827,4.392082786977405,10.849,0.7358522174096213,38.964176177978516
session_2026-08-27_20-29-31,221,91,-1.4921,4.07615,0.11948,-1.2084134289107225,-1.2022423030360514,4.377380081119476,10.896,0.7176636640676631,39.805171966552734
session_2026-08-27_20-29-31,224,92,-1.49212,4.07619,0.11774,-1.2072023554904223,-1.1991884000198103,4.371069688887897,10.815,0.7133439576591093,38.41068649291992
session_2026-08-27_20-29-31,227,93,-1.49222,4.07646,0.10689,-1.2079473248948849,-1.2007335587494563,4.373105147416603,10.841,0.7243318716058831,38.30140686035156
session_2026-08-27_20-29-31,230,94,-1.49204,4.07597,0.12619,-1.2061473838257575,-1.1983946169957496,4.365591474097125,10.869,0.7033425258672344,38.60425567626953
session_2026-08-27_20-29-31,233,95,-1.4921,4.07615,0.11942,-1.2080900347480499,-1.2009445358667035,4.373507916397358,10.963,0.7147355354429383,40.15443420410156
session_2026-08-27_20-29-31,236,96,-1.49222,4.07648,0.10581,-1.206261385911839,-1.1983882536024097,4.365687201777155,10.786,0.7196749520691332,39.65103530883789
session_2026-08-27_20-29-31,239,97,-1.49195,4.07572,0.13484,-1.2097762553841682,-1.206085595140561,4.388881240430256,10.938,0.7146395614338008,40.843997955322266
session_2026-08-27_20-29-31,242,98,-1.49215,4.07628,0.11442,-1.2083514480931983,-1.2006816164530725,4.3748959182085185,10.89,0.7191262409354299,38.257076263427734
session_2026-08-27_20-29-31,245,99,-1.49211,4.07618,0.11837,-1.2068951613739505,-1.198732187262791,4.366871050987165,10.863,0.710478716118283,38.86454772949219
session_2026-08-27_20-29-31,248,100,-1.49208,4.07608,0.12213,-1.207581644761658,-1.2004456059141404,4.371474868913465,10.899,0.7111756043790678,38.96767044067383
session_2026-08-27_20-29-31,251,101,-1.49199,4.07585,0.13041,-1.2073130850724736,-1.199851581335929,4.3691801218640425,10.82,0.7030253625469125,38.92915725708008
session_2026-08-27_20-29-31,254,102,-1.49213,4.07623,0.11643,-1.2079207307240112,-1.2026939654254802,4.380217402093739,10.834,0.7217861612399162,38.70455551147461
session_2026-08-27_20-29-31,257,103,-1.4922,4.07642,0.10854,-1.206180006065995,-1.1975060225250793,4.36258308023109,10.925,0.7152857629516639,39.350257873535156
session_2026-08-27_20-29-31,260,104,-1.49212,4.07621,0.11719,-1.2079949345591547,-1.2012951486199068,4.374995446709633,10.937,0.7175021628209446,38.802825927734375
session_2026-08-27_20-29-31,263,105,-1.49224,4.07652,0.10418,-1.207978955840782,-1.200643615019045,4.373177442757086,10.927,0.7264587538857648,38.56385803222656
session_2026-08-27_20-29-31,266,106,-1.49203,4.07595,0.12693,-1.2073337065884222,-1.2012517025154723,4.374451305959257,10.941,0.7094904217616589,38.91313934326172
session_2026-08-27_20-29-31,269,107,-1.49211,4.07616,0.11898,-1.2082660487961618,-1.2015654755923244,4.376047979563063,10.889,0.7168306680970721,39.902130126953125
session_2026-08-27_20-29-31,272,108,-1.49223,4.0765,0.10496,-1.207487008964377,-1.2000302487937717,4.371206501299668,10.896,0.7243701591381749,38.509368896484375
session_2026-08-27_20-29-31,275,109,-1.49209,4.07612,0.12069,-1.2086919106230787,-1.2016868319272898,4.376592609108584,10.88,0.7158588022862712,38.683799743652344
session_2026-08-27_20-29-31,278,110,-1.49206,4.07604,0.12375,-1.2072072901950281,-1.1996053346793683,4.369910595074028,10.842,0.7084021354071172,39.67900466918945
session_2026-08-27_20-29-31,281,111,-1.49209,4.07612,0.12043,-1.2081610114622559,-1.202460854261221,4.378448188776197,10.829,0.7176033418550988,39.36699295043945
session_2026-08-27_20-29-31,284,112,-1.49211,4.07616,0.11909,-1.2065394848229403,-1.1988463099060547,4.366371952249278,10.779,0.7097621809553716,38.502342224121094
session_2026-08-27_20-29-31,287,113,-1.49202,4.07592,0.12783,-1.2077579904451354,-1.2005912778663035,4.372423020927316,10.853,0.7072608741986451,39.41147994995117
session_2026-08-27_20-29-31,290,114,-1.49209,4.0761,0.12121,-1.2079568248283044,-1.1995370267057928,4.370300002347107,10.806,0.7105714032137064,39.18956756591797
session_2026-08-27_20-29-31,292,115,-1.49223,4.0765,0.10482,-1.2091425365077926,-1.2017840276955338,4.377867049990461,10.845,0.7291635805772662,39.06610107421875
session_2026-08-27_20-29-31,294,127,-1.49213,4.07621,0.11705,-1.2071323782155359,-1.1995698894788744,4.3710128898564475,10.898,0.7141989539226152,38.61698532104492
session_2026-08-27_20-29-31,297,128,-1.4922,4.0764,0.10921,-1.2076514480690719,-1.199625334513921,4.371193625114909,10.813,0.720606464612678,38.39216613769531
session_2026-08-27_20-29-31,300,129,-1.49208,4.07608,0.12208,-1.2095554725855107,-1.2040499726600349,4.384922851157764,10.873,0.720846660509246,39.28995132446289
session_2026-08-27_20-29-31,303,130,-1.49212,4.07619,0.11796,-1.2082702980381184,-1.2017521205246038,4.376952428977575,10.859,0.7182248108203089,38.86094665527344
session_2026-08-27_20-29-31,306,131,-1.49215,4.07628,0.11428,-1.2076879074494509,-1.199738142731991,4.370671499483683,10.86,0.7164179521364289,39.015411376953125
session_2026-08-27_20-29-31,309,132,-1.49209,4.07611,0.12094,-1.2089276409674026,-1.2021974055372522,4.376732350800301,10.855,0.7161892234249908,39.31436538696289
session_2026-08-27_20-29-31,312,133,-1.49221,4.07644,0.10762,-1.20792384081466,-1.1992316109879944,4.367688076345655,10.805,0.719942490560238,39.393882751464844
session_2026-08-27_20-29-31,315,134,-1.49217,4.07634,0.11181,-1.2070723105380026,-1.2004506631918974,4.373748821906434,10.851,0.7204143953162196,39.20054626464844
session_2026-08-27_20-29-31,318,135,-1.49197,4.07579,0.13245,-1.20808800159209,-1.2030953070630983,4.379091632396509,10.849,0.7090383564263097,38.9177360534668
session_2026-08-27_20-29-31,321,136,-1.49222,4.07647,0.10637,-1.2085399200857116,-1.2010278750159329,4.375569292860957,10.893,0.7261670459184313,39.287147521972656
session_2026-08-27_20-29-31,324,137,-1.49213,4.07621,0.11696,-1.207803338197502,-1.2008447424046047,4.373273524279221,10.832,0.7164782519311211,38.9725341796875
session_2026-08-27_20-29-31,327,138,-1.49218,4.07635,0.11135,-1.2066928190110984,-1.1988682086603932,4.3667977185725535,10.955,0.7161708875411052,39.188785552978516
session_2026-08-27_20-29-31,330,139,-1.49224,4.07651,0.10446,-1.209174488253845,-1.2028763097907904,4.379281001625959,10.875,0.7310714986640422,39.92005157470703
session_2026-08-27_20-29-31,333,140,-1.49219,4.0764,0.10946,-1.2071809861923453,-1.1987429303853723,4.368106402431021,10.843,0.718188350594,38.88205337524414
session_2026-08-27_20-29-31,336,141,-1.49213,4.07622,0.11647,-1.209264529108948,-1.2033863839500123,4.378961151765897,10.944,0.7218358072610616,39.73488235473633
session_2026-08-27_20-29-31,339,142,-1.49207,4.07605,0.12313,-1.2082506069490921,-1.2014918253549023,4.376463830370215,10.895,0.7136866844001823,38.15793991088867
session_2026-08-27_20-29-31,342,143,-1.49226,4.07659,0.10095,-1.2074416796860554,-1.1993874533262505,4.369127393035708,10.828,0.7260806723518968,38.65092849731445
session_2026-08-27_20-29-31,345,144,-1.49206,4.07603,0.12401,-1.208902850349015,-1.201985343759135,4.3761055834099905,10.901,0.713283985474885,38.2753791809082
session_2026-08-27_20-29-31,348,145,-1.49219,4.07637,0.1104,-1.2090475503411442,-1.20214551473086,4.375764331025869,10.871,0.7240569134107719,38.72530746459961
session_2026-08-27_20-29-31,351,146,-1.4922,4.0764,0.10916,-1.208252746288572,-1.200916119914997,4.374156223039439,10.79,0.7231793904365715,38.1308708190918
session_2026-08-27_20-29-31,354,147,-1.49198,4.0758,0.13208,-1.2080968680436035,-1.2003264121286004,4.370791355793708,10.897,0.7029264677110247,38.589046478271484
session_2026-08-27_20-29-31,357,148,-1.49211,4.07618,0.11822,-1.2081837054530695,-1.2007557254588725,4.3738990269275595,10.92,0.7157071059443615,39.5549430847168
session_2026-08-27_20-29-31,360,149,-1.49224,4.07651,0.10438,-1.2090853254256102,-1.2015872967961907,4.373212112293323,10.85,0.7272037636626373,40.50689697265625
session_2026-08-27_20-29-31,363,150,-1.49206,4.07602,0.12441,-1.208146042622457,-1.2012893336551422,4.373071721006213,10.864,0.7108901078963766,39.66267776489258
session_2026-08-27_20-29-31,366,151,-1.49216,4.0763,0.11327,-1.2079848437763516,-1.1997468569779317,4.369021694306847,10.918,0.7164877135437376,39.87975311279297
session_2026-08-27_20-29-31,369,152,-1.49203,4.07594,0.12708,-1.210099435946321,-1.2037305622116237,4.381479385390298,10.875,0.7150265734320266,37.909236907958984
session_2026-08-27_20-29-31,372,153,-1.49207,4.07606,0.12285,-1.2081183814509662,-1.200796870324017,4.372563043409407,10.851,0.7114491643618576,39.08208084106445
session_2026-08-27_20-29-31,375,154,-1.49203,4.07595,0.12689,-1.2081546192419843,-1.200367311015896,4.371739899650525,10.819,0.7074957209936537,38.670555114746094
session_2026-08-27_20-29-31,378,155,-1.4921,4.07613,0.11998,-1.2069589412604,-1.1985068994150008,4.366174166297883,10.836,0.7086823224024086,38.688499450683594
session_2026-08-27_20-29-31,381,156,-1.49217,4.07633,0.11222,-1.2072399641273506,-1.1992358282709876,4.368140383345546,10.862,0.7164358734134983,40.2082633972168
session_2026-08-27_20-29-31,384,157,-1.49216,4.0763,0.11344,-1.2073959426345082,-1.1989922865836464,4.367213581667198,10.885,0.7148260210685315,38.802852630615234
session_2026-08-27_20-29-31,387,158,-1.49219,4.0764,0.10941,-1.2090591275671099,-1.2008214829784707,4.372092502801599,10.829,0.7219783510906423,39.39153289794922
session_2026-08-27_20-29-31,390,159,-1.49213,4.07622,0.11671,-1.2087956418334418,-1.2012966932272817,4.374912056330907,10.866,0.7178804449488995,40.80706787109375
session_2026-08-27_20-29-31,393,160,-1.49229,4.07667,0.09739,-1.2070174235120763,-1.199378213354981,4.369718276920961,10.959,0.7291921878947657,38.6659049987793
session_2026-08-27_20-29-31,396,161,-1.49205,4.076,0.12512,-1.2086207402246454,-1.2024328358460175,4.376977384676971,10.854,0.7132052481816692,39.60803985595703
session_2026-08-27_20-29-31,399,162,-1.49209,4.07611,0.12082,-1.2089027513735446,-1.2020876197389065,4.37773591434508,10.833,0.7166620175959147,39.212196350097656
session_2026-08-27_20-29-31,402,163,-1.49221,4.07644,0.10766,-1.2087544614772088,-1.2017614499673397,4.375934652889743,10.974,0.7259647742236839,39.448463439941406
session_2026-08-27_20-29-31,405,164,-1.492,4.07587,0.12988,-1.2082720006107468,-1.200978211119658,4.374405997851153,10.831,0.706949194910319,38.88225555419922
session_2026-08-27_20-29-31,407,165,-1.49224,4.07653,0.10365,-1.207275081025183,-1.1993207295729844,4.3692819422827,10.812,0.7239090733759698,39.1705322265625
session_2026-08-27_20-29-31,407,166,-1.49219,4.07638,0.11018,-1.207275081025183,-1.1993207295729844,4.3692819422827,10.897,0.718667055614907,39.1705322265625
session_2026-08-27_20-29-31,408,173,-1.49217,4.07633,0.11225,-1.207567153267624,-1.1997638592338928,4.371273851637519,10.809,0.718332314135335,40.282989501953125
session_2026-08-27_20-29-31,411,174,-1.49213,4.07621,0.11707,-1.2076236261678273,-1.198695383367314,4.365118396372922,10.804,0.7107098896112598,38.57301712036133
session_2026-08-27_20-29-31,415,175,-1.4923,4.07668,0.0965,-1.2077767017874603,-1.1994663258302303,4.369707998235943,10.914,0.7300223972148272,39.25104904174805
session_2026-08-27_20-29-31,417,176,-1.49215,4.07627,0.1146,-1.2063932707074119,-1.1977799522411248,4.363074693488782,10.931,0.7108912074882621,38.71958541870117
session_2026-08-27_20-29-31,420,177,-1.4922,4.07641,0.10895,-1.2080323295114834,-1.199861563824907,4.369738493999717,10.879,0.7203726879565714,40.41681671142578
session_2026-08-27_20-29-31,423,178,-1.49215,4.07628,0.11419,-1.2089077919470919,-1.2019466279043893,4.377632544683875,10.837,0.721730911844286,40.19834518432617
session_2026-08-27_20-29-31,426,179,-1.49213,4.07623,0.11614,-1.2080544640053763,-1.200369264773954,4.374742717201749,10.844,0.7174052998685754,40.04829406738281
session_2026-08-27_20-29-31,429,180,-1.49211,4.07617,0.11843,-1.2077300496186336,-1.1998412615912935,4.369921231464861,10.864,0.7128633151761659,39.37875747680664
session_2026-08-27_20-29-31,432,181,-1.49194,4.07571,0.13527,-1.2070984921558947,-1.1999732121091407,4.369163634254575,10.86,0.6992951848149526,40.17197799682617
session_2026-08-27_20-29-31,435,182,-1.4922,4.07641,0.10895,-1.2085291824787692,-1.2002954240903145,4.369034632318091,10.872,0.7204587245286492,39.44953918457031
session_2026-08-27_20-29-31,438,183,-1.49221,4.07643,0.10797,-1.2081458629395374,-1.200939381173728,4.374082436845376,10.803,0.7241107162848066,39.48307418823242
session_2026-08-27_20-29-31,441,184,-1.49219,4.07638,0.11017,-1.2085777172970875,-1.2017262377675455,4.374848281192508,10.864,0.723422428802448,39.67440414428711
session_2026-08-27_20-29-31,444,185,-1.49207,4.07605,0.12321,-1.2076562546466738,-1.2028667811955032,4.379994272521338,10.906,0.7164833371912144,40.621028900146484
session_2026-08-27_20-29-31,447,186,-1.49218,4.07635,0.11131,-1.2081911197903397,-1.2013084751438057,4.375246061317562,10.819,0.7223131967189482,39.69731140136719
session_2026-08-27_20-29-31,450,187,-1.49209,4.07611,0.12109,-1.2071298667904096,-1.1983528603803644,4.36410048364523,10.873,0.7067073446410489,40.414669036865234
session_2026-08-27_20-29-31,453,188,-1.49215,4.07629,0.11398,-1.2085506104333863,-1.2011963932284375,4.373902879746727,10.9,0.7194787564134623,40.03400421142578
session_2026-08-27_20-29-31,456,189,-1.49215,4.07629,0.11383,-1.2078268851965936,-1.1999660924544662,4.369396452506514,10.924,0.7163983477385051,38.374122619628906
session_2026-08-27_20-29-31,459,190,-1.49207,4.07607,0.1226,-1.2074028950396962,-1.1998755389196718,4.37028492693297,10.875,0.7097348686262809,39.712913513183594
session_2026-08-27_20-29-31,462,191,-1.49204,4.07596,0.12642,-1.2080905158228745,-1.200337395217596,4.371383201468362,10.814,0.7076706585658412,38.78582000732422
session_2026-08-27_20-29-31,465,192,-1.4922,4.07642,0.10833,-1.2073800299676605,-1.1988780199122357,4.365392888151199,10.854,0.7179968704132365,37.815704345703125
session_2026-08-27_20-29-31,468,193,-1.49217,4.07634,0.11181,-1.2073630222132907,-1.2000511659286224,4.36994536902175,10.811,0.7183198422732717,40.23210144042969
session_2026-08-27_20-29-31,471,194,-1.492,4.07588,0.12954,-1.2081601478249953,-1.2001355309057389,4.372135981958951,10.871,0.7053911747981401,40.144989013671875
session_2026-08-27_20-29-31,474,195,-1.49219,4.07639,0.10977,-1.2090737240840492,-1.2014203736875084,4.373773187737897,10.824,0.7229959775882908,40.041900634765625
session_2026-08-27_20-29-31,477,196,-1.49209,4.07611,0.12107,-1.2078220572838576,-1.1998788187483356,4.370167186923281,10.808,0.7109131502466672,39.96855163574219
session_2026-08-27_20-29-31,480,197,-1.49204,4.07596,0.12638,-1.2069677765100868,-1.1990210296364128,4.366721988761599,10.903,0.7043086666973974,40.747772216796875
session_2026-08-27_20-29-31,483,198,-1.49213,4.07622,0.11666,-1.2075303318478527,-1.1997798704735643,4.370802425525214,10.859,0.7146138465417758,39.306636810302734
session_2026-08-27_20-29-31,486,199,-1.49213,4.07622,0.11676,-1.2086893564998147,-1.201347883947131,4.373955538508593,10.9,0.717434348052835,39.07296371459961
session_2026-08-27_20-29-31,489,200,-1.49215,4.07626,0.11486,-1.2084374768556656,-1.2009303599704875,4.372702016303099,10.837,0.7179859833111248,38.49668884277344
session_2026-08-27_20-29-31,492,201,-1.49217,4.07633,0.11233,-1.207393966664373,-1.1992019848741784,4.368363167771015,10.828,0.7164246118431269,39.960205078125
session_2026-08-27_20-29-31,495,202,-1.49194,4.0757,0.13572,-1.2084495402864974,-1.2004714643218668,4.3714380814977405,10.782,0.7005196723596423,39.68712615966797
session_2026-08-27_20-29-31,498,203,-1.49219,4.0764,0.10943,-1.2090241190020363,-1.2026282026993593,4.376479995431023,10.875,0.7255836337137433,39.182952880859375
session_2026-08-27_20-29-31,501,204,-1.49216,4.07631,0.11297,-1.208645729849366,-1.2013946778470133,4.373299845272025,10.867,0.7201858297429964,39.427249908447266
session_2026-08-27_20-29-31,504,205,-1.49216,4.0763,0.11338,-1.2097172131685514,-1.2032755644157798,4.37840599633295,10.914,0.7239436481892428,39.177059173583984
session_2026-08-27_20-29-31,507,206,-1.49219,4.0764,0.10933,-1.2079518292468219,-1.2003325285023576,4.3712002448024245,10.863,0.7211526255775516,39.74482345581055
session_2026-08-27_20-29-31,510,207,-1.49207,4.07605,0.12337,-1.2056390297972783,-1.196799697217743,4.361512807834359,10.838,0.7022612618128371,38.44580078125
session_2026-08-27_20-29-31,513,208,-1.49221,4.07643,0.10799,-1.2091661566326466,-1.201775176688052,4.376828937806353,10.899,0.7261458401488019,37.59285354614258
session_2026-08-27_20-29-31,516,209,-1.49218,4.07635,0.11119,-1.208699850757564,-1.2014557862919226,4.37319983725642,10.819,0.7216170043329808,39.985267639160156
session_2026-08-27_20-29-31,519,210,-1.49219,4.07639,0.10971,-1.207843271523382,-1.1997167570126468,4.371502507669973,10.849,0.7204366452158811,40.1319465637207
session_2026-08-27_20-29-31,522,211,-1.49228,4.07663,0.09924,-1.2081836136389421,-1.2017101140055337,4.375244146765908,10.865,0.7323227850362539,38.423118591308594
session_2026-08-27_20-29-31,525,212,-1.49219,4.07638,0.11032,-1.2075206468694621,-1.2002897050899677,4.371870926954819,10.799,0.7206104054289553,37.99297332763672
session_2026-08-27_20-29-31,528,213,-1.49219,4.07638,0.11008,-1.2091804056192221,-1.2029286699696977,4.378156589215452,10.798,0.7261186723408513,40.80046463012695
session_2026-08-27_20-29-31,531,214,-1.49202,4.07592,0.12782,-1.2085121001852928,-1.2020520059973845,4.378661477786947,10.844,0.7115547306008375,38.82830810546875
session_2026-08-27_20-29-31,534,215,-1.49205,4.07599,0.1253,-1.2093738819257627,-1.2020691303367552,4.3774331834498925,10.915,0.7129965949927216,39.965301513671875
session_2026-08-27_20-29-31,537,216,-1.49208,4.07608,0.12191,-1.2083911881515534,-1.2016748132142605,4.375931731602939,10.926,0.7145654184756877,39.570831298828125
session_2026-08-27_20-29-31,540,217,-1.4921,4.07614,0.11988,-1.2078317850337354,-1.2005799745324885,4.3726892384739955,10.89,0.7136542054549861,40.31455612182617
session_2026-08-27_20-29-31,543,218,-1.49205,4.076,0.1249,-1.2094138734745086,-1.2022394559622225,4.37424080974534,10.885,0.7119505994176937,39.26762008666992
session_2026-08-27_20-29-31,546,219,-1.49206,4.07604,0.12355,-1.2083776563792747,-1.2014034283021349,4.3754509410345,10.776,0.7128035502933368,39.65435791015625
session_2026-08-27_20-29-31,549,220,-1.4921,4.07613,0.12012,-1.208999965825815,-1.2014495250266006,4.374724718197959,10.902,0.7152372013806926,38.69475173950195
session_2026-08-27_20-29-31,552,221,-1.49217,4.07634,0.11168,-1.2087833310438805,-1.20251984117261,4.376125152673164,10.803,0.723524523275686,39.353790283203125
session_2026-08-27_20-29-31,555,222,-1.49214,4.07626,0.11515,-1.2079396441413572,-1.2014234076910317,4.372524208102896,10.838,0.7180840293406799,39.27922439575195
session_2026-08-27_20-29-31,558,223,-1.49217,4.07632,0.1125,-1.2073283612372059,-1.199867465806442,4.370482526192496,10.75,0.7178526298836732,39.300140380859375
session_2026-08-27_20-29-31,561,224,-1.49203,4.07595,0.1268,-1.209188946096178,-1.2026265091162003,4.378688635330424,10.843,0.712898867077066,38.60530471801758
session_2026-08-27_20-29-31,564,225,-1.49215,4.07628,0.11406,-1.2080832833446498,-1.2027078373215583,4.381096475925181,10.79,0.724097889518099,39.709571838378906
session_2026-08-27_20-29-31,567,226,-1.49208,4.07608,0.12221,-1.2070269108890306,-1.1993675114820885,4.367948239789025,10.866,0.7084906051017588,39.27419662475586
session_2026-08-27_20-29-31,570,227,-1.49214,4.07626,0.11506,-1.2085953256763475,-1.2017741736950993,4.3741402207923725,10.823,0.7192451122511335,39.9019660949707
session_2026-08-27_20-29-31,573,228,-1.49219,4.07639,0.1099,-1.207904754925484,-1.2008783226688593,4.37174066254903,10.853,0.7214248104737921,38.54140853881836
session_2026-08-27_20-29-31,576,229,-1.49222,4.07646,0.10688,-1.2083649943199628,-1.201981045827673,4.37736552372583,10.892,0.7274243799477704,39.81399154663086
session_2026-08-27_20-29-31,579,230,-1.49215,4.07627,0.11459,-1.2086940465474885,-1.2014709047000496,4.3754819431471645,10.904,0.719979897848265,38.554256439208984
session_2026-08-27_20-29-31,582,231,-1.49213,4.07622,0.1167,-1.2081562155022292,-1.199607008673354,4.369649866155735,10.865,0.7139212482899597,38.55925750732422
session_2026-08-27_20-29-31,585,232,-1.49212,4.07621,0.11723,-1.2081848618778657,-1.200682466745982,4.373296109747543,10.805,0.7161433641885118,39.63378143310547
session_2026-08-27_20-29-31,588,233,-1.49216,4.07629,0.11366,-1.2080894358568453,-1.2014439398153456,4.373066079392042,10.864,0.7195495126169368,39.13818359375
session_2026-08-27_20-29-31,591,234,-1.49223,4.07649,0.10521,-1.2073966736366215,-1.1997314934731897,4.370738975350341,10.841,0.7236896617288477,38.17563247680664
session_2026-08-27_20-29-31,594,235,-1.4923,4.07669,0.09614,-1.2078433233152734,-1.2005427640841018,4.372836059513963,10.908,0.7326796785806741,40.587623596191406
session_2026-08-27_20-29-31,597,236,-1.49202,4.07591,0.12821,-1.2077294832098064,-1.2002915801119405,4.37029331208812,10.834,0.7056900362455708,39.697139739990234
session_2026-08-27_20-29-31,600,237,-1.49218,4.07636,0.11084,-1.2081641325740464,-1.200954065679935,4.374822082854481,10.863,0.7221771628365794,38.70914840698242
session_2026-08-27_20-29-31,603,238,-1.49219,4.07639,0.10974,-1.208345936194748,-1.2006210485000288,4.3716456160514605,10.931,0.7213018246254925,39.06538772583008
session_2026-08-27_20-29-31,606,239,-1.49201,4.07588,0.12938,-1.2081941810334094,-1.2009103944187707,4.373045343671893,10.863,0.7066336966401998,40.01469802856445
session_2026-08-27_20-29-31,609,240,-1.49223,4.07649,0.10535,-1.2072166108246654,-1.1992277507626752,4.367129649892627,10.831,0.7214836352194625,38.74253463745117
session_2026-08-27_20-29-31,612,241,-1.49228,4.07664,0.0984,-1.2067793552278767,-1.1996914006968533,4.368753618730179,10.893,0.7282184728144875,38.986202239990234
session_2026-08-27_20-29-31,615,242,-1.49235,4.07681,0.09027,-1.2080855109289765,-1.2012884728837738,4.3745523501253185,10.886,0.7388699438185603,39.55864715576172
session_2026-08-27_20-29-31,618,243,-1.49217,4.07632,0.11255,-1.209285649768413,-1.203314121534353,4.379063624596467,10.799,0.7249245535317338,40.20709991455078
session_2026-08-27_20-29-31,621,244,-1.49207,4.07607,0.12248,-1.2080663212768876,-1.2006187317773067,4.371162520247811,10.916,0.7109261885982933,40.804874420166016
session_2026-08-27_20-29-31,624,245,-1.49211,4.07617,0.11859,-1.2079044164348187,-1.2015211258462202,4.3739267877229455,10.785,0.7160910844547352,38.407188415527344
session_2026-08-27_20-29-31,627,246,-1.4922,4.07642,0.10847,-1.2095411258458546,-1.2032647277783637,4.378843949219304,10.837,0.72803126383638,39.66420364379883
session_2026-08-27_20-29-31,630,247,-1.49218,4.07635,0.11148,-1.2083593852338463,-1.200347411582473,4.372527976721882,10.885,0.7200746760988948,39.174949645996094
session_2026-08-27_20-29-31,633,248,-1.49208,4.07609,0.12179,-1.208497602249248,-1.2017324153515958,4.375104894539657,10.858,0.7143216309385807,37.62205505371094
session_2026-08-27_20-29-31,636,249,-1.49213,4.07622,0.11679,-1.2091051969601025,-1.2026915067983541,4.377946616393536,10.864,0.7204814892602357,40.43913269042969
session_2026-08-27_20-29-31,639,250,-1.49208,4.07609,0.1218,-1.2072580927302827,-1.1994660429044883,4.370292574070925,10.871,0.7100052130277174,40.328243255615234
session_2026-08-27_20-29-31,642,251,-1.49223,4.07649,0.10544,-1.2077185931612928,-1.200648926269442,4.372702355187678,10.779,0.7252261878661972,37.20055389404297
session_2026-08-27_20-29-31,645,252,-1.49199,4.07584,0.13082,-1.2073299594008124,-1.2007726491196533,4.3716557114684225,10.849,0.7046847413991332,38.86751174926758
session_2026-08-27_20-29-31,648,253,-1.49209,4.0761,0.12125,-1.2085468526066439,-1.2024103589995512,4.380311743686976,10.874,0.7178126771300125,38.38437271118164
session_2026-08-27_20-29-31,651,254,-1.49224,4.07653,0.10372,-1.2066273114500683,-1.1974811318549001,4.362150711863864,10.891,0.7189808703612367,38.599796295166016
session_2026-08-27_20-29-31,654,255,-1.49203,4.07594,0.12732,-1.2079482965281938,-1.1999158833060344,4.368613577024052,10.83,0.7052775466244886,39.87495040893555
session_2026-08-27_20-29-31,657,256,-1.49208,4.07609,0.12187,-1.2094568996422561,-1.2024848250140014,4.377831596949062,10.843,0.7162488656861272,40.826324462890625
session_2026-08-27_20-29-31,657,257,-1.4922,4.07642,0.10853,-1.2094568996422561,-1.2024848250140014,4.377831596949062,10.876,0.7268193124791748,40.826324462890625
session_2026-08-27_20-29-31,663,258,-1.49204,4.07597,0.12625,-1.2075702082378332,-1.199496163358151,4.368653820586712,10.928,0.705755720799381,38.61662673950195
session_2026-08-27_20-29-31,666,259,-1.49214,4.07624,0.11569,-1.2076506765766837,-1.1995931219314644,4.369484104154442,10.903,0.7146187811756686,39.3541145324707
session_2026-08-27_20-29-31,669,260,-1.49211,4.07616,0.11897,-1.2075755284015053,-1.1999025062776125,4.371718764075835,10.831,0.7133155172152841,38.978302001953125
session_2026-08-27_20-29-31,672,261,-1.49227,4.07661,0.10005,-1.2077340305043867,-1.200436407283259,4.371525631401356,10.852,0.7288347206303579,38.81996154785156
session_2026-08-27_20-29-31,675,262,-1.49194,4.0757,0.13574,-1.2083101787242576,-1.2007117121933186,4.3745632752978665,10.801,0.7022083671154943,39.0439567565918
session_2026-08-27_20-29-31,678,263,-1.4922,4.07641,0.10906,-1.207940829709768,-1.2005966026345365,4.3744929959150936,10.828,0.7231136351010863,40.137264251708984
session_2026-08-27_20-29-31,681,264,-1.49218,4.07636,0.11083,-1.2079561895110769,-1.2008247731747388,4.373998281317008,10.815,0.7216810086719662,39.18082046508789
session_2026-08-27_20-29-31,684,265,-1.49212,4.07619,0.11781,-1.2084937560810152,-1.201988743632247,4.375570751261833,10.854,0.717915893410047,39.01365280151367
session_2026-08-27_20-29-31,687,266,-1.4921,4.07615,0.11934,-1.208111447967285,-1.199745923100072,4.370019904018403,10.794,0.7121157485577271,39.57447052001953
session_2026-08-27_20-29-31,690,267,-1.49198,4.07581,0.13198,-1.206571342534117,-1.197493293459305,4.363053115099392,10.879,0.6967939027457072,39.51824188232422
session_2026-08-27_20-29-31,693,268,-1.49211,4.07616,0.11885,-1.2074155219181963,-1.1996181751398083,4.36996921298029,10.837,0.7123406209199727,37.82527160644531
session_2026-08-27_20-29-31,696,269,-1.49215,4.07628,0.1144,-1.2067390502356217,-1.1993565095054286,4.367704181994241,10.889,0.7145774272451331,39.84913635253906
session_2026-08-27_20-29-31,699,270,-1.49215,4.07628,0.11425,-1.20913205055004,-1.2029248875310132,4.379373674652221,10.864,0.7233711274318472,38.360809326171875
session_2026-08-27_20-29-31,702,271,-1.49213,4.07622,0.11656,-1.2079842982662838,-1.2015715895857544,4.37560748209824,10.862,0.7185347302357141,39.63271713256836
session_2026-08-27_20-29-31,705,272,-1.49201,4.07591,0.12848,-1.2071223267871436,-1.1987617816491527,4.36893674306603,10.875,0.7034605970095746,38.56902313232422
session_2026-08-27_20-29-31,708,273,-1.49222,4.07647,0.10626,-1.2080910377667962,-1.2000543085040414,4.372013529541515,10.882,0.7237425370856144,39.62080383300781
session_2026-08-27_20-29-31,711,274,-1.4922,4.07642,0.10829,-1.2076058532754104,-1.1997851332764822,4.370347578883559,10.844,0.7210970281598009,39.76851272583008
session_2026-08-27_20-29-31,714,275,-1.49216,4.07631,0.11322,-1.2078179209894635,-1.2007403879202239,4.370597954830464,10.922,0.7181212769762687,40.491722106933594
session_2026-08-27_20-29-31,717,276,-1.49219,4.07637,0.1104,-1.2087960932050457,-1.2015029336074794,4.375607248693115,10.852,0.7234043692496479,39.46493911743164
session_2026-08-27_20-29-31,720,277,-1.49213,4.07622,0.11664,-1.2093684235404858,-1.2028006320583795,4.379660977104222,10.852,0.7215166343794395,40.37330627441406
session_2026-08-27_20-29-31,723,278,-1.49215,4.07628,0.11407,-1.2097385285878903,-1.2042015197073157,4.382374050125337,10.824,0.7260792321265326,39.6979866027832
session_2026-08-27_20-29-31,726,279,-1.49217,4.07633,0.11212,-1.2086752041807574,-1.2014488364892948,4.375344773683732,10.813,0.7218595118231182,37.856407165527344
session_2026-08-27_20-29-31,729,280,-1.49209,4.07611,0.12081,-1.2086372864322177,-1.201230491718495,4.374580781861104,10.903,0.7144164024932153,38.46923828125
session_2026-08-27_20-29-31,732,281,-1.49222,4.07647,0.1061,-1.2073563505753893,-1.2001771488011819,4.370086209891044,10.878,0.7230729387152421,39.86555480957031
session_2026-08-27_20-29-31,735,282,-1.49209,4.0761,0.1212,-1.207800649273973,-1.200862055429442,4.3724473808037025,10.803,0.7127464783029205,38.05359649658203
session_2026-08-27_20-29-31,738,283,-1.49215,4.07628,0.11414,-1.2096912037152558,-1.2046986435935083,4.385826701519435,10.852,0.7280921398743628,39.37009048461914
session_2026-08-27_20-29-31,741,284,-1.49225,4.07656,0.10242,-1.2084834949322973,-1.2014479669016191,4.37309123436331,10.92,0.728568844948568,38.88816452026367
session_2026-08-27_20-29-31,744,285,-1.49202,4.07593,0.12778,-1.2077587033909103,-1.199969250868147,4.371427689902995,10.887,0.7062770397883782,38.82184600830078
session_2026-08-27_20-29-31,747,286,-1.49208,4.07607,0.12227,-1.207742336885364,-1.1994252566725472,4.366932226952359,10.828,0.7080570576821249,38.73675537109375
session_2026-08-27_20-29-31,750,287,-1.49204,4.07599,0.12544,-1.2075668356390656,-1.1986238519090693,4.365630716266447,10.883,0.7042167537552982,39.41457748413086
session_2026-08-27_20-29-31,753,288,-1.49218,4.07636,0.11101,-1.208280918764538,-1.202334429895912,4.378050789444161,10.871,0.7247645549842594,40.345088958740234
session_2026-08-27_20-29-31,756,289,-1.49213,4.07623,0.11621,-1.2077275131426846,-1.2006831428963831,4.373825003629247,10.919,0.7171841460333037,40.41120529174805
session_2026-08-27_20-29-31,759,290,-1.49201,4.07589,0.12913,-1.208007696741895,-1.2007000812744384,4.372749214457252,10.865,0.7064951320014408,39.67365264892578
session_2026-08-27_20-29-31,762,291,-1.49211,4.07617,0.11874,-1.2076279519302133,-1.1998145199818224,4.369214008587073,10.804,0.7122562759862745,38.00587844848633
session_2026-08-27_20-29-31,765,292,-1.49203,4.07596,0.12647,-1.2090452360245811,-1.2015623865451066,4.373846484789684,10.811,0.7099134577673958,38.59794235229492
session_2026-08-27_20-29-31,768,293,-1.49217,4.07633,0.11238,-1.2080460635763144,-1.202450070680004,4.377368167222167,10.807,0.7234483988501739,39.908294677734375
session_2026-08-27_20-29-31,771,294,-1.49211,4.07616,0.11914,-1.2079821109260613,-1.2003759789687005,4.37239632179555,10.955,0.7139295182625753,40.18806457519531
session_2026-08-27_20-29-31,774,295,-1.49215,4.07627,0.11484,-1.2089991888943579,-1.2018262712444077,4.375624767501204,10.776,0.7201715190040119,40.006439208984375
session_2026-08-27_20-29-31,777,296,-1.49205,4.076,0.12524,-1.2086414395988545,-1.2019439284866682,4.377774702463707,10.837,0.7130595775228133,39.960472106933594
session_2026-08-27_20-29-31,780,297,-1.49198,4.07582,0.1314,-1.2092341870253984,-1.2023073188960398,4.377935552702632,10.87,0.708660550582781,40.57098388671875
session_2026-08-27_20-29-31,783,298,-1.49219,4.07639,0.10991,-1.2074332331772824,-1.1998756791723157,4.372876330352588,10.789,0.7210296100561845,39.19563674926758
session_2026-08-27_20-29-31,786,299,-1.49199,4.07584,0.13094,-1.2084691051257341,-1.2005390821808553,4.373787080664278,10.827,0.7054455146906854,39.29716491699219
session_2026-08-27_20-29-31,789,300,-1.49215,4.07628,0.11438,-1.2079965909258366,-1.2008376833179557,4.372418297781942,10.923,0.7181311902936293,39.81880187988281
session_2026-08-27_20-29-31,792,301,-1.49202,4.07591,0.12837,-1.2083064485453994,-1.1996791901278605,4.369311441524213,10.863,0.7045834799567445,38.661441802978516
session_2026-08-27_20-29-31,795,302,-1.49212,4.07619,0.11801,-1.2075808555566763,-1.199549205569734,4.369833729537261,10.935,0.7128864027664346,39.10000991821289
session_2026-08-27_20-29-31,798,303,-1.49211,4.07618,0.11835,-1.2072642802838875,-1.1983002027895338,4.366473912971583,10.849,0.7099441991064832,38.360076904296875
session_2026-08-27_20-29-31,801,304,-1.49205,4.07599,0.12524,-1.2084837926092367,-1.1999743066960562,4.371854358802272,10.902,0.7085219204011655,39.550350189208984
session_2026-08-27_20-29-31,804,305,-1.49211,4.07617,0.11873,-1.2067864373543753,-1.1983879569721791,4.366803024180395,10.872,0.7098512853137203,39.69305419921875
session_2026-08-27_20-29-31,807,306,-1.49218,4.07636,0.11088,-1.207233036024213,-1.1985944745649897,4.366767856096395,10.84,0.7163137342570789,39.583740234375
session_2026-08-27_20-29-31,809,307,-1.49196,4.07575,0.13404,-1.2079863623957448,-1.1991711134237801,4.367524096336642,10.865,0.6988121575434945,39.87533187866211
