session_id,dataset_id,legacy_dataset_name,building,capture_date,raw_path,processed_path,oneformer_batch_id,quality_tier,label_status,split,published_dataset_version,checkpoint_usage,notes
session_2026-07-20_18-40-56,ds_buildingunknown_2026-07-20,imu,unknown,2026-07-20,gs://miamioh-resa-data/CapstoneData/raw/sessions/ds_buildingunknown_2026-07-20/session_2026-07-20_18-40-56/,,,silver,raw,none,,,Uploaded from external drive D:\Data\imu on 2026-08-26. Building unknown; captured with IMU-enabled recorder (dca_realsense_recorder_imu.py). Resolve building in manifest per DATA_LAYOUT_PLAN sec 12.
session_2026-07-20_18-41-11,ds_buildingunknown_2026-07-20,imu,unknown,2026-07-20,gs://miamioh-resa-data/CapstoneData/raw/sessions/ds_buildingunknown_2026-07-20/session_2026-07-20_18-41-11/,,,silver,raw,none,,,Uploaded from external drive D:\Data\imu on 2026-08-26. Building unknown; captured with IMU-enabled recorder (dca_realsense_recorder_imu.py). Resolve building in manifest per DATA_LAYOUT_PLAN sec 12.
session_2026-07-20_18-41-27,ds_buildingunknown_2026-07-20,imu,unknown,2026-07-20,gs://miamioh-resa-data/CapstoneData/raw/sessions/ds_buildingunknown_2026-07-20/session_2026-07-20_18-41-27/,,,silver,raw,none,,,Uploaded from external drive D:\Data\imu on 2026-08-26. Building unknown; captured with IMU-enabled recorder (dca_realsense_recorder_imu.py). Resolve building in manifest per DATA_LAYOUT_PLAN sec 12.
session_2026-07-20_18-41-42,ds_buildingunknown_2026-07-20,imu,unknown,2026-07-20,gs://miamioh-resa-data/CapstoneData/raw/sessions/ds_buildingunknown_2026-07-20/session_2026-07-20_18-41-42/,,,silver,raw,none,,,Uploaded from external drive D:\Data\imu on 2026-08-26. Building unknown; captured with IMU-enabled recorder (dca_realsense_recorder_imu.py). Resolve building in manifest per DATA_LAYOUT_PLAN sec 12.
session_2026-07-20_18-41-58,ds_buildingunknown_2026-07-20,imu,unknown,2026-07-20,gs://miamioh-resa-data/CapstoneData/raw/sessions/ds_buildingunknown_2026-07-20/session_2026-07-20_18-41-58/,,,silver,raw,none,,,Uploaded from external drive D:\Data\imu on 2026-08-26. Building unknown; captured with IMU-enabled recorder (dca_realsense_recorder_imu.py). Resolve building in manifest per DATA_LAYOUT_PLAN sec 12.
session_2026-07-20_18-42-13,ds_buildingunknown_2026-07-20,imu,unknown,2026-07-20,gs://miamioh-resa-data/CapstoneData/raw/sessions/ds_buildingunknown_2026-07-20/session_2026-07-20_18-42-13/,,,silver,raw,none,,,Uploaded from external drive D:\Data\imu on 2026-08-26. Building unknown; captured with IMU-enabled recorder (dca_realsense_recorder_imu.py). Resolve building in manifest per DATA_LAYOUT_PLAN sec 12.
session_2026-07-20_18-43-39,ds_buildingunknown_2026-07-20,imu,unknown,2026-07-20,gs://miamioh-resa-data/CapstoneData/raw/sessions/ds_buildingunknown_2026-07-20/session_2026-07-20_18-43-39/,,,silver,raw,none,,,Uploaded from external drive D:\Data\imu on 2026-08-26. Building unknown; captured with IMU-enabled recorder (dca_realsense_recorder_imu.py). Resolve building in manifest per DATA_LAYOUT_PLAN sec 12.
session_2026-07-20_18-43-55,ds_buildingunknown_2026-07-20,imu,unknown,2026-07-20,gs://miamioh-resa-data/CapstoneData/raw/sessions/ds_buildingunknown_2026-07-20/session_2026-07-20_18-43-55/,,,silver,raw,none,,,Uploaded from external drive D:\Data\imu on 2026-08-26. Building unknown; captured with IMU-enabled recorder (dca_realsense_recorder_imu.py). Resolve building in manifest per DATA_LAYOUT_PLAN sec 12.
session_2026-07-20_18-44-10,ds_buildingunknown_2026-07-20,imu,unknown,2026-07-20,gs://miamioh-resa-data/CapstoneData/raw/sessions/ds_buildingunknown_2026-07-20/session_2026-07-20_18-44-10/,,,silver,raw,none,,,Uploaded from external drive D:\Data\imu on 2026-08-26. Building unknown; captured with IMU-enabled recorder (dca_realsense_recorder_imu.py). Resolve building in manifest per DATA_LAYOUT_PLAN sec 12.
session_2026-07-20_18-44-26,ds_buildingunknown_2026-07-20,imu,unknown,2026-07-20,gs://miamioh-resa-data/CapstoneData/raw/sessions/ds_buildingunknown_2026-07-20/session_2026-07-20_18-44-26/,,,silver,raw,none,,,Uploaded from external drive D:\Data\imu on 2026-08-26. Building unknown; captured with IMU-enabled recorder (dca_realsense_recorder_imu.py). Resolve building in manifest per DATA_LAYOUT_PLAN sec 12.
session_2026-07-20_18-44-41,ds_buildingunknown_2026-07-20,imu,unknown,2026-07-20,gs://miamioh-resa-data/CapstoneData/raw/sessions/ds_buildingunknown_2026-07-20/session_2026-07-20_18-44-41/,,,silver,raw,none,,,Uploaded from external drive D:\Data\imu on 2026-08-26. Building unknown; captured with IMU-enabled recorder (dca_realsense_recorder_imu.py). Resolve building in manifest per DATA_LAYOUT_PLAN sec 12.
session_2026-07-20_18-44-57,ds_buildingunknown_2026-07-20,imu,unknown,2026-07-20,gs://miamioh-resa-data/CapstoneData/raw/sessions/ds_buildingunknown_2026-07-20/session_2026-07-20_18-44-57/,,,silver,raw,none,,,Uploaded from external drive D:\Data\imu on 2026-08-26. Building unknown; captured with IMU-enabled recorder (dca_realsense_recorder_imu.py). Resolve building in manifest per DATA_LAYOUT_PLAN sec 12.
session_2026-07-20_18-45-12,ds_buildingunknown_2026-07-20,imu,unknown,2026-07-20,gs://miamioh-resa-data/CapstoneData/raw/sessions/ds_buildingunknown_2026-07-20/session_2026-07-20_18-45-12/,,,silver,raw,none,,,Uploaded from external drive D:\Data\imu on 2026-08-26. Building unknown; captured with IMU-enabled recorder (dca_realsense_recorder_imu.py). Resolve building in manifest per DATA_LAYOUT_PLAN sec 12.
session_2026-07-20_18-45-28,ds_buildingunknown_2026-07-20,imu,unknown,2026-07-20,gs://miamioh-resa-data/CapstoneData/raw/sessions/ds_buildingunknown_2026-07-20/session_2026-07-20_18-45-28/,,,silver,raw,none,,,Uploaded from external drive D:\Data\imu on 2026-08-26. Building unknown; captured with IMU-enabled recorder (dca_realsense_recorder_imu.py). Resolve building in manifest per DATA_LAYOUT_PLAN sec 12.
session_2026-07-20_18-45-59,ds_buildingunknown_2026-07-20,imu,unknown,2026-07-20,gs://miamioh-resa-data/CapstoneData/raw/sessions/ds_buildingunknown_2026-07-20/session_2026-07-20_18-45-59/,,,silver,raw,none,,,Uploaded from external drive D:\Data\imu on 2026-08-26. Building unknown; captured with IMU-enabled recorder (dca_realsense_recorder_imu.py). Resolve building in manifest per DATA_LAYOUT_PLAN sec 12.
session_2026-07-20_18-46-15,ds_buildingunknown_2026-07-20,imu,unknown,2026-07-20,gs://miamioh-resa-data/CapstoneData/raw/sessions/ds_buildingunknown_2026-07-20/session_2026-07-20_18-46-15/,,,silver,raw,none,,,Uploaded from external drive D:\Data\imu on 2026-08-26. Building unknown; captured with IMU-enabled recorder (dca_realsense_recorder_imu.py). Resolve building in manifest per DATA_LAYOUT_PLAN sec 12.
session_2026-07-20_18-46-30,ds_buildingunknown_2026-07-20,imu,unknown,2026-07-20,gs://miamioh-resa-data/CapstoneData/raw/sessions/ds_buildingunknown_2026-07-20/session_2026-07-20_18-46-30/,,,silver,raw,none,,,Uploaded from external drive D:\Data\imu on 2026-08-26. Building unknown; captured with IMU-enabled recorder (dca_realsense_recorder_imu.py). Resolve building in manifest per DATA_LAYOUT_PLAN sec 12.
session_2026-07-20_18-46-46,ds_buildingunknown_2026-07-20,imu,unknown,2026-07-20,gs://miamioh-resa-data/CapstoneData/raw/sessions/ds_buildingunknown_2026-07-20/session_2026-07-20_18-46-46/,,,silver,raw,none,,,Uploaded from external drive D:\Data\imu on 2026-08-26. Building unknown; captured with IMU-enabled recorder (dca_realsense_recorder_imu.py). Resolve building in manifest per DATA_LAYOUT_PLAN sec 12.
session_2026-07-20_18-47-01,ds_buildingunknown_2026-07-20,imu,unknown,2026-07-20,gs://miamioh-resa-data/CapstoneData/raw/sessions/ds_buildingunknown_2026-07-20/session_2026-07-20_18-47-01/,,,silver,raw,none,,,Uploaded from external drive D:\Data\imu on 2026-08-26. Building unknown; captured with IMU-enabled recorder (dca_realsense_recorder_imu.py). Resolve building in manifest per DATA_LAYOUT_PLAN sec 12.
session_2026-07-20_18-47-17,ds_buildingunknown_2026-07-20,imu,unknown,2026-07-20,gs://miamioh-resa-data/CapstoneData/raw/sessions/ds_buildingunknown_2026-07-20/session_2026-07-20_18-47-17/,,,silver,raw,none,,,Uploaded from external drive D:\Data\imu on 2026-08-26. Building unknown; captured with IMU-enabled recorder (dca_realsense_recorder_imu.py). Resolve building in manifest per DATA_LAYOUT_PLAN sec 12.
session_2026-07-20_18-47-33,ds_buildingunknown_2026-07-20,imu,unknown,2026-07-20,gs://miamioh-resa-data/CapstoneData/raw/sessions/ds_buildingunknown_2026-07-20/session_2026-07-20_18-47-33/,,,silver,raw,none,,,Uploaded from external drive D:\Data\imu on 2026-08-26. Building unknown; captured with IMU-enabled recorder (dca_realsense_recorder_imu.py). Resolve building in manifest per DATA_LAYOUT_PLAN sec 12.
session_2026-07-20_18-47-48,ds_buildingunknown_2026-07-20,imu,unknown,2026-07-20,gs://miamioh-resa-data/CapstoneData/raw/sessions/ds_buildingunknown_2026-07-20/session_2026-07-20_18-47-48/,,,silver,raw,none,,,Uploaded from external drive D:\Data\imu on 2026-08-26. Building unknown; captured with IMU-enabled recorder (dca_realsense_recorder_imu.py). Resolve building in manifest per DATA_LAYOUT_PLAN sec 12.
session_2026-07-20_18-49-27,ds_buildingunknown_2026-07-20,imu,unknown,2026-07-20,gs://miamioh-resa-data/CapstoneData/raw/sessions/ds_buildingunknown_2026-07-20/session_2026-07-20_18-49-27/,,,silver,raw,none,,,Uploaded from external drive D:\Data\imu on 2026-08-26. Building unknown; captured with IMU-enabled recorder (dca_realsense_recorder_imu.py). Resolve building in manifest per DATA_LAYOUT_PLAN sec 12.
session_2026-07-20_18-49-43,ds_buildingunknown_2026-07-20,imu,unknown,2026-07-20,gs://miamioh-resa-data/CapstoneData/raw/sessions/ds_buildingunknown_2026-07-20/session_2026-07-20_18-49-43/,,,silver,raw,none,,,Uploaded from external drive D:\Data\imu on 2026-08-26. Building unknown; captured with IMU-enabled recorder (dca_realsense_recorder_imu.py). Resolve building in manifest per DATA_LAYOUT_PLAN sec 12.
session_2026-07-20_18-49-58,ds_buildingunknown_2026-07-20,imu,unknown,2026-07-20,gs://miamioh-resa-data/CapstoneData/raw/sessions/ds_buildingunknown_2026-07-20/session_2026-07-20_18-49-58/,,,silver,raw,none,,,Uploaded from external drive D:\Data\imu on 2026-08-26. Building unknown; captured with IMU-enabled recorder (dca_realsense_recorder_imu.py). Resolve building in manifest per DATA_LAYOUT_PLAN sec 12.
session_2026-07-20_18-50-14,ds_buildingunknown_2026-07-20,imu,unknown,2026-07-20,gs://miamioh-resa-data/CapstoneData/raw/sessions/ds_buildingunknown_2026-07-20/session_2026-07-20_18-50-14/,,,silver,raw,none,,,Uploaded from external drive D:\Data\imu on 2026-08-26. Building unknown; captured with IMU-enabled recorder (dca_realsense_recorder_imu.py). Resolve building in manifest per DATA_LAYOUT_PLAN sec 12.
session_2026-07-20_18-50-29,ds_buildingunknown_2026-07-20,imu,unknown,2026-07-20,gs://miamioh-resa-data/CapstoneData/raw/sessions/ds_buildingunknown_2026-07-20/session_2026-07-20_18-50-29/,,,silver,raw,none,,,Uploaded from external drive D:\Data\imu on 2026-08-26. Building unknown; captured with IMU-enabled recorder (dca_realsense_recorder_imu.py). Resolve building in manifest per DATA_LAYOUT_PLAN sec 12.
session_2026-07-20_18-50-45,ds_buildingunknown_2026-07-20,imu,unknown,2026-07-20,gs://miamioh-resa-data/CapstoneData/raw/sessions/ds_buildingunknown_2026-07-20/session_2026-07-20_18-50-45/,,,silver,raw,none,,,Uploaded from external drive D:\Data\imu on 2026-08-26. Building unknown; captured with IMU-enabled recorder (dca_realsense_recorder_imu.py). Resolve building in manifest per DATA_LAYOUT_PLAN sec 12.
session_2026-07-20_18-51-00,ds_buildingunknown_2026-07-20,imu,unknown,2026-07-20,gs://miamioh-resa-data/CapstoneData/raw/sessions/ds_buildingunknown_2026-07-20/session_2026-07-20_18-51-00/,,,silver,raw,none,,,Uploaded from external drive D:\Data\imu on 2026-08-26. Building unknown; captured with IMU-enabled recorder (dca_realsense_recorder_imu.py). Resolve building in manifest per DATA_LAYOUT_PLAN sec 12.
session_2026-07-20_18-51-17,ds_buildingunknown_2026-07-20,imu,unknown,2026-07-20,gs://miamioh-resa-data/CapstoneData/raw/sessions/ds_buildingunknown_2026-07-20/session_2026-07-20_18-51-17/,,,silver,raw,none,,,Uploaded from external drive D:\Data\imu on 2026-08-26. Building unknown; captured with IMU-enabled recorder (dca_realsense_recorder_imu.py). Resolve building in manifest per DATA_LAYOUT_PLAN sec 12.
session_2026-07-20_18-51-58,ds_buildingunknown_2026-07-20,imu,unknown,2026-07-20,gs://miamioh-resa-data/CapstoneData/raw/sessions/ds_buildingunknown_2026-07-20/session_2026-07-20_18-51-58/,,,silver,raw,none,,,Uploaded from external drive D:\Data\imu on 2026-08-26. Building unknown; captured with IMU-enabled recorder (dca_realsense_recorder_imu.py). Resolve building in manifest per DATA_LAYOUT_PLAN sec 12.
session_2026-07-20_18-52-13,ds_buildingunknown_2026-07-20,imu,unknown,2026-07-20,gs://miamioh-resa-data/CapstoneData/raw/sessions/ds_buildingunknown_2026-07-20/session_2026-07-20_18-52-13/,,,silver,raw,none,,,Uploaded from external drive D:\Data\imu on 2026-08-26. Building unknown; captured with IMU-enabled recorder (dca_realsense_recorder_imu.py). Resolve building in manifest per DATA_LAYOUT_PLAN sec 12.
session_2026-07-20_18-52-29,ds_buildingunknown_2026-07-20,imu,unknown,2026-07-20,gs://miamioh-resa-data/CapstoneData/raw/sessions/ds_buildingunknown_2026-07-20/session_2026-07-20_18-52-29/,,,silver,raw,none,,,Uploaded from external drive D:\Data\imu on 2026-08-26. Building unknown; captured with IMU-enabled recorder (dca_realsense_recorder_imu.py). Resolve building in manifest per DATA_LAYOUT_PLAN sec 12.
session_2026-07-20_18-52-44,ds_buildingunknown_2026-07-20,imu,unknown,2026-07-20,gs://miamioh-resa-data/CapstoneData/raw/sessions/ds_buildingunknown_2026-07-20/session_2026-07-20_18-52-44/,,,silver,raw,none,,,Uploaded from external drive D:\Data\imu on 2026-08-26. Building unknown; captured with IMU-enabled recorder (dca_realsense_recorder_imu.py). Resolve building in manifest per DATA_LAYOUT_PLAN sec 12.
session_2026-07-20_18-53-00,ds_buildingunknown_2026-07-20,imu,unknown,2026-07-20,gs://miamioh-resa-data/CapstoneData/raw/sessions/ds_buildingunknown_2026-07-20/session_2026-07-20_18-53-00/,,,silver,raw,none,,,Uploaded from external drive D:\Data\imu on 2026-08-26. Building unknown; captured with IMU-enabled recorder (dca_realsense_recorder_imu.py). Resolve building in manifest per DATA_LAYOUT_PLAN sec 12.
session_2026-07-20_18-53-15,ds_buildingunknown_2026-07-20,imu,unknown,2026-07-20,gs://miamioh-resa-data/CapstoneData/raw/sessions/ds_buildingunknown_2026-07-20/session_2026-07-20_18-53-15/,,,silver,raw,none,,,Uploaded from external drive D:\Data\imu on 2026-08-26. Building unknown; captured with IMU-enabled recorder (dca_realsense_recorder_imu.py). Resolve building in manifest per DATA_LAYOUT_PLAN sec 12.
session_2026-07-20_18-53-31,ds_buildingunknown_2026-07-20,imu,unknown,2026-07-20,gs://miamioh-resa-data/CapstoneData/raw/sessions/ds_buildingunknown_2026-07-20/session_2026-07-20_18-53-31/,,,silver,raw,none,,,Uploaded from external drive D:\Data\imu on 2026-08-26. Building unknown; captured with IMU-enabled recorder (dca_realsense_recorder_imu.py). Resolve building in manifest per DATA_LAYOUT_PLAN sec 12.
session_2026-07-20_18-53-46,ds_buildingunknown_2026-07-20,imu,unknown,2026-07-20,gs://miamioh-resa-data/CapstoneData/raw/sessions/ds_buildingunknown_2026-07-20/session_2026-07-20_18-53-46/,,,silver,raw,none,,,Uploaded from external drive D:\Data\imu on 2026-08-26. Building unknown; captured with IMU-enabled recorder (dca_realsense_recorder_imu.py). Resolve building in manifest per DATA_LAYOUT_PLAN sec 12.
session_2026-07-20_18-54-19,ds_buildingunknown_2026-07-20,imu,unknown,2026-07-20,gs://miamioh-resa-data/CapstoneData/raw/sessions/ds_buildingunknown_2026-07-20/session_2026-07-20_18-54-19/,,,silver,raw,none,,,Uploaded from external drive D:\Data\imu on 2026-08-26. Building unknown; captured with IMU-enabled recorder (dca_realsense_recorder_imu.py). Resolve building in manifest per DATA_LAYOUT_PLAN sec 12.
session_2026-07-20_18-54-34,ds_buildingunknown_2026-07-20,imu,unknown,2026-07-20,gs://miamioh-resa-data/CapstoneData/raw/sessions/ds_buildingunknown_2026-07-20/session_2026-07-20_18-54-34/,,,silver,raw,none,,,Uploaded from external drive D:\Data\imu on 2026-08-26. Building unknown; captured with IMU-enabled recorder (dca_realsense_recorder_imu.py). Resolve building in manifest per DATA_LAYOUT_PLAN sec 12.
session_2026-07-20_18-54-50,ds_buildingunknown_2026-07-20,imu,unknown,2026-07-20,gs://miamioh-resa-data/CapstoneData/raw/sessions/ds_buildingunknown_2026-07-20/session_2026-07-20_18-54-50/,,,silver,raw,none,,,Uploaded from external drive D:\Data\imu on 2026-08-26. Building unknown; captured with IMU-enabled recorder (dca_realsense_recorder_imu.py). Resolve building in manifest per DATA_LAYOUT_PLAN sec 12.
session_2026-07-20_18-55-05,ds_buildingunknown_2026-07-20,imu,unknown,2026-07-20,gs://miamioh-resa-data/CapstoneData/raw/sessions/ds_buildingunknown_2026-07-20/session_2026-07-20_18-55-05/,,,silver,raw,none,,,Uploaded from external drive D:\Data\imu on 2026-08-26. Building unknown; captured with IMU-enabled recorder (dca_realsense_recorder_imu.py). Resolve building in manifest per DATA_LAYOUT_PLAN sec 12.
session_2026-07-20_18-55-21,ds_buildingunknown_2026-07-20,imu,unknown,2026-07-20,gs://miamioh-resa-data/CapstoneData/raw/sessions/ds_buildingunknown_2026-07-20/session_2026-07-20_18-55-21/,,,silver,raw,none,,,Uploaded from external drive D:\Data\imu on 2026-08-26. Building unknown; captured with IMU-enabled recorder (dca_realsense_recorder_imu.py). Resolve building in manifest per DATA_LAYOUT_PLAN sec 12.
session_2026-07-20_18-55-37,ds_buildingunknown_2026-07-20,imu,unknown,2026-07-20,gs://miamioh-resa-data/CapstoneData/raw/sessions/ds_buildingunknown_2026-07-20/session_2026-07-20_18-55-37/,,,silver,raw,none,,,Uploaded from external drive D:\Data\imu on 2026-08-26. Building unknown; captured with IMU-enabled recorder (dca_realsense_recorder_imu.py). Resolve building in manifest per DATA_LAYOUT_PLAN sec 12.
session_2026-07-20_18-55-52,ds_buildingunknown_2026-07-20,imu,unknown,2026-07-20,gs://miamioh-resa-data/CapstoneData/raw/sessions/ds_buildingunknown_2026-07-20/session_2026-07-20_18-55-52/,,,silver,raw,none,,,Uploaded from external drive D:\Data\imu on 2026-08-26. Building unknown; captured with IMU-enabled recorder (dca_realsense_recorder_imu.py). Resolve building in manifest per DATA_LAYOUT_PLAN sec 12.
session_2026-07-20_18-56-08,ds_buildingunknown_2026-07-20,imu,unknown,2026-07-20,gs://miamioh-resa-data/CapstoneData/raw/sessions/ds_buildingunknown_2026-07-20/session_2026-07-20_18-56-08/,,,silver,raw,none,,,Uploaded from external drive D:\Data\imu on 2026-08-26. Building unknown; captured with IMU-enabled recorder (dca_realsense_recorder_imu.py). Resolve building in manifest per DATA_LAYOUT_PLAN sec 12.
session_2026-07-20_18-57-07,ds_buildingunknown_2026-07-20,imu,unknown,2026-07-20,gs://miamioh-resa-data/CapstoneData/raw/sessions/ds_buildingunknown_2026-07-20/session_2026-07-20_18-57-07/,,,silver,raw,none,,,Uploaded from external drive D:\Data\imu on 2026-08-26. Building unknown; captured with IMU-enabled recorder (dca_realsense_recorder_imu.py). Resolve building in manifest per DATA_LAYOUT_PLAN sec 12.
session_2026-07-20_18-57-23,ds_buildingunknown_2026-07-20,imu,unknown,2026-07-20,gs://miamioh-resa-data/CapstoneData/raw/sessions/ds_buildingunknown_2026-07-20/session_2026-07-20_18-57-23/,,,silver,raw,none,,,Uploaded from external drive D:\Data\imu on 2026-08-26. Building unknown; captured with IMU-enabled recorder (dca_realsense_recorder_imu.py). Resolve building in manifest per DATA_LAYOUT_PLAN sec 12.
session_2026-07-20_18-57-38,ds_buildingunknown_2026-07-20,imu,unknown,2026-07-20,gs://miamioh-resa-data/CapstoneData/raw/sessions/ds_buildingunknown_2026-07-20/session_2026-07-20_18-57-38/,,,silver,raw,none,,,Uploaded from external drive D:\Data\imu on 2026-08-26. Building unknown; captured with IMU-enabled recorder (dca_realsense_recorder_imu.py). Resolve building in manifest per DATA_LAYOUT_PLAN sec 12.
session_2026-07-20_18-57-54,ds_buildingunknown_2026-07-20,imu,unknown,2026-07-20,gs://miamioh-resa-data/CapstoneData/raw/sessions/ds_buildingunknown_2026-07-20/session_2026-07-20_18-57-54/,,,silver,raw,none,,,Uploaded from external drive D:\Data\imu on 2026-08-26. Building unknown; captured with IMU-enabled recorder (dca_realsense_recorder_imu.py). Resolve building in manifest per DATA_LAYOUT_PLAN sec 12.
session_2026-07-20_18-58-09,ds_buildingunknown_2026-07-20,imu,unknown,2026-07-20,gs://miamioh-resa-data/CapstoneData/raw/sessions/ds_buildingunknown_2026-07-20/session_2026-07-20_18-58-09/,,,silver,raw,none,,,Uploaded from external drive D:\Data\imu on 2026-08-26. Building unknown; captured with IMU-enabled recorder (dca_realsense_recorder_imu.py). Resolve building in manifest per DATA_LAYOUT_PLAN sec 12.
session_2026-07-20_18-58-25,ds_buildingunknown_2026-07-20,imu,unknown,2026-07-20,gs://miamioh-resa-data/CapstoneData/raw/sessions/ds_buildingunknown_2026-07-20/session_2026-07-20_18-58-25/,,,silver,raw,none,,,Uploaded from external drive D:\Data\imu on 2026-08-26. Building unknown; captured with IMU-enabled recorder (dca_realsense_recorder_imu.py). Resolve building in manifest per DATA_LAYOUT_PLAN sec 12.
session_2026-07-20_18-58-40,ds_buildingunknown_2026-07-20,imu,unknown,2026-07-20,gs://miamioh-resa-data/CapstoneData/raw/sessions/ds_buildingunknown_2026-07-20/session_2026-07-20_18-58-40/,,,silver,raw,none,,,Uploaded from external drive D:\Data\imu on 2026-08-26. Building unknown; captured with IMU-enabled recorder (dca_realsense_recorder_imu.py). Resolve building in manifest per DATA_LAYOUT_PLAN sec 12.
session_2026-07-20_18-58-55,ds_buildingunknown_2026-07-20,imu,unknown,2026-07-20,gs://miamioh-resa-data/CapstoneData/raw/sessions/ds_buildingunknown_2026-07-20/session_2026-07-20_18-58-55/,,,silver,raw,none,,,Uploaded from external drive D:\Data\imu on 2026-08-26. Building unknown; captured with IMU-enabled recorder (dca_realsense_recorder_imu.py). Resolve building in manifest per DATA_LAYOUT_PLAN sec 12.
session_2026-07-20_18-59-29,ds_buildingunknown_2026-07-20,imu,unknown,2026-07-20,gs://miamioh-resa-data/CapstoneData/raw/sessions/ds_buildingunknown_2026-07-20/session_2026-07-20_18-59-29/,,,silver,raw,none,,,Uploaded from external drive D:\Data\imu on 2026-08-26. Building unknown; captured with IMU-enabled recorder (dca_realsense_recorder_imu.py). Resolve building in manifest per DATA_LAYOUT_PLAN sec 12.
session_2026-07-20_18-59-45,ds_buildingunknown_2026-07-20,imu,unknown,2026-07-20,gs://miamioh-resa-data/CapstoneData/raw/sessions/ds_buildingunknown_2026-07-20/session_2026-07-20_18-59-45/,,,silver,raw,none,,,Uploaded from external drive D:\Data\imu on 2026-08-26. Building unknown; captured with IMU-enabled recorder (dca_realsense_recorder_imu.py). Resolve building in manifest per DATA_LAYOUT_PLAN sec 12.
session_2026-07-20_19-00-00,ds_buildingunknown_2026-07-20,imu,unknown,2026-07-20,gs://miamioh-resa-data/CapstoneData/raw/sessions/ds_buildingunknown_2026-07-20/session_2026-07-20_19-00-00/,,,silver,raw,none,,,Uploaded from external drive D:\Data\imu on 2026-08-26. Building unknown; captured with IMU-enabled recorder (dca_realsense_recorder_imu.py). Resolve building in manifest per DATA_LAYOUT_PLAN sec 12.
session_2026-07-20_19-00-16,ds_buildingunknown_2026-07-20,imu,unknown,2026-07-20,gs://miamioh-resa-data/CapstoneData/raw/sessions/ds_buildingunknown_2026-07-20/session_2026-07-20_19-00-16/,,,silver,raw,none,,,Uploaded from external drive D:\Data\imu on 2026-08-26. Building unknown; captured with IMU-enabled recorder (dca_realsense_recorder_imu.py). Resolve building in manifest per DATA_LAYOUT_PLAN sec 12.
session_2026-07-20_19-00-31,ds_buildingunknown_2026-07-20,imu,unknown,2026-07-20,gs://miamioh-resa-data/CapstoneData/raw/sessions/ds_buildingunknown_2026-07-20/session_2026-07-20_19-00-31/,,,silver,raw,none,,,Uploaded from external drive D:\Data\imu on 2026-08-26. Building unknown; captured with IMU-enabled recorder (dca_realsense_recorder_imu.py). Resolve building in manifest per DATA_LAYOUT_PLAN sec 12.
session_2026-07-20_19-00-47,ds_buildingunknown_2026-07-20,imu,unknown,2026-07-20,gs://miamioh-resa-data/CapstoneData/raw/sessions/ds_buildingunknown_2026-07-20/session_2026-07-20_19-00-47/,,,silver,raw,none,,,Uploaded from external drive D:\Data\imu on 2026-08-26. Building unknown; captured with IMU-enabled recorder (dca_realsense_recorder_imu.py). Resolve building in manifest per DATA_LAYOUT_PLAN sec 12.
session_2026-07-20_19-01-02,ds_buildingunknown_2026-07-20,imu,unknown,2026-07-20,gs://miamioh-resa-data/CapstoneData/raw/sessions/ds_buildingunknown_2026-07-20/session_2026-07-20_19-01-02/,,,silver,raw,none,,,Uploaded from external drive D:\Data\imu on 2026-08-26. Building unknown; captured with IMU-enabled recorder (dca_realsense_recorder_imu.py). Resolve building in manifest per DATA_LAYOUT_PLAN sec 12.
session_2026-07-20_19-01-18,ds_buildingunknown_2026-07-20,imu,unknown,2026-07-20,gs://miamioh-resa-data/CapstoneData/raw/sessions/ds_buildingunknown_2026-07-20/session_2026-07-20_19-01-18/,,,silver,raw,none,,,Uploaded from external drive D:\Data\imu on 2026-08-26. Building unknown; captured with IMU-enabled recorder (dca_realsense_recorder_imu.py). Resolve building in manifest per DATA_LAYOUT_PLAN sec 12.
session_2026-07-20_19-01-52,ds_buildingunknown_2026-07-20,imu,unknown,2026-07-20,gs://miamioh-resa-data/CapstoneData/raw/sessions/ds_buildingunknown_2026-07-20/session_2026-07-20_19-01-52/,,,silver,raw,none,,,Uploaded from external drive D:\Data\imu on 2026-08-26. Building unknown; captured with IMU-enabled recorder (dca_realsense_recorder_imu.py). Resolve building in manifest per DATA_LAYOUT_PLAN sec 12.
session_2026-07-20_19-02-08,ds_buildingunknown_2026-07-20,imu,unknown,2026-07-20,gs://miamioh-resa-data/CapstoneData/raw/sessions/ds_buildingunknown_2026-07-20/session_2026-07-20_19-02-08/,,,silver,raw,none,,,Uploaded from external drive D:\Data\imu on 2026-08-26. Building unknown; captured with IMU-enabled recorder (dca_realsense_recorder_imu.py). Resolve building in manifest per DATA_LAYOUT_PLAN sec 12.
session_2026-07-20_19-02-23,ds_buildingunknown_2026-07-20,imu,unknown,2026-07-20,gs://miamioh-resa-data/CapstoneData/raw/sessions/ds_buildingunknown_2026-07-20/session_2026-07-20_19-02-23/,,,silver,raw,none,,,Uploaded from external drive D:\Data\imu on 2026-08-26. Building unknown; captured with IMU-enabled recorder (dca_realsense_recorder_imu.py). Resolve building in manifest per DATA_LAYOUT_PLAN sec 12.
session_2026-07-20_19-02-39,ds_buildingunknown_2026-07-20,imu,unknown,2026-07-20,gs://miamioh-resa-data/CapstoneData/raw/sessions/ds_buildingunknown_2026-07-20/session_2026-07-20_19-02-39/,,,silver,raw,none,,,Uploaded from external drive D:\Data\imu on 2026-08-26. Building unknown; captured with IMU-enabled recorder (dca_realsense_recorder_imu.py). Resolve building in manifest per DATA_LAYOUT_PLAN sec 12.
session_2026-07-20_19-02-54,ds_buildingunknown_2026-07-20,imu,unknown,2026-07-20,gs://miamioh-resa-data/CapstoneData/raw/sessions/ds_buildingunknown_2026-07-20/session_2026-07-20_19-02-54/,,,silver,raw,none,,,Uploaded from external drive D:\Data\imu on 2026-08-26. Building unknown; captured with IMU-enabled recorder (dca_realsense_recorder_imu.py). Resolve building in manifest per DATA_LAYOUT_PLAN sec 12.
session_2026-07-20_19-03-10,ds_buildingunknown_2026-07-20,imu,unknown,2026-07-20,gs://miamioh-resa-data/CapstoneData/raw/sessions/ds_buildingunknown_2026-07-20/session_2026-07-20_19-03-10/,,,silver,raw,none,,,Uploaded from external drive D:\Data\imu on 2026-08-26. Building unknown; captured with IMU-enabled recorder (dca_realsense_recorder_imu.py). Resolve building in manifest per DATA_LAYOUT_PLAN sec 12.
session_2026-07-20_19-03-25,ds_buildingunknown_2026-07-20,imu,unknown,2026-07-20,gs://miamioh-resa-data/CapstoneData/raw/sessions/ds_buildingunknown_2026-07-20/session_2026-07-20_19-03-25/,,,silver,raw,none,,,Uploaded from external drive D:\Data\imu on 2026-08-26. Building unknown; captured with IMU-enabled recorder (dca_realsense_recorder_imu.py). Resolve building in manifest per DATA_LAYOUT_PLAN sec 12.
session_2026-07-20_19-03-41,ds_buildingunknown_2026-07-20,imu,unknown,2026-07-20,gs://miamioh-resa-data/CapstoneData/raw/sessions/ds_buildingunknown_2026-07-20/session_2026-07-20_19-03-41/,,,silver,raw,none,,,Uploaded from external drive D:\Data\imu on 2026-08-26. Building unknown; captured with IMU-enabled recorder (dca_realsense_recorder_imu.py). Resolve building in manifest per DATA_LAYOUT_PLAN sec 12.
session_2026-07-20_19-04-35,ds_buildingunknown_2026-07-20,imu,unknown,2026-07-20,gs://miamioh-resa-data/CapstoneData/raw/sessions/ds_buildingunknown_2026-07-20/session_2026-07-20_19-04-35/,,,silver,raw,none,,,Uploaded from external drive D:\Data\imu on 2026-08-26. Building unknown; captured with IMU-enabled recorder (dca_realsense_recorder_imu.py). Resolve building in manifest per DATA_LAYOUT_PLAN sec 12.
session_2026-07-20_19-04-50,ds_buildingunknown_2026-07-20,imu,unknown,2026-07-20,gs://miamioh-resa-data/CapstoneData/raw/sessions/ds_buildingunknown_2026-07-20/session_2026-07-20_19-04-50/,,,silver,raw,none,,,Uploaded from external drive D:\Data\imu on 2026-08-26. Building unknown; captured with IMU-enabled recorder (dca_realsense_recorder_imu.py). Resolve building in manifest per DATA_LAYOUT_PLAN sec 12.
session_2026-07-20_19-05-06,ds_buildingunknown_2026-07-20,imu,unknown,2026-07-20,gs://miamioh-resa-data/CapstoneData/raw/sessions/ds_buildingunknown_2026-07-20/session_2026-07-20_19-05-06/,,,silver,raw,none,,,Uploaded from external drive D:\Data\imu on 2026-08-26. Building unknown; captured with IMU-enabled recorder (dca_realsense_recorder_imu.py). Resolve building in manifest per DATA_LAYOUT_PLAN sec 12.
session_2026-07-20_19-05-21,ds_buildingunknown_2026-07-20,imu,unknown,2026-07-20,gs://miamioh-resa-data/CapstoneData/raw/sessions/ds_buildingunknown_2026-07-20/session_2026-07-20_19-05-21/,,,silver,raw,none,,,Uploaded from external drive D:\Data\imu on 2026-08-26. Building unknown; captured with IMU-enabled recorder (dca_realsense_recorder_imu.py). Resolve building in manifest per DATA_LAYOUT_PLAN sec 12.
session_2026-07-20_19-05-37,ds_buildingunknown_2026-07-20,imu,unknown,2026-07-20,gs://miamioh-resa-data/CapstoneData/raw/sessions/ds_buildingunknown_2026-07-20/session_2026-07-20_19-05-37/,,,silver,raw,none,,,Uploaded from external drive D:\Data\imu on 2026-08-26. Building unknown; captured with IMU-enabled recorder (dca_realsense_recorder_imu.py). Resolve building in manifest per DATA_LAYOUT_PLAN sec 12.
session_2026-07-20_19-05-52,ds_buildingunknown_2026-07-20,imu,unknown,2026-07-20,gs://miamioh-resa-data/CapstoneData/raw/sessions/ds_buildingunknown_2026-07-20/session_2026-07-20_19-05-52/,,,silver,raw,none,,,Uploaded from external drive D:\Data\imu on 2026-08-26. Building unknown; captured with IMU-enabled recorder (dca_realsense_recorder_imu.py). Resolve building in manifest per DATA_LAYOUT_PLAN sec 12.
session_2026-07-20_19-06-08,ds_buildingunknown_2026-07-20,imu,unknown,2026-07-20,gs://miamioh-resa-data/CapstoneData/raw/sessions/ds_buildingunknown_2026-07-20/session_2026-07-20_19-06-08/,,,silver,raw,none,,,Uploaded from external drive D:\Data\imu on 2026-08-26. Building unknown; captured with IMU-enabled recorder (dca_realsense_recorder_imu.py). Resolve building in manifest per DATA_LAYOUT_PLAN sec 12.
session_2026-07-20_19-06-23,ds_buildingunknown_2026-07-20,imu,unknown,2026-07-20,gs://miamioh-resa-data/CapstoneData/raw/sessions/ds_buildingunknown_2026-07-20/session_2026-07-20_19-06-23/,,,silver,raw,none,,,Uploaded from external drive D:\Data\imu on 2026-08-26. Building unknown; captured with IMU-enabled recorder (dca_realsense_recorder_imu.py). Resolve building in manifest per DATA_LAYOUT_PLAN sec 12.
session_2026-07-20_19-07-14,ds_buildingunknown_2026-07-20,imu,unknown,2026-07-20,gs://miamioh-resa-data/CapstoneData/raw/sessions/ds_buildingunknown_2026-07-20/session_2026-07-20_19-07-14/,,,silver,raw,none,,,Uploaded from external drive D:\Data\imu on 2026-08-26. Building unknown; captured with IMU-enabled recorder (dca_realsense_recorder_imu.py). Resolve building in manifest per DATA_LAYOUT_PLAN sec 12.
session_2026-07-20_19-07-30,ds_buildingunknown_2026-07-20,imu,unknown,2026-07-20,gs://miamioh-resa-data/CapstoneData/raw/sessions/ds_buildingunknown_2026-07-20/session_2026-07-20_19-07-30/,,,silver,raw,none,,,Uploaded from external drive D:\Data\imu on 2026-08-26. Building unknown; captured with IMU-enabled recorder (dca_realsense_recorder_imu.py). Resolve building in manifest per DATA_LAYOUT_PLAN sec 12.
session_2026-07-20_19-07-45,ds_buildingunknown_2026-07-20,imu,unknown,2026-07-20,gs://miamioh-resa-data/CapstoneData/raw/sessions/ds_buildingunknown_2026-07-20/session_2026-07-20_19-07-45/,,,silver,raw,none,,,Uploaded from external drive D:\Data\imu on 2026-08-26. Building unknown; captured with IMU-enabled recorder (dca_realsense_recorder_imu.py). Resolve building in manifest per DATA_LAYOUT_PLAN sec 12.
session_2026-07-20_19-08-01,ds_buildingunknown_2026-07-20,imu,unknown,2026-07-20,gs://miamioh-resa-data/CapstoneData/raw/sessions/ds_buildingunknown_2026-07-20/session_2026-07-20_19-08-01/,,,silver,raw,none,,,Uploaded from external drive D:\Data\imu on 2026-08-26. Building unknown; captured with IMU-enabled recorder (dca_realsense_recorder_imu.py). Resolve building in manifest per DATA_LAYOUT_PLAN sec 12.
session_2026-07-20_19-08-16,ds_buildingunknown_2026-07-20,imu,unknown,2026-07-20,gs://miamioh-resa-data/CapstoneData/raw/sessions/ds_buildingunknown_2026-07-20/session_2026-07-20_19-08-16/,,,silver,raw,none,,,Uploaded from external drive D:\Data\imu on 2026-08-26. Building unknown; captured with IMU-enabled recorder (dca_realsense_recorder_imu.py). Resolve building in manifest per DATA_LAYOUT_PLAN sec 12.
session_2026-07-20_19-08-32,ds_buildingunknown_2026-07-20,imu,unknown,2026-07-20,gs://miamioh-resa-data/CapstoneData/raw/sessions/ds_buildingunknown_2026-07-20/session_2026-07-20_19-08-32/,,,silver,raw,none,,,Uploaded from external drive D:\Data\imu on 2026-08-26. Building unknown; captured with IMU-enabled recorder (dca_realsense_recorder_imu.py). Resolve building in manifest per DATA_LAYOUT_PLAN sec 12.
session_2026-07-20_19-09-02,ds_buildingunknown_2026-07-20,imu,unknown,2026-07-20,gs://miamioh-resa-data/CapstoneData/raw/sessions/ds_buildingunknown_2026-07-20/session_2026-07-20_19-09-02/,,,silver,raw,none,,,Uploaded from external drive D:\Data\imu on 2026-08-26. Building unknown; captured with IMU-enabled recorder (dca_realsense_recorder_imu.py). Resolve building in manifest per DATA_LAYOUT_PLAN sec 12.
session_2026-07-20_19-09-17,ds_buildingunknown_2026-07-20,imu,unknown,2026-07-20,gs://miamioh-resa-data/CapstoneData/raw/sessions/ds_buildingunknown_2026-07-20/session_2026-07-20_19-09-17/,,,silver,raw,none,,,Uploaded from external drive D:\Data\imu on 2026-08-26. Building unknown; captured with IMU-enabled recorder (dca_realsense_recorder_imu.py). Resolve building in manifest per DATA_LAYOUT_PLAN sec 12.
session_2026-07-20_19-09-33,ds_buildingunknown_2026-07-20,imu,unknown,2026-07-20,gs://miamioh-resa-data/CapstoneData/raw/sessions/ds_buildingunknown_2026-07-20/session_2026-07-20_19-09-33/,,,silver,raw,none,,,Uploaded from external drive D:\Data\imu on 2026-08-26. Building unknown; captured with IMU-enabled recorder (dca_realsense_recorder_imu.py). Resolve building in manifest per DATA_LAYOUT_PLAN sec 12.
session_2026-07-20_19-09-48,ds_buildingunknown_2026-07-20,imu,unknown,2026-07-20,gs://miamioh-resa-data/CapstoneData/raw/sessions/ds_buildingunknown_2026-07-20/session_2026-07-20_19-09-48/,,,silver,raw,none,,,Uploaded from external drive D:\Data\imu on 2026-08-26. Building unknown; captured with IMU-enabled recorder (dca_realsense_recorder_imu.py). Resolve building in manifest per DATA_LAYOUT_PLAN sec 12.
session_2026-07-20_19-10-04,ds_buildingunknown_2026-07-20,imu,unknown,2026-07-20,gs://miamioh-resa-data/CapstoneData/raw/sessions/ds_buildingunknown_2026-07-20/session_2026-07-20_19-10-04/,,,silver,raw,none,,,Uploaded from external drive D:\Data\imu on 2026-08-26. Building unknown; captured with IMU-enabled recorder (dca_realsense_recorder_imu.py). Resolve building in manifest per DATA_LAYOUT_PLAN sec 12.
session_2026-07-20_19-10-19,ds_buildingunknown_2026-07-20,imu,unknown,2026-07-20,gs://miamioh-resa-data/CapstoneData/raw/sessions/ds_buildingunknown_2026-07-20/session_2026-07-20_19-10-19/,,,silver,raw,none,,,Uploaded from external drive D:\Data\imu on 2026-08-26. Building unknown; captured with IMU-enabled recorder (dca_realsense_recorder_imu.py). Resolve building in manifest per DATA_LAYOUT_PLAN sec 12.
session_2026-07-20_19-10-35,ds_buildingunknown_2026-07-20,imu,unknown,2026-07-20,gs://miamioh-resa-data/CapstoneData/raw/sessions/ds_buildingunknown_2026-07-20/session_2026-07-20_19-10-35/,,,silver,raw,none,,,Uploaded from external drive D:\Data\imu on 2026-08-26. Building unknown; captured with IMU-enabled recorder (dca_realsense_recorder_imu.py). Resolve building in manifest per DATA_LAYOUT_PLAN sec 12.
session_2026-07-20_19-10-50,ds_buildingunknown_2026-07-20,imu,unknown,2026-07-20,gs://miamioh-resa-data/CapstoneData/raw/sessions/ds_buildingunknown_2026-07-20/session_2026-07-20_19-10-50/,,,silver,raw,none,,,Uploaded from external drive D:\Data\imu on 2026-08-26. Building unknown; captured with IMU-enabled recorder (dca_realsense_recorder_imu.py). Resolve building in manifest per DATA_LAYOUT_PLAN sec 12.
session_2026-07-20_19-11-23,ds_buildingunknown_2026-07-20,imu,unknown,2026-07-20,gs://miamioh-resa-data/CapstoneData/raw/sessions/ds_buildingunknown_2026-07-20/session_2026-07-20_19-11-23/,,,silver,raw,none,,,Uploaded from external drive D:\Data\imu on 2026-08-26. Building unknown; captured with IMU-enabled recorder (dca_realsense_recorder_imu.py). Resolve building in manifest per DATA_LAYOUT_PLAN sec 12.
session_2026-07-20_19-11-39,ds_buildingunknown_2026-07-20,imu,unknown,2026-07-20,gs://miamioh-resa-data/CapstoneData/raw/sessions/ds_buildingunknown_2026-07-20/session_2026-07-20_19-11-39/,,,silver,raw,none,,,Uploaded from external drive D:\Data\imu on 2026-08-26. Building unknown; captured with IMU-enabled recorder (dca_realsense_recorder_imu.py). Resolve building in manifest per DATA_LAYOUT_PLAN sec 12.
session_2026-07-20_19-11-54,ds_buildingunknown_2026-07-20,imu,unknown,2026-07-20,gs://miamioh-resa-data/CapstoneData/raw/sessions/ds_buildingunknown_2026-07-20/session_2026-07-20_19-11-54/,,,silver,raw,none,,,Uploaded from external drive D:\Data\imu on 2026-08-26. Building unknown; captured with IMU-enabled recorder (dca_realsense_recorder_imu.py). Resolve building in manifest per DATA_LAYOUT_PLAN sec 12.
session_2026-07-20_19-12-10,ds_buildingunknown_2026-07-20,imu,unknown,2026-07-20,gs://miamioh-resa-data/CapstoneData/raw/sessions/ds_buildingunknown_2026-07-20/session_2026-07-20_19-12-10/,,,silver,raw,none,,,Uploaded from external drive D:\Data\imu on 2026-08-26. Building unknown; captured with IMU-enabled recorder (dca_realsense_recorder_imu.py). Resolve building in manifest per DATA_LAYOUT_PLAN sec 12.
session_2026-07-20_19-12-25,ds_buildingunknown_2026-07-20,imu,unknown,2026-07-20,gs://miamioh-resa-data/CapstoneData/raw/sessions/ds_buildingunknown_2026-07-20/session_2026-07-20_19-12-25/,,,silver,raw,none,,,Uploaded from external drive D:\Data\imu on 2026-08-26. Building unknown; captured with IMU-enabled recorder (dca_realsense_recorder_imu.py). Resolve building in manifest per DATA_LAYOUT_PLAN sec 12.
session_2026-07-20_19-12-41,ds_buildingunknown_2026-07-20,imu,unknown,2026-07-20,gs://miamioh-resa-data/CapstoneData/raw/sessions/ds_buildingunknown_2026-07-20/session_2026-07-20_19-12-41/,,,silver,raw,none,,,Uploaded from external drive D:\Data\imu on 2026-08-26. Building unknown; captured with IMU-enabled recorder (dca_realsense_recorder_imu.py). Resolve building in manifest per DATA_LAYOUT_PLAN sec 12.
session_2026-07-20_19-12-56,ds_buildingunknown_2026-07-20,imu,unknown,2026-07-20,gs://miamioh-resa-data/CapstoneData/raw/sessions/ds_buildingunknown_2026-07-20/session_2026-07-20_19-12-56/,,,silver,raw,none,,,Uploaded from external drive D:\Data\imu on 2026-08-26. Building unknown; captured with IMU-enabled recorder (dca_realsense_recorder_imu.py). Resolve building in manifest per DATA_LAYOUT_PLAN sec 12.
session_2026-07-20_19-13-12,ds_buildingunknown_2026-07-20,imu,unknown,2026-07-20,gs://miamioh-resa-data/CapstoneData/raw/sessions/ds_buildingunknown_2026-07-20/session_2026-07-20_19-13-12/,,,silver,raw,none,,,Uploaded from external drive D:\Data\imu on 2026-08-26. Building unknown; captured with IMU-enabled recorder (dca_realsense_recorder_imu.py). Resolve building in manifest per DATA_LAYOUT_PLAN sec 12.
session_2026-07-20_19-13-47,ds_buildingunknown_2026-07-20,imu,unknown,2026-07-20,gs://miamioh-resa-data/CapstoneData/raw/sessions/ds_buildingunknown_2026-07-20/session_2026-07-20_19-13-47/,,,silver,raw,none,,,Uploaded from external drive D:\Data\imu on 2026-08-26. Building unknown; captured with IMU-enabled recorder (dca_realsense_recorder_imu.py). Resolve building in manifest per DATA_LAYOUT_PLAN sec 12.
session_2026-07-20_19-14-03,ds_buildingunknown_2026-07-20,imu,unknown,2026-07-20,gs://miamioh-resa-data/CapstoneData/raw/sessions/ds_buildingunknown_2026-07-20/session_2026-07-20_19-14-03/,,,silver,raw,none,,,Uploaded from external drive D:\Data\imu on 2026-08-26. Building unknown; captured with IMU-enabled recorder (dca_realsense_recorder_imu.py). Resolve building in manifest per DATA_LAYOUT_PLAN sec 12.
session_2026-07-20_19-14-18,ds_buildingunknown_2026-07-20,imu,unknown,2026-07-20,gs://miamioh-resa-data/CapstoneData/raw/sessions/ds_buildingunknown_2026-07-20/session_2026-07-20_19-14-18/,,,silver,raw,none,,,Uploaded from external drive D:\Data\imu on 2026-08-26. Building unknown; captured with IMU-enabled recorder (dca_realsense_recorder_imu.py). Resolve building in manifest per DATA_LAYOUT_PLAN sec 12.
session_2026-07-20_19-14-34,ds_buildingunknown_2026-07-20,imu,unknown,2026-07-20,gs://miamioh-resa-data/CapstoneData/raw/sessions/ds_buildingunknown_2026-07-20/session_2026-07-20_19-14-34/,,,silver,raw,none,,,Uploaded from external drive D:\Data\imu on 2026-08-26. Building unknown; captured with IMU-enabled recorder (dca_realsense_recorder_imu.py). Resolve building in manifest per DATA_LAYOUT_PLAN sec 12.
session_2026-07-20_19-14-49,ds_buildingunknown_2026-07-20,imu,unknown,2026-07-20,gs://miamioh-resa-data/CapstoneData/raw/sessions/ds_buildingunknown_2026-07-20/session_2026-07-20_19-14-49/,,,silver,raw,none,,,Uploaded from external drive D:\Data\imu on 2026-08-26. Building unknown; captured with IMU-enabled recorder (dca_realsense_recorder_imu.py). Resolve building in manifest per DATA_LAYOUT_PLAN sec 12.
session_2026-07-20_19-15-05,ds_buildingunknown_2026-07-20,imu,unknown,2026-07-20,gs://miamioh-resa-data/CapstoneData/raw/sessions/ds_buildingunknown_2026-07-20/session_2026-07-20_19-15-05/,,,silver,raw,none,,,Uploaded from external drive D:\Data\imu on 2026-08-26. Building unknown; captured with IMU-enabled recorder (dca_realsense_recorder_imu.py). Resolve building in manifest per DATA_LAYOUT_PLAN sec 12.
session_2026-07-20_19-15-20,ds_buildingunknown_2026-07-20,imu,unknown,2026-07-20,gs://miamioh-resa-data/CapstoneData/raw/sessions/ds_buildingunknown_2026-07-20/session_2026-07-20_19-15-20/,,,silver,raw,none,,,Uploaded from external drive D:\Data\imu on 2026-08-26. Building unknown; captured with IMU-enabled recorder (dca_realsense_recorder_imu.py). Resolve building in manifest per DATA_LAYOUT_PLAN sec 12.
session_2026-07-20_19-15-36,ds_buildingunknown_2026-07-20,imu,unknown,2026-07-20,gs://miamioh-resa-data/CapstoneData/raw/sessions/ds_buildingunknown_2026-07-20/session_2026-07-20_19-15-36/,,,silver,raw,none,,,Uploaded from external drive D:\Data\imu on 2026-08-26. Building unknown; captured with IMU-enabled recorder (dca_realsense_recorder_imu.py). Resolve building in manifest per DATA_LAYOUT_PLAN sec 12.
session_2026-07-21_16-31-28,ds_buildingunknown_2026-07-20,imu,unknown,2026-07-21,gs://miamioh-resa-data/CapstoneData/raw/sessions/ds_buildingunknown_2026-07-20/session_2026-07-21_16-31-28/,,,silver,raw,none,,,Uploaded from external drive D:\Data\imu on 2026-08-26. Building unknown; captured with IMU-enabled recorder (dca_realsense_recorder_imu.py). Resolve building in manifest per DATA_LAYOUT_PLAN sec 12.
session_2026-07-21_16-31-43,ds_buildingunknown_2026-07-20,imu,unknown,2026-07-21,gs://miamioh-resa-data/CapstoneData/raw/sessions/ds_buildingunknown_2026-07-20/session_2026-07-21_16-31-43/,,,silver,raw,none,,,Uploaded from external drive D:\Data\imu on 2026-08-26. Building unknown; captured with IMU-enabled recorder (dca_realsense_recorder_imu.py). Resolve building in manifest per DATA_LAYOUT_PLAN sec 12.
session_2026-07-21_16-31-59,ds_buildingunknown_2026-07-20,imu,unknown,2026-07-21,gs://miamioh-resa-data/CapstoneData/raw/sessions/ds_buildingunknown_2026-07-20/session_2026-07-21_16-31-59/,,,silver,raw,none,,,Uploaded from external drive D:\Data\imu on 2026-08-26. Building unknown; captured with IMU-enabled recorder (dca_realsense_recorder_imu.py). Resolve building in manifest per DATA_LAYOUT_PLAN sec 12.
session_2026-07-21_16-32-14,ds_buildingunknown_2026-07-20,imu,unknown,2026-07-21,gs://miamioh-resa-data/CapstoneData/raw/sessions/ds_buildingunknown_2026-07-20/session_2026-07-21_16-32-14/,,,silver,raw,none,,,Uploaded from external drive D:\Data\imu on 2026-08-26. Building unknown; captured with IMU-enabled recorder (dca_realsense_recorder_imu.py). Resolve building in manifest per DATA_LAYOUT_PLAN sec 12.
session_2026-07-21_16-32-30,ds_buildingunknown_2026-07-20,imu,unknown,2026-07-21,gs://miamioh-resa-data/CapstoneData/raw/sessions/ds_buildingunknown_2026-07-20/session_2026-07-21_16-32-30/,,,silver,raw,none,,,Uploaded from external drive D:\Data\imu on 2026-08-26. Building unknown; captured with IMU-enabled recorder (dca_realsense_recorder_imu.py). Resolve building in manifest per DATA_LAYOUT_PLAN sec 12.
session_2026-07-21_16-32-45,ds_buildingunknown_2026-07-20,imu,unknown,2026-07-21,gs://miamioh-resa-data/CapstoneData/raw/sessions/ds_buildingunknown_2026-07-20/session_2026-07-21_16-32-45/,,,silver,raw,none,,,Uploaded from external drive D:\Data\imu on 2026-08-26. Building unknown; captured with IMU-enabled recorder (dca_realsense_recorder_imu.py). Resolve building in manifest per DATA_LAYOUT_PLAN sec 12.
session_2026-07-21_16-33-01,ds_buildingunknown_2026-07-20,imu,unknown,2026-07-21,gs://miamioh-resa-data/CapstoneData/raw/sessions/ds_buildingunknown_2026-07-20/session_2026-07-21_16-33-01/,,,silver,raw,none,,,Uploaded from external drive D:\Data\imu on 2026-08-26. Building unknown; captured with IMU-enabled recorder (dca_realsense_recorder_imu.py). Resolve building in manifest per DATA_LAYOUT_PLAN sec 12.
session_2026-07-21_16-33-16,ds_buildingunknown_2026-07-20,imu,unknown,2026-07-21,gs://miamioh-resa-data/CapstoneData/raw/sessions/ds_buildingunknown_2026-07-20/session_2026-07-21_16-33-16/,,,silver,raw,none,,,Uploaded from external drive D:\Data\imu on 2026-08-26. Building unknown; captured with IMU-enabled recorder (dca_realsense_recorder_imu.py). Resolve building in manifest per DATA_LAYOUT_PLAN sec 12.
session_2026-07-21_16-33-57,ds_buildingunknown_2026-07-20,imu,unknown,2026-07-21,gs://miamioh-resa-data/CapstoneData/raw/sessions/ds_buildingunknown_2026-07-20/session_2026-07-21_16-33-57/,,,silver,raw,none,,,Uploaded from external drive D:\Data\imu on 2026-08-26. Building unknown; captured with IMU-enabled recorder (dca_realsense_recorder_imu.py). Resolve building in manifest per DATA_LAYOUT_PLAN sec 12.
session_2026-07-21_16-34-13,ds_buildingunknown_2026-07-20,imu,unknown,2026-07-21,gs://miamioh-resa-data/CapstoneData/raw/sessions/ds_buildingunknown_2026-07-20/session_2026-07-21_16-34-13/,,,silver,raw,none,,,Uploaded from external drive D:\Data\imu on 2026-08-26. Building unknown; captured with IMU-enabled recorder (dca_realsense_recorder_imu.py). Resolve building in manifest per DATA_LAYOUT_PLAN sec 12.
session_2026-07-21_16-34-29,ds_buildingunknown_2026-07-20,imu,unknown,2026-07-21,gs://miamioh-resa-data/CapstoneData/raw/sessions/ds_buildingunknown_2026-07-20/session_2026-07-21_16-34-29/,,,silver,raw,none,,,Uploaded from external drive D:\Data\imu on 2026-08-26. Building unknown; captured with IMU-enabled recorder (dca_realsense_recorder_imu.py). Resolve building in manifest per DATA_LAYOUT_PLAN sec 12.
session_2026-07-21_16-34-44,ds_buildingunknown_2026-07-20,imu,unknown,2026-07-21,gs://miamioh-resa-data/CapstoneData/raw/sessions/ds_buildingunknown_2026-07-20/session_2026-07-21_16-34-44/,,,silver,raw,none,,,Uploaded from external drive D:\Data\imu on 2026-08-26. Building unknown; captured with IMU-enabled recorder (dca_realsense_recorder_imu.py). Resolve building in manifest per DATA_LAYOUT_PLAN sec 12.
session_2026-07-21_16-34-59,ds_buildingunknown_2026-07-20,imu,unknown,2026-07-21,gs://miamioh-resa-data/CapstoneData/raw/sessions/ds_buildingunknown_2026-07-20/session_2026-07-21_16-34-59/,,,silver,raw,none,,,Uploaded from external drive D:\Data\imu on 2026-08-26. Building unknown; captured with IMU-enabled recorder (dca_realsense_recorder_imu.py). Resolve building in manifest per DATA_LAYOUT_PLAN sec 12.
session_2026-07-21_16-35-15,ds_buildingunknown_2026-07-20,imu,unknown,2026-07-21,gs://miamioh-resa-data/CapstoneData/raw/sessions/ds_buildingunknown_2026-07-20/session_2026-07-21_16-35-15/,,,silver,raw,none,,,Uploaded from external drive D:\Data\imu on 2026-08-26. Building unknown; captured with IMU-enabled recorder (dca_realsense_recorder_imu.py). Resolve building in manifest per DATA_LAYOUT_PLAN sec 12.
session_2026-07-21_16-35-31,ds_buildingunknown_2026-07-20,imu,unknown,2026-07-21,gs://miamioh-resa-data/CapstoneData/raw/sessions/ds_buildingunknown_2026-07-20/session_2026-07-21_16-35-31/,,,silver,raw,none,,,Uploaded from external drive D:\Data\imu on 2026-08-26. Building unknown; captured with IMU-enabled recorder (dca_realsense_recorder_imu.py). Resolve building in manifest per DATA_LAYOUT_PLAN sec 12.
session_2026-07-21_16-35-46,ds_buildingunknown_2026-07-20,imu,unknown,2026-07-21,gs://miamioh-resa-data/CapstoneData/raw/sessions/ds_buildingunknown_2026-07-20/session_2026-07-21_16-35-46/,,,silver,raw,none,,,Uploaded from external drive D:\Data\imu on 2026-08-26. Building unknown; captured with IMU-enabled recorder (dca_realsense_recorder_imu.py). Resolve building in manifest per DATA_LAYOUT_PLAN sec 12.
session_2026-07-21_16-36-17,ds_buildingunknown_2026-07-20,imu,unknown,2026-07-21,gs://miamioh-resa-data/CapstoneData/raw/sessions/ds_buildingunknown_2026-07-20/session_2026-07-21_16-36-17/,,,silver,raw,none,,,Uploaded from external drive D:\Data\imu on 2026-08-26. Building unknown; captured with IMU-enabled recorder (dca_realsense_recorder_imu.py). Resolve building in manifest per DATA_LAYOUT_PLAN sec 12.
session_2026-07-21_16-36-32,ds_buildingunknown_2026-07-20,imu,unknown,2026-07-21,gs://miamioh-resa-data/CapstoneData/raw/sessions/ds_buildingunknown_2026-07-20/session_2026-07-21_16-36-32/,,,silver,raw,none,,,Uploaded from external drive D:\Data\imu on 2026-08-26. Building unknown; captured with IMU-enabled recorder (dca_realsense_recorder_imu.py). Resolve building in manifest per DATA_LAYOUT_PLAN sec 12.
session_2026-07-21_16-36-48,ds_buildingunknown_2026-07-20,imu,unknown,2026-07-21,gs://miamioh-resa-data/CapstoneData/raw/sessions/ds_buildingunknown_2026-07-20/session_2026-07-21_16-36-48/,,,silver,raw,none,,,Uploaded from external drive D:\Data\imu on 2026-08-26. Building unknown; captured with IMU-enabled recorder (dca_realsense_recorder_imu.py). Resolve building in manifest per DATA_LAYOUT_PLAN sec 12.
session_2026-07-21_16-37-03,ds_buildingunknown_2026-07-20,imu,unknown,2026-07-21,gs://miamioh-resa-data/CapstoneData/raw/sessions/ds_buildingunknown_2026-07-20/session_2026-07-21_16-37-03/,,,silver,raw,none,,,Uploaded from external drive D:\Data\imu on 2026-08-26. Building unknown; captured with IMU-enabled recorder (dca_realsense_recorder_imu.py). Resolve building in manifest per DATA_LAYOUT_PLAN sec 12.
session_2026-07-21_16-37-19,ds_buildingunknown_2026-07-20,imu,unknown,2026-07-21,gs://miamioh-resa-data/CapstoneData/raw/sessions/ds_buildingunknown_2026-07-20/session_2026-07-21_16-37-19/,,,silver,raw,none,,,Uploaded from external drive D:\Data\imu on 2026-08-26. Building unknown; captured with IMU-enabled recorder (dca_realsense_recorder_imu.py). Resolve building in manifest per DATA_LAYOUT_PLAN sec 12.
session_2026-07-21_16-37-34,ds_buildingunknown_2026-07-20,imu,unknown,2026-07-21,gs://miamioh-resa-data/CapstoneData/raw/sessions/ds_buildingunknown_2026-07-20/session_2026-07-21_16-37-34/,,,silver,raw,none,,,Uploaded from external drive D:\Data\imu on 2026-08-26. Building unknown; captured with IMU-enabled recorder (dca_realsense_recorder_imu.py). Resolve building in manifest per DATA_LAYOUT_PLAN sec 12.
session_2026-07-21_16-37-50,ds_buildingunknown_2026-07-20,imu,unknown,2026-07-21,gs://miamioh-resa-data/CapstoneData/raw/sessions/ds_buildingunknown_2026-07-20/session_2026-07-21_16-37-50/,,,silver,raw,none,,,Uploaded from external drive D:\Data\imu on 2026-08-26. Building unknown; captured with IMU-enabled recorder (dca_realsense_recorder_imu.py). Resolve building in manifest per DATA_LAYOUT_PLAN sec 12.
session_2026-07-21_16-38-05,ds_buildingunknown_2026-07-20,imu,unknown,2026-07-21,gs://miamioh-resa-data/CapstoneData/raw/sessions/ds_buildingunknown_2026-07-20/session_2026-07-21_16-38-05/,,,silver,raw,none,,,Uploaded from external drive D:\Data\imu on 2026-08-26. Building unknown; captured with IMU-enabled recorder (dca_realsense_recorder_imu.py). Resolve building in manifest per DATA_LAYOUT_PLAN sec 12.
session_2026-07-21_16-38-36,ds_buildingunknown_2026-07-20,imu,unknown,2026-07-21,gs://miamioh-resa-data/CapstoneData/raw/sessions/ds_buildingunknown_2026-07-20/session_2026-07-21_16-38-36/,,,silver,raw,none,,,Uploaded from external drive D:\Data\imu on 2026-08-26. Building unknown; captured with IMU-enabled recorder (dca_realsense_recorder_imu.py). Resolve building in manifest per DATA_LAYOUT_PLAN sec 12.
session_2026-07-21_16-38-51,ds_buildingunknown_2026-07-20,imu,unknown,2026-07-21,gs://miamioh-resa-data/CapstoneData/raw/sessions/ds_buildingunknown_2026-07-20/session_2026-07-21_16-38-51/,,,silver,raw,none,,,Uploaded from external drive D:\Data\imu on 2026-08-26. Building unknown; captured with IMU-enabled recorder (dca_realsense_recorder_imu.py). Resolve building in manifest per DATA_LAYOUT_PLAN sec 12.
session_2026-07-21_16-39-07,ds_buildingunknown_2026-07-20,imu,unknown,2026-07-21,gs://miamioh-resa-data/CapstoneData/raw/sessions/ds_buildingunknown_2026-07-20/session_2026-07-21_16-39-07/,,,silver,raw,none,,,Uploaded from external drive D:\Data\imu on 2026-08-26. Building unknown; captured with IMU-enabled recorder (dca_realsense_recorder_imu.py). Resolve building in manifest per DATA_LAYOUT_PLAN sec 12.
session_2026-07-21_16-39-23,ds_buildingunknown_2026-07-20,imu,unknown,2026-07-21,gs://miamioh-resa-data/CapstoneData/raw/sessions/ds_buildingunknown_2026-07-20/session_2026-07-21_16-39-23/,,,silver,raw,none,,,Uploaded from external drive D:\Data\imu on 2026-08-26. Building unknown; captured with IMU-enabled recorder (dca_realsense_recorder_imu.py). Resolve building in manifest per DATA_LAYOUT_PLAN sec 12.
session_2026-07-21_16-39-39,ds_buildingunknown_2026-07-20,imu,unknown,2026-07-21,gs://miamioh-resa-data/CapstoneData/raw/sessions/ds_buildingunknown_2026-07-20/session_2026-07-21_16-39-39/,,,silver,raw,none,,,Uploaded from external drive D:\Data\imu on 2026-08-26. Building unknown; captured with IMU-enabled recorder (dca_realsense_recorder_imu.py). Resolve building in manifest per DATA_LAYOUT_PLAN sec 12.
session_2026-07-21_16-39-54,ds_buildingunknown_2026-07-20,imu,unknown,2026-07-21,gs://miamioh-resa-data/CapstoneData/raw/sessions/ds_buildingunknown_2026-07-20/session_2026-07-21_16-39-54/,,,silver,raw,none,,,Uploaded from external drive D:\Data\imu on 2026-08-26. Building unknown; captured with IMU-enabled recorder (dca_realsense_recorder_imu.py). Resolve building in manifest per DATA_LAYOUT_PLAN sec 12.
session_2026-07-21_16-40-10,ds_buildingunknown_2026-07-20,imu,unknown,2026-07-21,gs://miamioh-resa-data/CapstoneData/raw/sessions/ds_buildingunknown_2026-07-20/session_2026-07-21_16-40-10/,,,silver,raw,none,,,Uploaded from external drive D:\Data\imu on 2026-08-26. Building unknown; captured with IMU-enabled recorder (dca_realsense_recorder_imu.py). Resolve building in manifest per DATA_LAYOUT_PLAN sec 12.
session_2026-07-21_16-40-25,ds_buildingunknown_2026-07-20,imu,unknown,2026-07-21,gs://miamioh-resa-data/CapstoneData/raw/sessions/ds_buildingunknown_2026-07-20/session_2026-07-21_16-40-25/,,,silver,raw,none,,,Uploaded from external drive D:\Data\imu on 2026-08-26. Building unknown; captured with IMU-enabled recorder (dca_realsense_recorder_imu.py). Resolve building in manifest per DATA_LAYOUT_PLAN sec 12.
session_2026-07-21_16-40-55,ds_buildingunknown_2026-07-20,imu,unknown,2026-07-21,gs://miamioh-resa-data/CapstoneData/raw/sessions/ds_buildingunknown_2026-07-20/session_2026-07-21_16-40-55/,,,silver,raw,none,,,Uploaded from external drive D:\Data\imu on 2026-08-26. Building unknown; captured with IMU-enabled recorder (dca_realsense_recorder_imu.py). Resolve building in manifest per DATA_LAYOUT_PLAN sec 12.
session_2026-07-21_16-41-10,ds_buildingunknown_2026-07-20,imu,unknown,2026-07-21,gs://miamioh-resa-data/CapstoneData/raw/sessions/ds_buildingunknown_2026-07-20/session_2026-07-21_16-41-10/,,,silver,raw,none,,,Uploaded from external drive D:\Data\imu on 2026-08-26. Building unknown; captured with IMU-enabled recorder (dca_realsense_recorder_imu.py). Resolve building in manifest per DATA_LAYOUT_PLAN sec 12.
session_2026-07-21_16-41-26,ds_buildingunknown_2026-07-20,imu,unknown,2026-07-21,gs://miamioh-resa-data/CapstoneData/raw/sessions/ds_buildingunknown_2026-07-20/session_2026-07-21_16-41-26/,,,silver,raw,none,,,Uploaded from external drive D:\Data\imu on 2026-08-26. Building unknown; captured with IMU-enabled recorder (dca_realsense_recorder_imu.py). Resolve building in manifest per DATA_LAYOUT_PLAN sec 12.
session_2026-07-21_16-41-41,ds_buildingunknown_2026-07-20,imu,unknown,2026-07-21,gs://miamioh-resa-data/CapstoneData/raw/sessions/ds_buildingunknown_2026-07-20/session_2026-07-21_16-41-41/,,,silver,raw,none,,,Uploaded from external drive D:\Data\imu on 2026-08-26. Building unknown; captured with IMU-enabled recorder (dca_realsense_recorder_imu.py). Resolve building in manifest per DATA_LAYOUT_PLAN sec 12.
session_2026-07-21_16-41-57,ds_buildingunknown_2026-07-20,imu,unknown,2026-07-21,gs://miamioh-resa-data/CapstoneData/raw/sessions/ds_buildingunknown_2026-07-20/session_2026-07-21_16-41-57/,,,silver,raw,none,,,Uploaded from external drive D:\Data\imu on 2026-08-26. Building unknown; captured with IMU-enabled recorder (dca_realsense_recorder_imu.py). Resolve building in manifest per DATA_LAYOUT_PLAN sec 12.
session_2026-07-21_16-42-12,ds_buildingunknown_2026-07-20,imu,unknown,2026-07-21,gs://miamioh-resa-data/CapstoneData/raw/sessions/ds_buildingunknown_2026-07-20/session_2026-07-21_16-42-12/,,,silver,raw,none,,,Uploaded from external drive D:\Data\imu on 2026-08-26. Building unknown; captured with IMU-enabled recorder (dca_realsense_recorder_imu.py). Resolve building in manifest per DATA_LAYOUT_PLAN sec 12.
session_2026-07-21_16-42-28,ds_buildingunknown_2026-07-20,imu,unknown,2026-07-21,gs://miamioh-resa-data/CapstoneData/raw/sessions/ds_buildingunknown_2026-07-20/session_2026-07-21_16-42-28/,,,silver,raw,none,,,Uploaded from external drive D:\Data\imu on 2026-08-26. Building unknown; captured with IMU-enabled recorder (dca_realsense_recorder_imu.py). Resolve building in manifest per DATA_LAYOUT_PLAN sec 12.
session_2026-07-21_16-42-43,ds_buildingunknown_2026-07-20,imu,unknown,2026-07-21,gs://miamioh-resa-data/CapstoneData/raw/sessions/ds_buildingunknown_2026-07-20/session_2026-07-21_16-42-43/,,,silver,raw,none,,,Uploaded from external drive D:\Data\imu on 2026-08-26. Building unknown; captured with IMU-enabled recorder (dca_realsense_recorder_imu.py). Resolve building in manifest per DATA_LAYOUT_PLAN sec 12.
session_2026-07-21_16-43-18,ds_buildingunknown_2026-07-20,imu,unknown,2026-07-21,gs://miamioh-resa-data/CapstoneData/raw/sessions/ds_buildingunknown_2026-07-20/session_2026-07-21_16-43-18/,,,silver,raw,none,,,Uploaded from external drive D:\Data\imu on 2026-08-26. Building unknown; captured with IMU-enabled recorder (dca_realsense_recorder_imu.py). Resolve building in manifest per DATA_LAYOUT_PLAN sec 12.
session_2026-07-21_16-43-34,ds_buildingunknown_2026-07-20,imu,unknown,2026-07-21,gs://miamioh-resa-data/CapstoneData/raw/sessions/ds_buildingunknown_2026-07-20/session_2026-07-21_16-43-34/,,,silver,raw,none,,,Uploaded from external drive D:\Data\imu on 2026-08-26. Building unknown; captured with IMU-enabled recorder (dca_realsense_recorder_imu.py). Resolve building in manifest per DATA_LAYOUT_PLAN sec 12.
session_2026-07-21_16-43-49,ds_buildingunknown_2026-07-20,imu,unknown,2026-07-21,gs://miamioh-resa-data/CapstoneData/raw/sessions/ds_buildingunknown_2026-07-20/session_2026-07-21_16-43-49/,,,silver,raw,none,,,Uploaded from external drive D:\Data\imu on 2026-08-26. Building unknown; captured with IMU-enabled recorder (dca_realsense_recorder_imu.py). Resolve building in manifest per DATA_LAYOUT_PLAN sec 12.
session_2026-07-21_16-44-05,ds_buildingunknown_2026-07-20,imu,unknown,2026-07-21,gs://miamioh-resa-data/CapstoneData/raw/sessions/ds_buildingunknown_2026-07-20/session_2026-07-21_16-44-05/,,,silver,raw,none,,,Uploaded from external drive D:\Data\imu on 2026-08-26. Building unknown; captured with IMU-enabled recorder (dca_realsense_recorder_imu.py). Resolve building in manifest per DATA_LAYOUT_PLAN sec 12.
session_2026-07-21_16-44-20,ds_buildingunknown_2026-07-20,imu,unknown,2026-07-21,gs://miamioh-resa-data/CapstoneData/raw/sessions/ds_buildingunknown_2026-07-20/session_2026-07-21_16-44-20/,,,silver,raw,none,,,Uploaded from external drive D:\Data\imu on 2026-08-26. Building unknown; captured with IMU-enabled recorder (dca_realsense_recorder_imu.py). Resolve building in manifest per DATA_LAYOUT_PLAN sec 12.
session_2026-07-21_16-44-36,ds_buildingunknown_2026-07-20,imu,unknown,2026-07-21,gs://miamioh-resa-data/CapstoneData/raw/sessions/ds_buildingunknown_2026-07-20/session_2026-07-21_16-44-36/,,,silver,raw,none,,,Uploaded from external drive D:\Data\imu on 2026-08-26. Building unknown; captured with IMU-enabled recorder (dca_realsense_recorder_imu.py). Resolve building in manifest per DATA_LAYOUT_PLAN sec 12.
session_2026-07-21_16-44-51,ds_buildingunknown_2026-07-20,imu,unknown,2026-07-21,gs://miamioh-resa-data/CapstoneData/raw/sessions/ds_buildingunknown_2026-07-20/session_2026-07-21_16-44-51/,,,silver,raw,none,,,Uploaded from external drive D:\Data\imu on 2026-08-26. Building unknown; captured with IMU-enabled recorder (dca_realsense_recorder_imu.py). Resolve building in manifest per DATA_LAYOUT_PLAN sec 12.
session_2026-07-21_16-45-07,ds_buildingunknown_2026-07-20,imu,unknown,2026-07-21,gs://miamioh-resa-data/CapstoneData/raw/sessions/ds_buildingunknown_2026-07-20/session_2026-07-21_16-45-07/,,,silver,raw,none,,,Uploaded from external drive D:\Data\imu on 2026-08-26. Building unknown; captured with IMU-enabled recorder (dca_realsense_recorder_imu.py). Resolve building in manifest per DATA_LAYOUT_PLAN sec 12.
session_2026-07-21_16-45-38,ds_buildingunknown_2026-07-20,imu,unknown,2026-07-21,gs://miamioh-resa-data/CapstoneData/raw/sessions/ds_buildingunknown_2026-07-20/session_2026-07-21_16-45-38/,,,silver,raw,none,,,Uploaded from external drive D:\Data\imu on 2026-08-26. Building unknown; captured with IMU-enabled recorder (dca_realsense_recorder_imu.py). Resolve building in manifest per DATA_LAYOUT_PLAN sec 12.
session_2026-07-21_16-45-54,ds_buildingunknown_2026-07-20,imu,unknown,2026-07-21,gs://miamioh-resa-data/CapstoneData/raw/sessions/ds_buildingunknown_2026-07-20/session_2026-07-21_16-45-54/,,,silver,raw,none,,,Uploaded from external drive D:\Data\imu on 2026-08-26. Building unknown; captured with IMU-enabled recorder (dca_realsense_recorder_imu.py). Resolve building in manifest per DATA_LAYOUT_PLAN sec 12.
session_2026-07-21_16-46-09,ds_buildingunknown_2026-07-20,imu,unknown,2026-07-21,gs://miamioh-resa-data/CapstoneData/raw/sessions/ds_buildingunknown_2026-07-20/session_2026-07-21_16-46-09/,,,silver,raw,none,,,Uploaded from external drive D:\Data\imu on 2026-08-26. Building unknown; captured with IMU-enabled recorder (dca_realsense_recorder_imu.py). Resolve building in manifest per DATA_LAYOUT_PLAN sec 12.
session_2026-07-21_16-46-25,ds_buildingunknown_2026-07-20,imu,unknown,2026-07-21,gs://miamioh-resa-data/CapstoneData/raw/sessions/ds_buildingunknown_2026-07-20/session_2026-07-21_16-46-25/,,,silver,raw,none,,,Uploaded from external drive D:\Data\imu on 2026-08-26. Building unknown; captured with IMU-enabled recorder (dca_realsense_recorder_imu.py). Resolve building in manifest per DATA_LAYOUT_PLAN sec 12.
session_2026-07-21_16-46-40,ds_buildingunknown_2026-07-20,imu,unknown,2026-07-21,gs://miamioh-resa-data/CapstoneData/raw/sessions/ds_buildingunknown_2026-07-20/session_2026-07-21_16-46-40/,,,silver,raw,none,,,Uploaded from external drive D:\Data\imu on 2026-08-26. Building unknown; captured with IMU-enabled recorder (dca_realsense_recorder_imu.py). Resolve building in manifest per DATA_LAYOUT_PLAN sec 12.
session_2026-07-21_16-46-56,ds_buildingunknown_2026-07-20,imu,unknown,2026-07-21,gs://miamioh-resa-data/CapstoneData/raw/sessions/ds_buildingunknown_2026-07-20/session_2026-07-21_16-46-56/,,,silver,raw,none,,,Uploaded from external drive D:\Data\imu on 2026-08-26. Building unknown; captured with IMU-enabled recorder (dca_realsense_recorder_imu.py). Resolve building in manifest per DATA_LAYOUT_PLAN sec 12.
session_2026-07-21_16-47-11,ds_buildingunknown_2026-07-20,imu,unknown,2026-07-21,gs://miamioh-resa-data/CapstoneData/raw/sessions/ds_buildingunknown_2026-07-20/session_2026-07-21_16-47-11/,,,silver,raw,none,,,Uploaded from external drive D:\Data\imu on 2026-08-26. Building unknown; captured with IMU-enabled recorder (dca_realsense_recorder_imu.py). Resolve building in manifest per DATA_LAYOUT_PLAN sec 12.
session_2026-07-21_16-47-27,ds_buildingunknown_2026-07-20,imu,unknown,2026-07-21,gs://miamioh-resa-data/CapstoneData/raw/sessions/ds_buildingunknown_2026-07-20/session_2026-07-21_16-47-27/,,,silver,raw,none,,,Uploaded from external drive D:\Data\imu on 2026-08-26. Building unknown; captured with IMU-enabled recorder (dca_realsense_recorder_imu.py). Resolve building in manifest per DATA_LAYOUT_PLAN sec 12.
session_2026-07-21_16-47-59,ds_buildingunknown_2026-07-20,imu,unknown,2026-07-21,gs://miamioh-resa-data/CapstoneData/raw/sessions/ds_buildingunknown_2026-07-20/session_2026-07-21_16-47-59/,,,silver,raw,none,,,Uploaded from external drive D:\Data\imu on 2026-08-26. Building unknown; captured with IMU-enabled recorder (dca_realsense_recorder_imu.py). Resolve building in manifest per DATA_LAYOUT_PLAN sec 12.
session_2026-07-21_16-48-15,ds_buildingunknown_2026-07-20,imu,unknown,2026-07-21,gs://miamioh-resa-data/CapstoneData/raw/sessions/ds_buildingunknown_2026-07-20/session_2026-07-21_16-48-15/,,,silver,raw,none,,,Uploaded from external drive D:\Data\imu on 2026-08-26. Building unknown; captured with IMU-enabled recorder (dca_realsense_recorder_imu.py). Resolve building in manifest per DATA_LAYOUT_PLAN sec 12.
session_2026-07-21_16-48-30,ds_buildingunknown_2026-07-20,imu,unknown,2026-07-21,gs://miamioh-resa-data/CapstoneData/raw/sessions/ds_buildingunknown_2026-07-20/session_2026-07-21_16-48-30/,,,silver,raw,none,,,Uploaded from external drive D:\Data\imu on 2026-08-26. Building unknown; captured with IMU-enabled recorder (dca_realsense_recorder_imu.py). Resolve building in manifest per DATA_LAYOUT_PLAN sec 12.
session_2026-07-21_16-48-46,ds_buildingunknown_2026-07-20,imu,unknown,2026-07-21,gs://miamioh-resa-data/CapstoneData/raw/sessions/ds_buildingunknown_2026-07-20/session_2026-07-21_16-48-46/,,,silver,raw,none,,,Uploaded from external drive D:\Data\imu on 2026-08-26. Building unknown; captured with IMU-enabled recorder (dca_realsense_recorder_imu.py). Resolve building in manifest per DATA_LAYOUT_PLAN sec 12.
session_2026-07-21_16-49-01,ds_buildingunknown_2026-07-20,imu,unknown,2026-07-21,gs://miamioh-resa-data/CapstoneData/raw/sessions/ds_buildingunknown_2026-07-20/session_2026-07-21_16-49-01/,,,silver,raw,none,,,Uploaded from external drive D:\Data\imu on 2026-08-26. Building unknown; captured with IMU-enabled recorder (dca_realsense_recorder_imu.py). Resolve building in manifest per DATA_LAYOUT_PLAN sec 12.
session_2026-07-21_16-49-17,ds_buildingunknown_2026-07-20,imu,unknown,2026-07-21,gs://miamioh-resa-data/CapstoneData/raw/sessions/ds_buildingunknown_2026-07-20/session_2026-07-21_16-49-17/,,,silver,raw,none,,,Uploaded from external drive D:\Data\imu on 2026-08-26. Building unknown; captured with IMU-enabled recorder (dca_realsense_recorder_imu.py). Resolve building in manifest per DATA_LAYOUT_PLAN sec 12.
session_2026-07-21_16-49-32,ds_buildingunknown_2026-07-20,imu,unknown,2026-07-21,gs://miamioh-resa-data/CapstoneData/raw/sessions/ds_buildingunknown_2026-07-20/session_2026-07-21_16-49-32/,,,silver,raw,none,,,Uploaded from external drive D:\Data\imu on 2026-08-26. Building unknown; captured with IMU-enabled recorder (dca_realsense_recorder_imu.py). Resolve building in manifest per DATA_LAYOUT_PLAN sec 12.
session_2026-07-21_16-49-48,ds_buildingunknown_2026-07-20,imu,unknown,2026-07-21,gs://miamioh-resa-data/CapstoneData/raw/sessions/ds_buildingunknown_2026-07-20/session_2026-07-21_16-49-48/,,,silver,raw,none,,,Uploaded from external drive D:\Data\imu on 2026-08-26. Building unknown; captured with IMU-enabled recorder (dca_realsense_recorder_imu.py). Resolve building in manifest per DATA_LAYOUT_PLAN sec 12.
session_2026-07-21_16-50-20,ds_buildingunknown_2026-07-20,imu,unknown,2026-07-21,gs://miamioh-resa-data/CapstoneData/raw/sessions/ds_buildingunknown_2026-07-20/session_2026-07-21_16-50-20/,,,silver,raw,none,,,Uploaded from external drive D:\Data\imu on 2026-08-26. Building unknown; captured with IMU-enabled recorder (dca_realsense_recorder_imu.py). Resolve building in manifest per DATA_LAYOUT_PLAN sec 12.
session_2026-07-21_16-50-36,ds_buildingunknown_2026-07-20,imu,unknown,2026-07-21,gs://miamioh-resa-data/CapstoneData/raw/sessions/ds_buildingunknown_2026-07-20/session_2026-07-21_16-50-36/,,,silver,raw,none,,,Uploaded from external drive D:\Data\imu on 2026-08-26. Building unknown; captured with IMU-enabled recorder (dca_realsense_recorder_imu.py). Resolve building in manifest per DATA_LAYOUT_PLAN sec 12.
session_2026-07-21_16-50-51,ds_buildingunknown_2026-07-20,imu,unknown,2026-07-21,gs://miamioh-resa-data/CapstoneData/raw/sessions/ds_buildingunknown_2026-07-20/session_2026-07-21_16-50-51/,,,silver,raw,none,,,Uploaded from external drive D:\Data\imu on 2026-08-26. Building unknown; captured with IMU-enabled recorder (dca_realsense_recorder_imu.py). Resolve building in manifest per DATA_LAYOUT_PLAN sec 12.
session_2026-07-21_16-51-07,ds_buildingunknown_2026-07-20,imu,unknown,2026-07-21,gs://miamioh-resa-data/CapstoneData/raw/sessions/ds_buildingunknown_2026-07-20/session_2026-07-21_16-51-07/,,,silver,raw,none,,,Uploaded from external drive D:\Data\imu on 2026-08-26. Building unknown; captured with IMU-enabled recorder (dca_realsense_recorder_imu.py). Resolve building in manifest per DATA_LAYOUT_PLAN sec 12.
session_2026-07-21_16-51-22,ds_buildingunknown_2026-07-20,imu,unknown,2026-07-21,gs://miamioh-resa-data/CapstoneData/raw/sessions/ds_buildingunknown_2026-07-20/session_2026-07-21_16-51-22/,,,silver,raw,none,,,Uploaded from external drive D:\Data\imu on 2026-08-26. Building unknown; captured with IMU-enabled recorder (dca_realsense_recorder_imu.py). Resolve building in manifest per DATA_LAYOUT_PLAN sec 12.
session_2026-07-21_16-51-38,ds_buildingunknown_2026-07-20,imu,unknown,2026-07-21,gs://miamioh-resa-data/CapstoneData/raw/sessions/ds_buildingunknown_2026-07-20/session_2026-07-21_16-51-38/,,,silver,raw,none,,,Uploaded from external drive D:\Data\imu on 2026-08-26. Building unknown; captured with IMU-enabled recorder (dca_realsense_recorder_imu.py). Resolve building in manifest per DATA_LAYOUT_PLAN sec 12.
session_2026-07-21_16-51-53,ds_buildingunknown_2026-07-20,imu,unknown,2026-07-21,gs://miamioh-resa-data/CapstoneData/raw/sessions/ds_buildingunknown_2026-07-20/session_2026-07-21_16-51-53/,,,silver,raw,none,,,Uploaded from external drive D:\Data\imu on 2026-08-26. Building unknown; captured with IMU-enabled recorder (dca_realsense_recorder_imu.py). Resolve building in manifest per DATA_LAYOUT_PLAN sec 12.
session_2026-07-21_16-52-09,ds_buildingunknown_2026-07-20,imu,unknown,2026-07-21,gs://miamioh-resa-data/CapstoneData/raw/sessions/ds_buildingunknown_2026-07-20/session_2026-07-21_16-52-09/,,,silver,raw,none,,,Uploaded from external drive D:\Data\imu on 2026-08-26. Building unknown; captured with IMU-enabled recorder (dca_realsense_recorder_imu.py). Resolve building in manifest per DATA_LAYOUT_PLAN sec 12.
session_2026-07-21_16-52-39,ds_buildingunknown_2026-07-20,imu,unknown,2026-07-21,gs://miamioh-resa-data/CapstoneData/raw/sessions/ds_buildingunknown_2026-07-20/session_2026-07-21_16-52-39/,,,silver,raw,none,,,Uploaded from external drive D:\Data\imu on 2026-08-26. Building unknown; captured with IMU-enabled recorder (dca_realsense_recorder_imu.py). Resolve building in manifest per DATA_LAYOUT_PLAN sec 12.
session_2026-07-21_16-52-54,ds_buildingunknown_2026-07-20,imu,unknown,2026-07-21,gs://miamioh-resa-data/CapstoneData/raw/sessions/ds_buildingunknown_2026-07-20/session_2026-07-21_16-52-54/,,,silver,raw,none,,,Uploaded from external drive D:\Data\imu on 2026-08-26. Building unknown; captured with IMU-enabled recorder (dca_realsense_recorder_imu.py). Resolve building in manifest per DATA_LAYOUT_PLAN sec 12.
session_2026-07-21_16-53-10,ds_buildingunknown_2026-07-20,imu,unknown,2026-07-21,gs://miamioh-resa-data/CapstoneData/raw/sessions/ds_buildingunknown_2026-07-20/session_2026-07-21_16-53-10/,,,silver,raw,none,,,Uploaded from external drive D:\Data\imu on 2026-08-26. Building unknown; captured with IMU-enabled recorder (dca_realsense_recorder_imu.py). Resolve building in manifest per DATA_LAYOUT_PLAN sec 12.
session_2026-07-21_16-53-25,ds_buildingunknown_2026-07-20,imu,unknown,2026-07-21,gs://miamioh-resa-data/CapstoneData/raw/sessions/ds_buildingunknown_2026-07-20/session_2026-07-21_16-53-25/,,,silver,raw,none,,,Uploaded from external drive D:\Data\imu on 2026-08-26. Building unknown; captured with IMU-enabled recorder (dca_realsense_recorder_imu.py). Resolve building in manifest per DATA_LAYOUT_PLAN sec 12.
session_2026-07-21_16-53-41,ds_buildingunknown_2026-07-20,imu,unknown,2026-07-21,gs://miamioh-resa-data/CapstoneData/raw/sessions/ds_buildingunknown_2026-07-20/session_2026-07-21_16-53-41/,,,silver,raw,none,,,Uploaded from external drive D:\Data\imu on 2026-08-26. Building unknown; captured with IMU-enabled recorder (dca_realsense_recorder_imu.py). Resolve building in manifest per DATA_LAYOUT_PLAN sec 12.
session_2026-07-21_16-53-56,ds_buildingunknown_2026-07-20,imu,unknown,2026-07-21,gs://miamioh-resa-data/CapstoneData/raw/sessions/ds_buildingunknown_2026-07-20/session_2026-07-21_16-53-56/,,,silver,raw,none,,,Uploaded from external drive D:\Data\imu on 2026-08-26. Building unknown; captured with IMU-enabled recorder (dca_realsense_recorder_imu.py). Resolve building in manifest per DATA_LAYOUT_PLAN sec 12.
session_2026-07-21_16-54-12,ds_buildingunknown_2026-07-20,imu,unknown,2026-07-21,gs://miamioh-resa-data/CapstoneData/raw/sessions/ds_buildingunknown_2026-07-20/session_2026-07-21_16-54-12/,,,silver,raw,none,,,Uploaded from external drive D:\Data\imu on 2026-08-26. Building unknown; captured with IMU-enabled recorder (dca_realsense_recorder_imu.py). Resolve building in manifest per DATA_LAYOUT_PLAN sec 12.
session_2026-07-21_16-54-28,ds_buildingunknown_2026-07-20,imu,unknown,2026-07-21,gs://miamioh-resa-data/CapstoneData/raw/sessions/ds_buildingunknown_2026-07-20/session_2026-07-21_16-54-28/,,,silver,raw,none,,,Uploaded from external drive D:\Data\imu on 2026-08-26. Building unknown; captured with IMU-enabled recorder (dca_realsense_recorder_imu.py). Resolve building in manifest per DATA_LAYOUT_PLAN sec 12.
session_2026-07-21_16-54-56,ds_buildingunknown_2026-07-20,imu,unknown,2026-07-21,gs://miamioh-resa-data/CapstoneData/raw/sessions/ds_buildingunknown_2026-07-20/session_2026-07-21_16-54-56/,,,silver,raw,none,,,Uploaded from external drive D:\Data\imu on 2026-08-26. Building unknown; captured with IMU-enabled recorder (dca_realsense_recorder_imu.py). Resolve building in manifest per DATA_LAYOUT_PLAN sec 12.
session_2026-07-21_16-55-12,ds_buildingunknown_2026-07-20,imu,unknown,2026-07-21,gs://miamioh-resa-data/CapstoneData/raw/sessions/ds_buildingunknown_2026-07-20/session_2026-07-21_16-55-12/,,,silver,raw,none,,,Uploaded from external drive D:\Data\imu on 2026-08-26. Building unknown; captured with IMU-enabled recorder (dca_realsense_recorder_imu.py). Resolve building in manifest per DATA_LAYOUT_PLAN sec 12.
session_2026-07-21_16-55-27,ds_buildingunknown_2026-07-20,imu,unknown,2026-07-21,gs://miamioh-resa-data/CapstoneData/raw/sessions/ds_buildingunknown_2026-07-20/session_2026-07-21_16-55-27/,,,silver,raw,none,,,Uploaded from external drive D:\Data\imu on 2026-08-26. Building unknown; captured with IMU-enabled recorder (dca_realsense_recorder_imu.py). Resolve building in manifest per DATA_LAYOUT_PLAN sec 12.
session_2026-07-21_16-55-43,ds_buildingunknown_2026-07-20,imu,unknown,2026-07-21,gs://miamioh-resa-data/CapstoneData/raw/sessions/ds_buildingunknown_2026-07-20/session_2026-07-21_16-55-43/,,,silver,raw,none,,,Uploaded from external drive D:\Data\imu on 2026-08-26. Building unknown; captured with IMU-enabled recorder (dca_realsense_recorder_imu.py). Resolve building in manifest per DATA_LAYOUT_PLAN sec 12.
session_2026-07-21_16-55-58,ds_buildingunknown_2026-07-20,imu,unknown,2026-07-21,gs://miamioh-resa-data/CapstoneData/raw/sessions/ds_buildingunknown_2026-07-20/session_2026-07-21_16-55-58/,,,silver,raw,none,,,Uploaded from external drive D:\Data\imu on 2026-08-26. Building unknown; captured with IMU-enabled recorder (dca_realsense_recorder_imu.py). Resolve building in manifest per DATA_LAYOUT_PLAN sec 12.
session_2026-07-21_16-56-14,ds_buildingunknown_2026-07-20,imu,unknown,2026-07-21,gs://miamioh-resa-data/CapstoneData/raw/sessions/ds_buildingunknown_2026-07-20/session_2026-07-21_16-56-14/,,,silver,raw,none,,,Uploaded from external drive D:\Data\imu on 2026-08-26. Building unknown; captured with IMU-enabled recorder (dca_realsense_recorder_imu.py). Resolve building in manifest per DATA_LAYOUT_PLAN sec 12.
session_2026-07-21_16-56-29,ds_buildingunknown_2026-07-20,imu,unknown,2026-07-21,gs://miamioh-resa-data/CapstoneData/raw/sessions/ds_buildingunknown_2026-07-20/session_2026-07-21_16-56-29/,,,silver,raw,none,,,Uploaded from external drive D:\Data\imu on 2026-08-26. Building unknown; captured with IMU-enabled recorder (dca_realsense_recorder_imu.py). Resolve building in manifest per DATA_LAYOUT_PLAN sec 12.
session_2026-07-21_16-56-45,ds_buildingunknown_2026-07-20,imu,unknown,2026-07-21,gs://miamioh-resa-data/CapstoneData/raw/sessions/ds_buildingunknown_2026-07-20/session_2026-07-21_16-56-45/,,,silver,raw,none,,,Uploaded from external drive D:\Data\imu on 2026-08-26. Building unknown; captured with IMU-enabled recorder (dca_realsense_recorder_imu.py). Resolve building in manifest per DATA_LAYOUT_PLAN sec 12.
session_2026-07-21_16-57-15,ds_buildingunknown_2026-07-20,imu,unknown,2026-07-21,gs://miamioh-resa-data/CapstoneData/raw/sessions/ds_buildingunknown_2026-07-20/session_2026-07-21_16-57-15/,,,silver,raw,none,,,Uploaded from external drive D:\Data\imu on 2026-08-26. Building unknown; captured with IMU-enabled recorder (dca_realsense_recorder_imu.py). Resolve building in manifest per DATA_LAYOUT_PLAN sec 12.
session_2026-07-21_16-57-31,ds_buildingunknown_2026-07-20,imu,unknown,2026-07-21,gs://miamioh-resa-data/CapstoneData/raw/sessions/ds_buildingunknown_2026-07-20/session_2026-07-21_16-57-31/,,,silver,raw,none,,,Uploaded from external drive D:\Data\imu on 2026-08-26. Building unknown; captured with IMU-enabled recorder (dca_realsense_recorder_imu.py). Resolve building in manifest per DATA_LAYOUT_PLAN sec 12.
session_2026-07-21_16-57-46,ds_buildingunknown_2026-07-20,imu,unknown,2026-07-21,gs://miamioh-resa-data/CapstoneData/raw/sessions/ds_buildingunknown_2026-07-20/session_2026-07-21_16-57-46/,,,silver,raw,none,,,Uploaded from external drive D:\Data\imu on 2026-08-26. Building unknown; captured with IMU-enabled recorder (dca_realsense_recorder_imu.py). Resolve building in manifest per DATA_LAYOUT_PLAN sec 12.
session_2026-07-21_16-58-02,ds_buildingunknown_2026-07-20,imu,unknown,2026-07-21,gs://miamioh-resa-data/CapstoneData/raw/sessions/ds_buildingunknown_2026-07-20/session_2026-07-21_16-58-02/,,,silver,raw,none,,,Uploaded from external drive D:\Data\imu on 2026-08-26. Building unknown; captured with IMU-enabled recorder (dca_realsense_recorder_imu.py). Resolve building in manifest per DATA_LAYOUT_PLAN sec 12.
session_2026-07-21_16-58-17,ds_buildingunknown_2026-07-20,imu,unknown,2026-07-21,gs://miamioh-resa-data/CapstoneData/raw/sessions/ds_buildingunknown_2026-07-20/session_2026-07-21_16-58-17/,,,silver,raw,none,,,Uploaded from external drive D:\Data\imu on 2026-08-26. Building unknown; captured with IMU-enabled recorder (dca_realsense_recorder_imu.py). Resolve building in manifest per DATA_LAYOUT_PLAN sec 12.
session_2026-07-21_16-58-33,ds_buildingunknown_2026-07-20,imu,unknown,2026-07-21,gs://miamioh-resa-data/CapstoneData/raw/sessions/ds_buildingunknown_2026-07-20/session_2026-07-21_16-58-33/,,,silver,raw,none,,,Uploaded from external drive D:\Data\imu on 2026-08-26. Building unknown; captured with IMU-enabled recorder (dca_realsense_recorder_imu.py). Resolve building in manifest per DATA_LAYOUT_PLAN sec 12.
session_2026-07-21_16-58-48,ds_buildingunknown_2026-07-20,imu,unknown,2026-07-21,gs://miamioh-resa-data/CapstoneData/raw/sessions/ds_buildingunknown_2026-07-20/session_2026-07-21_16-58-48/,,,silver,raw,none,,,Uploaded from external drive D:\Data\imu on 2026-08-26. Building unknown; captured with IMU-enabled recorder (dca_realsense_recorder_imu.py). Resolve building in manifest per DATA_LAYOUT_PLAN sec 12.
session_2026-07-21_16-59-04,ds_buildingunknown_2026-07-20,imu,unknown,2026-07-21,gs://miamioh-resa-data/CapstoneData/raw/sessions/ds_buildingunknown_2026-07-20/session_2026-07-21_16-59-04/,,,silver,raw,none,,,Uploaded from external drive D:\Data\imu on 2026-08-26. Building unknown; captured with IMU-enabled recorder (dca_realsense_recorder_imu.py). Resolve building in manifest per DATA_LAYOUT_PLAN sec 12.
session_2026-07-21_16-59-34,ds_buildingunknown_2026-07-20,imu,unknown,2026-07-21,gs://miamioh-resa-data/CapstoneData/raw/sessions/ds_buildingunknown_2026-07-20/session_2026-07-21_16-59-34/,,,silver,raw,none,,,Uploaded from external drive D:\Data\imu on 2026-08-26. Building unknown; captured with IMU-enabled recorder (dca_realsense_recorder_imu.py). Resolve building in manifest per DATA_LAYOUT_PLAN sec 12.
session_2026-07-21_16-59-49,ds_buildingunknown_2026-07-20,imu,unknown,2026-07-21,gs://miamioh-resa-data/CapstoneData/raw/sessions/ds_buildingunknown_2026-07-20/session_2026-07-21_16-59-49/,,,silver,raw,none,,,Uploaded from external drive D:\Data\imu on 2026-08-26. Building unknown; captured with IMU-enabled recorder (dca_realsense_recorder_imu.py). Resolve building in manifest per DATA_LAYOUT_PLAN sec 12.
session_2026-07-21_17-00-05,ds_buildingunknown_2026-07-20,imu,unknown,2026-07-21,gs://miamioh-resa-data/CapstoneData/raw/sessions/ds_buildingunknown_2026-07-20/session_2026-07-21_17-00-05/,,,silver,raw,none,,,Uploaded from external drive D:\Data\imu on 2026-08-26. Building unknown; captured with IMU-enabled recorder (dca_realsense_recorder_imu.py). Resolve building in manifest per DATA_LAYOUT_PLAN sec 12.
session_2026-07-21_17-00-20,ds_buildingunknown_2026-07-20,imu,unknown,2026-07-21,gs://miamioh-resa-data/CapstoneData/raw/sessions/ds_buildingunknown_2026-07-20/session_2026-07-21_17-00-20/,,,silver,raw,none,,,Uploaded from external drive D:\Data\imu on 2026-08-26. Building unknown; captured with IMU-enabled recorder (dca_realsense_recorder_imu.py). Resolve building in manifest per DATA_LAYOUT_PLAN sec 12.
session_2026-07-21_17-00-36,ds_buildingunknown_2026-07-20,imu,unknown,2026-07-21,gs://miamioh-resa-data/CapstoneData/raw/sessions/ds_buildingunknown_2026-07-20/session_2026-07-21_17-00-36/,,,silver,raw,none,,,Uploaded from external drive D:\Data\imu on 2026-08-26. Building unknown; captured with IMU-enabled recorder (dca_realsense_recorder_imu.py). Resolve building in manifest per DATA_LAYOUT_PLAN sec 12.
session_2026-07-21_17-00-51,ds_buildingunknown_2026-07-20,imu,unknown,2026-07-21,gs://miamioh-resa-data/CapstoneData/raw/sessions/ds_buildingunknown_2026-07-20/session_2026-07-21_17-00-51/,,,silver,raw,none,,,Uploaded from external drive D:\Data\imu on 2026-08-26. Building unknown; captured with IMU-enabled recorder (dca_realsense_recorder_imu.py). Resolve building in manifest per DATA_LAYOUT_PLAN sec 12.
session_2026-07-21_17-01-07,ds_buildingunknown_2026-07-20,imu,unknown,2026-07-21,gs://miamioh-resa-data/CapstoneData/raw/sessions/ds_buildingunknown_2026-07-20/session_2026-07-21_17-01-07/,,,silver,raw,none,,,Uploaded from external drive D:\Data\imu on 2026-08-26. Building unknown; captured with IMU-enabled recorder (dca_realsense_recorder_imu.py). Resolve building in manifest per DATA_LAYOUT_PLAN sec 12.
session_2026-07-21_17-01-22,ds_buildingunknown_2026-07-20,imu,unknown,2026-07-21,gs://miamioh-resa-data/CapstoneData/raw/sessions/ds_buildingunknown_2026-07-20/session_2026-07-21_17-01-22/,,,silver,raw,none,,,Uploaded from external drive D:\Data\imu on 2026-08-26. Building unknown; captured with IMU-enabled recorder (dca_realsense_recorder_imu.py). Resolve building in manifest per DATA_LAYOUT_PLAN sec 12.
session_2026-07-21_17-01-52,ds_buildingunknown_2026-07-20,imu,unknown,2026-07-21,gs://miamioh-resa-data/CapstoneData/raw/sessions/ds_buildingunknown_2026-07-20/session_2026-07-21_17-01-52/,,,silver,raw,none,,,Uploaded from external drive D:\Data\imu on 2026-08-26. Building unknown; captured with IMU-enabled recorder (dca_realsense_recorder_imu.py). Resolve building in manifest per DATA_LAYOUT_PLAN sec 12.
session_2026-07-21_17-02-08,ds_buildingunknown_2026-07-20,imu,unknown,2026-07-21,gs://miamioh-resa-data/CapstoneData/raw/sessions/ds_buildingunknown_2026-07-20/session_2026-07-21_17-02-08/,,,silver,raw,none,,,Uploaded from external drive D:\Data\imu on 2026-08-26. Building unknown; captured with IMU-enabled recorder (dca_realsense_recorder_imu.py). Resolve building in manifest per DATA_LAYOUT_PLAN sec 12.
session_2026-07-21_17-02-23,ds_buildingunknown_2026-07-20,imu,unknown,2026-07-21,gs://miamioh-resa-data/CapstoneData/raw/sessions/ds_buildingunknown_2026-07-20/session_2026-07-21_17-02-23/,,,silver,raw,none,,,Uploaded from external drive D:\Data\imu on 2026-08-26. Building unknown; captured with IMU-enabled recorder (dca_realsense_recorder_imu.py). Resolve building in manifest per DATA_LAYOUT_PLAN sec 12.
session_2026-07-21_17-02-39,ds_buildingunknown_2026-07-20,imu,unknown,2026-07-21,gs://miamioh-resa-data/CapstoneData/raw/sessions/ds_buildingunknown_2026-07-20/session_2026-07-21_17-02-39/,,,silver,raw,none,,,Uploaded from external drive D:\Data\imu on 2026-08-26. Building unknown; captured with IMU-enabled recorder (dca_realsense_recorder_imu.py). Resolve building in manifest per DATA_LAYOUT_PLAN sec 12.
session_2026-07-21_17-02-54,ds_buildingunknown_2026-07-20,imu,unknown,2026-07-21,gs://miamioh-resa-data/CapstoneData/raw/sessions/ds_buildingunknown_2026-07-20/session_2026-07-21_17-02-54/,,,silver,raw,none,,,Uploaded from external drive D:\Data\imu on 2026-08-26. Building unknown; captured with IMU-enabled recorder (dca_realsense_recorder_imu.py). Resolve building in manifest per DATA_LAYOUT_PLAN sec 12.
session_2026-07-21_17-03-10,ds_buildingunknown_2026-07-20,imu,unknown,2026-07-21,gs://miamioh-resa-data/CapstoneData/raw/sessions/ds_buildingunknown_2026-07-20/session_2026-07-21_17-03-10/,,,silver,raw,none,,,Uploaded from external drive D:\Data\imu on 2026-08-26. Building unknown; captured with IMU-enabled recorder (dca_realsense_recorder_imu.py). Resolve building in manifest per DATA_LAYOUT_PLAN sec 12.
session_2026-07-21_17-03-25,ds_buildingunknown_2026-07-20,imu,unknown,2026-07-21,gs://miamioh-resa-data/CapstoneData/raw/sessions/ds_buildingunknown_2026-07-20/session_2026-07-21_17-03-25/,,,silver,raw,none,,,Uploaded from external drive D:\Data\imu on 2026-08-26. Building unknown; captured with IMU-enabled recorder (dca_realsense_recorder_imu.py). Resolve building in manifest per DATA_LAYOUT_PLAN sec 12.
session_2026-07-21_17-03-41,ds_buildingunknown_2026-07-20,imu,unknown,2026-07-21,gs://miamioh-resa-data/CapstoneData/raw/sessions/ds_buildingunknown_2026-07-20/session_2026-07-21_17-03-41/,,,silver,raw,none,,,Uploaded from external drive D:\Data\imu on 2026-08-26. Building unknown; captured with IMU-enabled recorder (dca_realsense_recorder_imu.py). Resolve building in manifest per DATA_LAYOUT_PLAN sec 12.
session_2026-07-21_17-04-15,ds_buildingunknown_2026-07-20,imu,unknown,2026-07-21,gs://miamioh-resa-data/CapstoneData/raw/sessions/ds_buildingunknown_2026-07-20/session_2026-07-21_17-04-15/,,,silver,raw,none,,,Uploaded from external drive D:\Data\imu on 2026-08-26. Building unknown; captured with IMU-enabled recorder (dca_realsense_recorder_imu.py). Resolve building in manifest per DATA_LAYOUT_PLAN sec 12.
session_2026-07-21_17-04-31,ds_buildingunknown_2026-07-20,imu,unknown,2026-07-21,gs://miamioh-resa-data/CapstoneData/raw/sessions/ds_buildingunknown_2026-07-20/session_2026-07-21_17-04-31/,,,silver,raw,none,,,Uploaded from external drive D:\Data\imu on 2026-08-26. Building unknown; captured with IMU-enabled recorder (dca_realsense_recorder_imu.py). Resolve building in manifest per DATA_LAYOUT_PLAN sec 12.
session_2026-07-21_17-04-46,ds_buildingunknown_2026-07-20,imu,unknown,2026-07-21,gs://miamioh-resa-data/CapstoneData/raw/sessions/ds_buildingunknown_2026-07-20/session_2026-07-21_17-04-46/,,,silver,raw,none,,,Uploaded from external drive D:\Data\imu on 2026-08-26. Building unknown; captured with IMU-enabled recorder (dca_realsense_recorder_imu.py). Resolve building in manifest per DATA_LAYOUT_PLAN sec 12.
session_2026-07-21_17-05-02,ds_buildingunknown_2026-07-20,imu,unknown,2026-07-21,gs://miamioh-resa-data/CapstoneData/raw/sessions/ds_buildingunknown_2026-07-20/session_2026-07-21_17-05-02/,,,silver,raw,none,,,Uploaded from external drive D:\Data\imu on 2026-08-26. Building unknown; captured with IMU-enabled recorder (dca_realsense_recorder_imu.py). Resolve building in manifest per DATA_LAYOUT_PLAN sec 12.
session_2026-07-21_17-05-17,ds_buildingunknown_2026-07-20,imu,unknown,2026-07-21,gs://miamioh-resa-data/CapstoneData/raw/sessions/ds_buildingunknown_2026-07-20/session_2026-07-21_17-05-17/,,,silver,raw,none,,,Uploaded from external drive D:\Data\imu on 2026-08-26. Building unknown; captured with IMU-enabled recorder (dca_realsense_recorder_imu.py). Resolve building in manifest per DATA_LAYOUT_PLAN sec 12.
session_2026-07-21_17-05-33,ds_buildingunknown_2026-07-20,imu,unknown,2026-07-21,gs://miamioh-resa-data/CapstoneData/raw/sessions/ds_buildingunknown_2026-07-20/session_2026-07-21_17-05-33/,,,silver,raw,none,,,Uploaded from external drive D:\Data\imu on 2026-08-26. Building unknown; captured with IMU-enabled recorder (dca_realsense_recorder_imu.py). Resolve building in manifest per DATA_LAYOUT_PLAN sec 12.
session_2026-07-21_17-05-48,ds_buildingunknown_2026-07-20,imu,unknown,2026-07-21,gs://miamioh-resa-data/CapstoneData/raw/sessions/ds_buildingunknown_2026-07-20/session_2026-07-21_17-05-48/,,,silver,raw,none,,,Uploaded from external drive D:\Data\imu on 2026-08-26. Building unknown; captured with IMU-enabled recorder (dca_realsense_recorder_imu.py). Resolve building in manifest per DATA_LAYOUT_PLAN sec 12.
session_2026-07-21_17-06-04,ds_buildingunknown_2026-07-20,imu,unknown,2026-07-21,gs://miamioh-resa-data/CapstoneData/raw/sessions/ds_buildingunknown_2026-07-20/session_2026-07-21_17-06-04/,,,silver,raw,none,,,Uploaded from external drive D:\Data\imu on 2026-08-26. Building unknown; captured with IMU-enabled recorder (dca_realsense_recorder_imu.py). Resolve building in manifest per DATA_LAYOUT_PLAN sec 12.
session_2026-07-21_17-06-55,ds_buildingunknown_2026-07-20,imu,unknown,2026-07-21,gs://miamioh-resa-data/CapstoneData/raw/sessions/ds_buildingunknown_2026-07-20/session_2026-07-21_17-06-55/,,,silver,raw,none,,,Uploaded from external drive D:\Data\imu on 2026-08-26. Building unknown; captured with IMU-enabled recorder (dca_realsense_recorder_imu.py). Resolve building in manifest per DATA_LAYOUT_PLAN sec 12.
session_2026-07-21_17-07-10,ds_buildingunknown_2026-07-20,imu,unknown,2026-07-21,gs://miamioh-resa-data/CapstoneData/raw/sessions/ds_buildingunknown_2026-07-20/session_2026-07-21_17-07-10/,,,silver,raw,none,,,Uploaded from external drive D:\Data\imu on 2026-08-26. Building unknown; captured with IMU-enabled recorder (dca_realsense_recorder_imu.py). Resolve building in manifest per DATA_LAYOUT_PLAN sec 12.
session_2026-07-21_17-07-26,ds_buildingunknown_2026-07-20,imu,unknown,2026-07-21,gs://miamioh-resa-data/CapstoneData/raw/sessions/ds_buildingunknown_2026-07-20/session_2026-07-21_17-07-26/,,,silver,raw,none,,,Uploaded from external drive D:\Data\imu on 2026-08-26. Building unknown; captured with IMU-enabled recorder (dca_realsense_recorder_imu.py). Resolve building in manifest per DATA_LAYOUT_PLAN sec 12.
session_2026-07-21_17-07-41,ds_buildingunknown_2026-07-20,imu,unknown,2026-07-21,gs://miamioh-resa-data/CapstoneData/raw/sessions/ds_buildingunknown_2026-07-20/session_2026-07-21_17-07-41/,,,silver,raw,none,,,Uploaded from external drive D:\Data\imu on 2026-08-26. Building unknown; captured with IMU-enabled recorder (dca_realsense_recorder_imu.py). Resolve building in manifest per DATA_LAYOUT_PLAN sec 12.
session_2026-07-21_17-07-58,ds_buildingunknown_2026-07-20,imu,unknown,2026-07-21,gs://miamioh-resa-data/CapstoneData/raw/sessions/ds_buildingunknown_2026-07-20/session_2026-07-21_17-07-58/,,,silver,raw,none,,,Uploaded from external drive D:\Data\imu on 2026-08-26. Building unknown; captured with IMU-enabled recorder (dca_realsense_recorder_imu.py). Resolve building in manifest per DATA_LAYOUT_PLAN sec 12.
session_2026-07-21_17-08-13,ds_buildingunknown_2026-07-20,imu,unknown,2026-07-21,gs://miamioh-resa-data/CapstoneData/raw/sessions/ds_buildingunknown_2026-07-20/session_2026-07-21_17-08-13/,,,silver,raw,none,,,Uploaded from external drive D:\Data\imu on 2026-08-26. Building unknown; captured with IMU-enabled recorder (dca_realsense_recorder_imu.py). Resolve building in manifest per DATA_LAYOUT_PLAN sec 12.
session_2026-07-21_17-08-29,ds_buildingunknown_2026-07-20,imu,unknown,2026-07-21,gs://miamioh-resa-data/CapstoneData/raw/sessions/ds_buildingunknown_2026-07-20/session_2026-07-21_17-08-29/,,,silver,raw,none,,,Uploaded from external drive D:\Data\imu on 2026-08-26. Building unknown; captured with IMU-enabled recorder (dca_realsense_recorder_imu.py). Resolve building in manifest per DATA_LAYOUT_PLAN sec 12.
session_2026-07-21_17-08-44,ds_buildingunknown_2026-07-20,imu,unknown,2026-07-21,gs://miamioh-resa-data/CapstoneData/raw/sessions/ds_buildingunknown_2026-07-20/session_2026-07-21_17-08-44/,,,silver,raw,none,,,Uploaded from external drive D:\Data\imu on 2026-08-26. Building unknown; captured with IMU-enabled recorder (dca_realsense_recorder_imu.py). Resolve building in manifest per DATA_LAYOUT_PLAN sec 12.
session_2026-07-21_17-09-14,ds_buildingunknown_2026-07-20,imu,unknown,2026-07-21,gs://miamioh-resa-data/CapstoneData/raw/sessions/ds_buildingunknown_2026-07-20/session_2026-07-21_17-09-14/,,,silver,raw,none,,,Uploaded from external drive D:\Data\imu on 2026-08-26. Building unknown; captured with IMU-enabled recorder (dca_realsense_recorder_imu.py). Resolve building in manifest per DATA_LAYOUT_PLAN sec 12.
session_2026-07-21_17-09-29,ds_buildingunknown_2026-07-20,imu,unknown,2026-07-21,gs://miamioh-resa-data/CapstoneData/raw/sessions/ds_buildingunknown_2026-07-20/session_2026-07-21_17-09-29/,,,silver,raw,none,,,Uploaded from external drive D:\Data\imu on 2026-08-26. Building unknown; captured with IMU-enabled recorder (dca_realsense_recorder_imu.py). Resolve building in manifest per DATA_LAYOUT_PLAN sec 12.
session_2026-07-21_17-09-45,ds_buildingunknown_2026-07-20,imu,unknown,2026-07-21,gs://miamioh-resa-data/CapstoneData/raw/sessions/ds_buildingunknown_2026-07-20/session_2026-07-21_17-09-45/,,,silver,raw,none,,,Uploaded from external drive D:\Data\imu on 2026-08-26. Building unknown; captured with IMU-enabled recorder (dca_realsense_recorder_imu.py). Resolve building in manifest per DATA_LAYOUT_PLAN sec 12.
session_2026-07-21_17-10-00,ds_buildingunknown_2026-07-20,imu,unknown,2026-07-21,gs://miamioh-resa-data/CapstoneData/raw/sessions/ds_buildingunknown_2026-07-20/session_2026-07-21_17-10-00/,,,silver,raw,none,,,Uploaded from external drive D:\Data\imu on 2026-08-26. Building unknown; captured with IMU-enabled recorder (dca_realsense_recorder_imu.py). Resolve building in manifest per DATA_LAYOUT_PLAN sec 12.
session_2026-07-21_17-10-16,ds_buildingunknown_2026-07-20,imu,unknown,2026-07-21,gs://miamioh-resa-data/CapstoneData/raw/sessions/ds_buildingunknown_2026-07-20/session_2026-07-21_17-10-16/,,,silver,raw,none,,,Uploaded from external drive D:\Data\imu on 2026-08-26. Building unknown; captured with IMU-enabled recorder (dca_realsense_recorder_imu.py). Resolve building in manifest per DATA_LAYOUT_PLAN sec 12.
session_2026-07-21_17-10-31,ds_buildingunknown_2026-07-20,imu,unknown,2026-07-21,gs://miamioh-resa-data/CapstoneData/raw/sessions/ds_buildingunknown_2026-07-20/session_2026-07-21_17-10-31/,,,silver,raw,none,,,Uploaded from external drive D:\Data\imu on 2026-08-26. Building unknown; captured with IMU-enabled recorder (dca_realsense_recorder_imu.py). Resolve building in manifest per DATA_LAYOUT_PLAN sec 12.
session_2026-07-21_17-10-47,ds_buildingunknown_2026-07-20,imu,unknown,2026-07-21,gs://miamioh-resa-data/CapstoneData/raw/sessions/ds_buildingunknown_2026-07-20/session_2026-07-21_17-10-47/,,,silver,raw,none,,,Uploaded from external drive D:\Data\imu on 2026-08-26. Building unknown; captured with IMU-enabled recorder (dca_realsense_recorder_imu.py). Resolve building in manifest per DATA_LAYOUT_PLAN sec 12.
session_2026-07-21_17-11-02,ds_buildingunknown_2026-07-20,imu,unknown,2026-07-21,gs://miamioh-resa-data/CapstoneData/raw/sessions/ds_buildingunknown_2026-07-20/session_2026-07-21_17-11-02/,,,silver,raw,none,,,Uploaded from external drive D:\Data\imu on 2026-08-26. Building unknown; captured with IMU-enabled recorder (dca_realsense_recorder_imu.py). Resolve building in manifest per DATA_LAYOUT_PLAN sec 12.
session_2026-07-21_17-11-49,ds_buildingunknown_2026-07-20,imu,unknown,2026-07-21,gs://miamioh-resa-data/CapstoneData/raw/sessions/ds_buildingunknown_2026-07-20/session_2026-07-21_17-11-49/,,,silver,raw,none,,,Uploaded from external drive D:\Data\imu on 2026-08-26. Building unknown; captured with IMU-enabled recorder (dca_realsense_recorder_imu.py). Resolve building in manifest per DATA_LAYOUT_PLAN sec 12.
session_2026-07-21_17-12-05,ds_buildingunknown_2026-07-20,imu,unknown,2026-07-21,gs://miamioh-resa-data/CapstoneData/raw/sessions/ds_buildingunknown_2026-07-20/session_2026-07-21_17-12-05/,,,silver,raw,none,,,Uploaded from external drive D:\Data\imu on 2026-08-26. Building unknown; captured with IMU-enabled recorder (dca_realsense_recorder_imu.py). Resolve building in manifest per DATA_LAYOUT_PLAN sec 12.
session_2026-07-21_17-12-20,ds_buildingunknown_2026-07-20,imu,unknown,2026-07-21,gs://miamioh-resa-data/CapstoneData/raw/sessions/ds_buildingunknown_2026-07-20/session_2026-07-21_17-12-20/,,,silver,raw,none,,,Uploaded from external drive D:\Data\imu on 2026-08-26. Building unknown; captured with IMU-enabled recorder (dca_realsense_recorder_imu.py). Resolve building in manifest per DATA_LAYOUT_PLAN sec 12.
session_2026-07-21_17-12-36,ds_buildingunknown_2026-07-20,imu,unknown,2026-07-21,gs://miamioh-resa-data/CapstoneData/raw/sessions/ds_buildingunknown_2026-07-20/session_2026-07-21_17-12-36/,,,silver,raw,none,,,Uploaded from external drive D:\Data\imu on 2026-08-26. Building unknown; captured with IMU-enabled recorder (dca_realsense_recorder_imu.py). Resolve building in manifest per DATA_LAYOUT_PLAN sec 12.
session_2026-07-21_17-12-51,ds_buildingunknown_2026-07-20,imu,unknown,2026-07-21,gs://miamioh-resa-data/CapstoneData/raw/sessions/ds_buildingunknown_2026-07-20/session_2026-07-21_17-12-51/,,,silver,raw,none,,,Uploaded from external drive D:\Data\imu on 2026-08-26. Building unknown; captured with IMU-enabled recorder (dca_realsense_recorder_imu.py). Resolve building in manifest per DATA_LAYOUT_PLAN sec 12.
session_2026-07-21_17-13-07,ds_buildingunknown_2026-07-20,imu,unknown,2026-07-21,gs://miamioh-resa-data/CapstoneData/raw/sessions/ds_buildingunknown_2026-07-20/session_2026-07-21_17-13-07/,,,silver,raw,none,,,Uploaded from external drive D:\Data\imu on 2026-08-26. Building unknown; captured with IMU-enabled recorder (dca_realsense_recorder_imu.py). Resolve building in manifest per DATA_LAYOUT_PLAN sec 12.
session_2026-07-21_17-13-22,ds_buildingunknown_2026-07-20,imu,unknown,2026-07-21,gs://miamioh-resa-data/CapstoneData/raw/sessions/ds_buildingunknown_2026-07-20/session_2026-07-21_17-13-22/,,,silver,raw,none,,,Uploaded from external drive D:\Data\imu on 2026-08-26. Building unknown; captured with IMU-enabled recorder (dca_realsense_recorder_imu.py). Resolve building in manifest per DATA_LAYOUT_PLAN sec 12.
session_2026-07-21_17-13-38,ds_buildingunknown_2026-07-20,imu,unknown,2026-07-21,gs://miamioh-resa-data/CapstoneData/raw/sessions/ds_buildingunknown_2026-07-20/session_2026-07-21_17-13-38/,,,silver,raw,none,,,Uploaded from external drive D:\Data\imu on 2026-08-26. Building unknown; captured with IMU-enabled recorder (dca_realsense_recorder_imu.py). Resolve building in manifest per DATA_LAYOUT_PLAN sec 12.
session_2026-07-21_17-14-08,ds_buildingunknown_2026-07-20,imu,unknown,2026-07-21,gs://miamioh-resa-data/CapstoneData/raw/sessions/ds_buildingunknown_2026-07-20/session_2026-07-21_17-14-08/,,,silver,raw,none,,,Uploaded from external drive D:\Data\imu on 2026-08-26. Building unknown; captured with IMU-enabled recorder (dca_realsense_recorder_imu.py). Resolve building in manifest per DATA_LAYOUT_PLAN sec 12.
session_2026-07-21_17-14-24,ds_buildingunknown_2026-07-20,imu,unknown,2026-07-21,gs://miamioh-resa-data/CapstoneData/raw/sessions/ds_buildingunknown_2026-07-20/session_2026-07-21_17-14-24/,,,silver,raw,none,,,Uploaded from external drive D:\Data\imu on 2026-08-26. Building unknown; captured with IMU-enabled recorder (dca_realsense_recorder_imu.py). Resolve building in manifest per DATA_LAYOUT_PLAN sec 12.
session_2026-07-21_17-14-39,ds_buildingunknown_2026-07-20,imu,unknown,2026-07-21,gs://miamioh-resa-data/CapstoneData/raw/sessions/ds_buildingunknown_2026-07-20/session_2026-07-21_17-14-39/,,,silver,raw,none,,,Uploaded from external drive D:\Data\imu on 2026-08-26. Building unknown; captured with IMU-enabled recorder (dca_realsense_recorder_imu.py). Resolve building in manifest per DATA_LAYOUT_PLAN sec 12.
session_2026-07-21_17-14-55,ds_buildingunknown_2026-07-20,imu,unknown,2026-07-21,gs://miamioh-resa-data/CapstoneData/raw/sessions/ds_buildingunknown_2026-07-20/session_2026-07-21_17-14-55/,,,silver,raw,none,,,Uploaded from external drive D:\Data\imu on 2026-08-26. Building unknown; captured with IMU-enabled recorder (dca_realsense_recorder_imu.py). Resolve building in manifest per DATA_LAYOUT_PLAN sec 12.
session_2026-07-21_17-15-10,ds_buildingunknown_2026-07-20,imu,unknown,2026-07-21,gs://miamioh-resa-data/CapstoneData/raw/sessions/ds_buildingunknown_2026-07-20/session_2026-07-21_17-15-10/,,,silver,raw,none,,,Uploaded from external drive D:\Data\imu on 2026-08-26. Building unknown; captured with IMU-enabled recorder (dca_realsense_recorder_imu.py). Resolve building in manifest per DATA_LAYOUT_PLAN sec 12.
session_2026-07-21_17-15-26,ds_buildingunknown_2026-07-20,imu,unknown,2026-07-21,gs://miamioh-resa-data/CapstoneData/raw/sessions/ds_buildingunknown_2026-07-20/session_2026-07-21_17-15-26/,,,silver,raw,none,,,Uploaded from external drive D:\Data\imu on 2026-08-26. Building unknown; captured with IMU-enabled recorder (dca_realsense_recorder_imu.py). Resolve building in manifest per DATA_LAYOUT_PLAN sec 12.
session_2026-07-21_17-15-41,ds_buildingunknown_2026-07-20,imu,unknown,2026-07-21,gs://miamioh-resa-data/CapstoneData/raw/sessions/ds_buildingunknown_2026-07-20/session_2026-07-21_17-15-41/,,,silver,raw,none,,,Uploaded from external drive D:\Data\imu on 2026-08-26. Building unknown; captured with IMU-enabled recorder (dca_realsense_recorder_imu.py). Resolve building in manifest per DATA_LAYOUT_PLAN sec 12.
session_2026-07-21_17-15-57,ds_buildingunknown_2026-07-20,imu,unknown,2026-07-21,gs://miamioh-resa-data/CapstoneData/raw/sessions/ds_buildingunknown_2026-07-20/session_2026-07-21_17-15-57/,,,silver,raw,none,,,Uploaded from external drive D:\Data\imu on 2026-08-26. Building unknown; captured with IMU-enabled recorder (dca_realsense_recorder_imu.py). Resolve building in manifest per DATA_LAYOUT_PLAN sec 12.
session_2026-07-21_17-16-26,ds_buildingunknown_2026-07-20,imu,unknown,2026-07-21,gs://miamioh-resa-data/CapstoneData/raw/sessions/ds_buildingunknown_2026-07-20/session_2026-07-21_17-16-26/,,,silver,raw,none,,,Uploaded from external drive D:\Data\imu on 2026-08-26. Building unknown; captured with IMU-enabled recorder (dca_realsense_recorder_imu.py). Resolve building in manifest per DATA_LAYOUT_PLAN sec 12.
session_2026-07-21_17-16-42,ds_buildingunknown_2026-07-20,imu,unknown,2026-07-21,gs://miamioh-resa-data/CapstoneData/raw/sessions/ds_buildingunknown_2026-07-20/session_2026-07-21_17-16-42/,,,silver,raw,none,,,Uploaded from external drive D:\Data\imu on 2026-08-26. Building unknown; captured with IMU-enabled recorder (dca_realsense_recorder_imu.py). Resolve building in manifest per DATA_LAYOUT_PLAN sec 12.
session_2026-07-21_17-16-57,ds_buildingunknown_2026-07-20,imu,unknown,2026-07-21,gs://miamioh-resa-data/CapstoneData/raw/sessions/ds_buildingunknown_2026-07-20/session_2026-07-21_17-16-57/,,,silver,raw,none,,,Uploaded from external drive D:\Data\imu on 2026-08-26. Building unknown; captured with IMU-enabled recorder (dca_realsense_recorder_imu.py). Resolve building in manifest per DATA_LAYOUT_PLAN sec 12.
session_2026-07-21_17-17-13,ds_buildingunknown_2026-07-20,imu,unknown,2026-07-21,gs://miamioh-resa-data/CapstoneData/raw/sessions/ds_buildingunknown_2026-07-20/session_2026-07-21_17-17-13/,,,silver,raw,none,,,Uploaded from external drive D:\Data\imu on 2026-08-26. Building unknown; captured with IMU-enabled recorder (dca_realsense_recorder_imu.py). Resolve building in manifest per DATA_LAYOUT_PLAN sec 12.
session_2026-07-21_17-17-28,ds_buildingunknown_2026-07-20,imu,unknown,2026-07-21,gs://miamioh-resa-data/CapstoneData/raw/sessions/ds_buildingunknown_2026-07-20/session_2026-07-21_17-17-28/,,,silver,raw,none,,,Uploaded from external drive D:\Data\imu on 2026-08-26. Building unknown; captured with IMU-enabled recorder (dca_realsense_recorder_imu.py). Resolve building in manifest per DATA_LAYOUT_PLAN sec 12.
session_2026-07-21_17-17-44,ds_buildingunknown_2026-07-20,imu,unknown,2026-07-21,gs://miamioh-resa-data/CapstoneData/raw/sessions/ds_buildingunknown_2026-07-20/session_2026-07-21_17-17-44/,,,silver,raw,none,,,Uploaded from external drive D:\Data\imu on 2026-08-26. Building unknown; captured with IMU-enabled recorder (dca_realsense_recorder_imu.py). Resolve building in manifest per DATA_LAYOUT_PLAN sec 12.
session_2026-07-21_17-17-59,ds_buildingunknown_2026-07-20,imu,unknown,2026-07-21,gs://miamioh-resa-data/CapstoneData/raw/sessions/ds_buildingunknown_2026-07-20/session_2026-07-21_17-17-59/,,,silver,raw,none,,,Uploaded from external drive D:\Data\imu on 2026-08-26. Building unknown; captured with IMU-enabled recorder (dca_realsense_recorder_imu.py). Resolve building in manifest per DATA_LAYOUT_PLAN sec 12.
session_2026-07-21_17-18-15,ds_buildingunknown_2026-07-20,imu,unknown,2026-07-21,gs://miamioh-resa-data/CapstoneData/raw/sessions/ds_buildingunknown_2026-07-20/session_2026-07-21_17-18-15/,,,silver,raw,none,,,Uploaded from external drive D:\Data\imu on 2026-08-26. Building unknown; captured with IMU-enabled recorder (dca_realsense_recorder_imu.py). Resolve building in manifest per DATA_LAYOUT_PLAN sec 12.
session_2026-07-21_17-18-46,ds_buildingunknown_2026-07-20,imu,unknown,2026-07-21,gs://miamioh-resa-data/CapstoneData/raw/sessions/ds_buildingunknown_2026-07-20/session_2026-07-21_17-18-46/,,,silver,raw,none,,,Uploaded from external drive D:\Data\imu on 2026-08-26. Building unknown; captured with IMU-enabled recorder (dca_realsense_recorder_imu.py). Resolve building in manifest per DATA_LAYOUT_PLAN sec 12.
session_2026-07-21_17-19-01,ds_buildingunknown_2026-07-20,imu,unknown,2026-07-21,gs://miamioh-resa-data/CapstoneData/raw/sessions/ds_buildingunknown_2026-07-20/session_2026-07-21_17-19-01/,,,silver,raw,none,,,Uploaded from external drive D:\Data\imu on 2026-08-26. Building unknown; captured with IMU-enabled recorder (dca_realsense_recorder_imu.py). Resolve building in manifest per DATA_LAYOUT_PLAN sec 12.
session_2026-07-21_17-19-17,ds_buildingunknown_2026-07-20,imu,unknown,2026-07-21,gs://miamioh-resa-data/CapstoneData/raw/sessions/ds_buildingunknown_2026-07-20/session_2026-07-21_17-19-17/,,,silver,raw,none,,,Uploaded from external drive D:\Data\imu on 2026-08-26. Building unknown; captured with IMU-enabled recorder (dca_realsense_recorder_imu.py). Resolve building in manifest per DATA_LAYOUT_PLAN sec 12.
session_2026-07-21_17-19-32,ds_buildingunknown_2026-07-20,imu,unknown,2026-07-21,gs://miamioh-resa-data/CapstoneData/raw/sessions/ds_buildingunknown_2026-07-20/session_2026-07-21_17-19-32/,,,silver,raw,none,,,Uploaded from external drive D:\Data\imu on 2026-08-26. Building unknown; captured with IMU-enabled recorder (dca_realsense_recorder_imu.py). Resolve building in manifest per DATA_LAYOUT_PLAN sec 12.
session_2026-07-21_17-19-48,ds_buildingunknown_2026-07-20,imu,unknown,2026-07-21,gs://miamioh-resa-data/CapstoneData/raw/sessions/ds_buildingunknown_2026-07-20/session_2026-07-21_17-19-48/,,,silver,raw,none,,,Uploaded from external drive D:\Data\imu on 2026-08-26. Building unknown; captured with IMU-enabled recorder (dca_realsense_recorder_imu.py). Resolve building in manifest per DATA_LAYOUT_PLAN sec 12.
session_2026-07-21_17-20-03,ds_buildingunknown_2026-07-20,imu,unknown,2026-07-21,gs://miamioh-resa-data/CapstoneData/raw/sessions/ds_buildingunknown_2026-07-20/session_2026-07-21_17-20-03/,,,silver,raw,none,,,Uploaded from external drive D:\Data\imu on 2026-08-26. Building unknown; captured with IMU-enabled recorder (dca_realsense_recorder_imu.py). Resolve building in manifest per DATA_LAYOUT_PLAN sec 12.
session_2026-07-21_17-20-19,ds_buildingunknown_2026-07-20,imu,unknown,2026-07-21,gs://miamioh-resa-data/CapstoneData/raw/sessions/ds_buildingunknown_2026-07-20/session_2026-07-21_17-20-19/,,,silver,raw,none,,,Uploaded from external drive D:\Data\imu on 2026-08-26. Building unknown; captured with IMU-enabled recorder (dca_realsense_recorder_imu.py). Resolve building in manifest per DATA_LAYOUT_PLAN sec 12.
session_2026-07-21_17-20-34,ds_buildingunknown_2026-07-20,imu,unknown,2026-07-21,gs://miamioh-resa-data/CapstoneData/raw/sessions/ds_buildingunknown_2026-07-20/session_2026-07-21_17-20-34/,,,silver,raw,none,,,Uploaded from external drive D:\Data\imu on 2026-08-26. Building unknown; captured with IMU-enabled recorder (dca_realsense_recorder_imu.py). Resolve building in manifest per DATA_LAYOUT_PLAN sec 12.
session_2026-07-21_17-21-03,ds_buildingunknown_2026-07-20,imu,unknown,2026-07-21,gs://miamioh-resa-data/CapstoneData/raw/sessions/ds_buildingunknown_2026-07-20/session_2026-07-21_17-21-03/,,,silver,raw,none,,,Uploaded from external drive D:\Data\imu on 2026-08-26. Building unknown; captured with IMU-enabled recorder (dca_realsense_recorder_imu.py). Resolve building in manifest per DATA_LAYOUT_PLAN sec 12.
session_2026-07-21_17-21-19,ds_buildingunknown_2026-07-20,imu,unknown,2026-07-21,gs://miamioh-resa-data/CapstoneData/raw/sessions/ds_buildingunknown_2026-07-20/session_2026-07-21_17-21-19/,,,silver,raw,none,,,Uploaded from external drive D:\Data\imu on 2026-08-26. Building unknown; captured with IMU-enabled recorder (dca_realsense_recorder_imu.py). Resolve building in manifest per DATA_LAYOUT_PLAN sec 12.
session_2026-07-21_17-21-34,ds_buildingunknown_2026-07-20,imu,unknown,2026-07-21,gs://miamioh-resa-data/CapstoneData/raw/sessions/ds_buildingunknown_2026-07-20/session_2026-07-21_17-21-34/,,,silver,raw,none,,,Uploaded from external drive D:\Data\imu on 2026-08-26. Building unknown; captured with IMU-enabled recorder (dca_realsense_recorder_imu.py). Resolve building in manifest per DATA_LAYOUT_PLAN sec 12.
session_2026-07-21_17-21-50,ds_buildingunknown_2026-07-20,imu,unknown,2026-07-21,gs://miamioh-resa-data/CapstoneData/raw/sessions/ds_buildingunknown_2026-07-20/session_2026-07-21_17-21-50/,,,silver,raw,none,,,Uploaded from external drive D:\Data\imu on 2026-08-26. Building unknown; captured with IMU-enabled recorder (dca_realsense_recorder_imu.py). Resolve building in manifest per DATA_LAYOUT_PLAN sec 12.
session_2026-07-21_17-22-05,ds_buildingunknown_2026-07-20,imu,unknown,2026-07-21,gs://miamioh-resa-data/CapstoneData/raw/sessions/ds_buildingunknown_2026-07-20/session_2026-07-21_17-22-05/,,,silver,raw,none,,,Uploaded from external drive D:\Data\imu on 2026-08-26. Building unknown; captured with IMU-enabled recorder (dca_realsense_recorder_imu.py). Resolve building in manifest per DATA_LAYOUT_PLAN sec 12.
session_2026-07-21_17-22-21,ds_buildingunknown_2026-07-20,imu,unknown,2026-07-21,gs://miamioh-resa-data/CapstoneData/raw/sessions/ds_buildingunknown_2026-07-20/session_2026-07-21_17-22-21/,,,silver,raw,none,,,Uploaded from external drive D:\Data\imu on 2026-08-26. Building unknown; captured with IMU-enabled recorder (dca_realsense_recorder_imu.py). Resolve building in manifest per DATA_LAYOUT_PLAN sec 12.
session_2026-07-21_17-22-36,ds_buildingunknown_2026-07-20,imu,unknown,2026-07-21,gs://miamioh-resa-data/CapstoneData/raw/sessions/ds_buildingunknown_2026-07-20/session_2026-07-21_17-22-36/,,,silver,raw,none,,,Uploaded from external drive D:\Data\imu on 2026-08-26. Building unknown; captured with IMU-enabled recorder (dca_realsense_recorder_imu.py). Resolve building in manifest per DATA_LAYOUT_PLAN sec 12.
session_2026-07-21_17-22-52,ds_buildingunknown_2026-07-20,imu,unknown,2026-07-21,gs://miamioh-resa-data/CapstoneData/raw/sessions/ds_buildingunknown_2026-07-20/session_2026-07-21_17-22-52/,,,silver,raw,none,,,Uploaded from external drive D:\Data\imu on 2026-08-26. Building unknown; captured with IMU-enabled recorder (dca_realsense_recorder_imu.py). Resolve building in manifest per DATA_LAYOUT_PLAN sec 12.
session_2026-07-21_17-24-04,ds_buildingunknown_2026-07-20,imu,unknown,2026-07-21,gs://miamioh-resa-data/CapstoneData/raw/sessions/ds_buildingunknown_2026-07-20/session_2026-07-21_17-24-04/,,,silver,raw,none,,,Uploaded from external drive D:\Data\imu on 2026-08-26. Building unknown; captured with IMU-enabled recorder (dca_realsense_recorder_imu.py). Resolve building in manifest per DATA_LAYOUT_PLAN sec 12.
session_2026-07-21_17-24-19,ds_buildingunknown_2026-07-20,imu,unknown,2026-07-21,gs://miamioh-resa-data/CapstoneData/raw/sessions/ds_buildingunknown_2026-07-20/session_2026-07-21_17-24-19/,,,silver,raw,none,,,Uploaded from external drive D:\Data\imu on 2026-08-26. Building unknown; captured with IMU-enabled recorder (dca_realsense_recorder_imu.py). Resolve building in manifest per DATA_LAYOUT_PLAN sec 12.
session_2026-07-21_17-24-35,ds_buildingunknown_2026-07-20,imu,unknown,2026-07-21,gs://miamioh-resa-data/CapstoneData/raw/sessions/ds_buildingunknown_2026-07-20/session_2026-07-21_17-24-35/,,,silver,raw,none,,,Uploaded from external drive D:\Data\imu on 2026-08-26. Building unknown; captured with IMU-enabled recorder (dca_realsense_recorder_imu.py). Resolve building in manifest per DATA_LAYOUT_PLAN sec 12.
session_2026-07-21_17-24-50,ds_buildingunknown_2026-07-20,imu,unknown,2026-07-21,gs://miamioh-resa-data/CapstoneData/raw/sessions/ds_buildingunknown_2026-07-20/session_2026-07-21_17-24-50/,,,silver,raw,none,,,Uploaded from external drive D:\Data\imu on 2026-08-26. Building unknown; captured with IMU-enabled recorder (dca_realsense_recorder_imu.py). Resolve building in manifest per DATA_LAYOUT_PLAN sec 12.
session_2026-07-21_17-25-06,ds_buildingunknown_2026-07-20,imu,unknown,2026-07-21,gs://miamioh-resa-data/CapstoneData/raw/sessions/ds_buildingunknown_2026-07-20/session_2026-07-21_17-25-06/,,,silver,raw,none,,,Uploaded from external drive D:\Data\imu on 2026-08-26. Building unknown; captured with IMU-enabled recorder (dca_realsense_recorder_imu.py). Resolve building in manifest per DATA_LAYOUT_PLAN sec 12.
session_2026-07-21_17-25-21,ds_buildingunknown_2026-07-20,imu,unknown,2026-07-21,gs://miamioh-resa-data/CapstoneData/raw/sessions/ds_buildingunknown_2026-07-20/session_2026-07-21_17-25-21/,,,silver,raw,none,,,Uploaded from external drive D:\Data\imu on 2026-08-26. Building unknown; captured with IMU-enabled recorder (dca_realsense_recorder_imu.py). Resolve building in manifest per DATA_LAYOUT_PLAN sec 12.
session_2026-07-21_17-25-37,ds_buildingunknown_2026-07-20,imu,unknown,2026-07-21,gs://miamioh-resa-data/CapstoneData/raw/sessions/ds_buildingunknown_2026-07-20/session_2026-07-21_17-25-37/,,,silver,raw,none,,,Uploaded from external drive D:\Data\imu on 2026-08-26. Building unknown; captured with IMU-enabled recorder (dca_realsense_recorder_imu.py). Resolve building in manifest per DATA_LAYOUT_PLAN sec 12.
session_2026-07-21_17-25-52,ds_buildingunknown_2026-07-20,imu,unknown,2026-07-21,gs://miamioh-resa-data/CapstoneData/raw/sessions/ds_buildingunknown_2026-07-20/session_2026-07-21_17-25-52/,,,silver,raw,none,,,Uploaded from external drive D:\Data\imu on 2026-08-26. Building unknown; captured with IMU-enabled recorder (dca_realsense_recorder_imu.py). Resolve building in manifest per DATA_LAYOUT_PLAN sec 12.
session_2026-07-21_17-26-23,ds_buildingunknown_2026-07-20,imu,unknown,2026-07-21,gs://miamioh-resa-data/CapstoneData/raw/sessions/ds_buildingunknown_2026-07-20/session_2026-07-21_17-26-23/,,,silver,raw,none,,,Uploaded from external drive D:\Data\imu on 2026-08-26. Building unknown; captured with IMU-enabled recorder (dca_realsense_recorder_imu.py). Resolve building in manifest per DATA_LAYOUT_PLAN sec 12.
session_2026-07-21_17-26-39,ds_buildingunknown_2026-07-20,imu,unknown,2026-07-21,gs://miamioh-resa-data/CapstoneData/raw/sessions/ds_buildingunknown_2026-07-20/session_2026-07-21_17-26-39/,,,silver,raw,none,,,Uploaded from external drive D:\Data\imu on 2026-08-26. Building unknown; captured with IMU-enabled recorder (dca_realsense_recorder_imu.py). Resolve building in manifest per DATA_LAYOUT_PLAN sec 12.
session_2026-07-21_17-26-54,ds_buildingunknown_2026-07-20,imu,unknown,2026-07-21,gs://miamioh-resa-data/CapstoneData/raw/sessions/ds_buildingunknown_2026-07-20/session_2026-07-21_17-26-54/,,,silver,raw,none,,,Uploaded from external drive D:\Data\imu on 2026-08-26. Building unknown; captured with IMU-enabled recorder (dca_realsense_recorder_imu.py). Resolve building in manifest per DATA_LAYOUT_PLAN sec 12.
session_2026-07-21_17-27-10,ds_buildingunknown_2026-07-20,imu,unknown,2026-07-21,gs://miamioh-resa-data/CapstoneData/raw/sessions/ds_buildingunknown_2026-07-20/session_2026-07-21_17-27-10/,,,silver,raw,none,,,Uploaded from external drive D:\Data\imu on 2026-08-26. Building unknown; captured with IMU-enabled recorder (dca_realsense_recorder_imu.py). Resolve building in manifest per DATA_LAYOUT_PLAN sec 12.
session_2026-07-21_17-27-25,ds_buildingunknown_2026-07-20,imu,unknown,2026-07-21,gs://miamioh-resa-data/CapstoneData/raw/sessions/ds_buildingunknown_2026-07-20/session_2026-07-21_17-27-25/,,,silver,raw,none,,,Uploaded from external drive D:\Data\imu on 2026-08-26. Building unknown; captured with IMU-enabled recorder (dca_realsense_recorder_imu.py). Resolve building in manifest per DATA_LAYOUT_PLAN sec 12.
session_2026-07-21_17-27-41,ds_buildingunknown_2026-07-20,imu,unknown,2026-07-21,gs://miamioh-resa-data/CapstoneData/raw/sessions/ds_buildingunknown_2026-07-20/session_2026-07-21_17-27-41/,,,silver,raw,none,,,Uploaded from external drive D:\Data\imu on 2026-08-26. Building unknown; captured with IMU-enabled recorder (dca_realsense_recorder_imu.py). Resolve building in manifest per DATA_LAYOUT_PLAN sec 12.
session_2026-07-21_17-27-56,ds_buildingunknown_2026-07-20,imu,unknown,2026-07-21,gs://miamioh-resa-data/CapstoneData/raw/sessions/ds_buildingunknown_2026-07-20/session_2026-07-21_17-27-56/,,,silver,raw,none,,,Uploaded from external drive D:\Data\imu on 2026-08-26. Building unknown; captured with IMU-enabled recorder (dca_realsense_recorder_imu.py). Resolve building in manifest per DATA_LAYOUT_PLAN sec 12.
session_2026-07-21_17-28-12,ds_buildingunknown_2026-07-20,imu,unknown,2026-07-21,gs://miamioh-resa-data/CapstoneData/raw/sessions/ds_buildingunknown_2026-07-20/session_2026-07-21_17-28-12/,,,silver,raw,none,,,Uploaded from external drive D:\Data\imu on 2026-08-26. Building unknown; captured with IMU-enabled recorder (dca_realsense_recorder_imu.py). Resolve building in manifest per DATA_LAYOUT_PLAN sec 12.
session_2026-07-21_17-28-42,ds_buildingunknown_2026-07-20,imu,unknown,2026-07-21,gs://miamioh-resa-data/CapstoneData/raw/sessions/ds_buildingunknown_2026-07-20/session_2026-07-21_17-28-42/,,,silver,raw,none,,,Uploaded from external drive D:\Data\imu on 2026-08-26. Building unknown; captured with IMU-enabled recorder (dca_realsense_recorder_imu.py). Resolve building in manifest per DATA_LAYOUT_PLAN sec 12.
session_2026-07-21_17-28-57,ds_buildingunknown_2026-07-20,imu,unknown,2026-07-21,gs://miamioh-resa-data/CapstoneData/raw/sessions/ds_buildingunknown_2026-07-20/session_2026-07-21_17-28-57/,,,silver,raw,none,,,Uploaded from external drive D:\Data\imu on 2026-08-26. Building unknown; captured with IMU-enabled recorder (dca_realsense_recorder_imu.py). Resolve building in manifest per DATA_LAYOUT_PLAN sec 12.
session_2026-07-21_17-29-13,ds_buildingunknown_2026-07-20,imu,unknown,2026-07-21,gs://miamioh-resa-data/CapstoneData/raw/sessions/ds_buildingunknown_2026-07-20/session_2026-07-21_17-29-13/,,,silver,raw,none,,,Uploaded from external drive D:\Data\imu on 2026-08-26. Building unknown; captured with IMU-enabled recorder (dca_realsense_recorder_imu.py). Resolve building in manifest per DATA_LAYOUT_PLAN sec 12.
session_2026-07-21_17-29-28,ds_buildingunknown_2026-07-20,imu,unknown,2026-07-21,gs://miamioh-resa-data/CapstoneData/raw/sessions/ds_buildingunknown_2026-07-20/session_2026-07-21_17-29-28/,,,silver,raw,none,,,Uploaded from external drive D:\Data\imu on 2026-08-26. Building unknown; captured with IMU-enabled recorder (dca_realsense_recorder_imu.py). Resolve building in manifest per DATA_LAYOUT_PLAN sec 12.
session_2026-07-21_17-29-44,ds_buildingunknown_2026-07-20,imu,unknown,2026-07-21,gs://miamioh-resa-data/CapstoneData/raw/sessions/ds_buildingunknown_2026-07-20/session_2026-07-21_17-29-44/,,,silver,raw,none,,,Uploaded from external drive D:\Data\imu on 2026-08-26. Building unknown; captured with IMU-enabled recorder (dca_realsense_recorder_imu.py). Resolve building in manifest per DATA_LAYOUT_PLAN sec 12.
session_2026-07-21_17-29-59,ds_buildingunknown_2026-07-20,imu,unknown,2026-07-21,gs://miamioh-resa-data/CapstoneData/raw/sessions/ds_buildingunknown_2026-07-20/session_2026-07-21_17-29-59/,,,silver,raw,none,,,Uploaded from external drive D:\Data\imu on 2026-08-26. Building unknown; captured with IMU-enabled recorder (dca_realsense_recorder_imu.py). Resolve building in manifest per DATA_LAYOUT_PLAN sec 12.
session_2026-07-21_17-30-15,ds_buildingunknown_2026-07-20,imu,unknown,2026-07-21,gs://miamioh-resa-data/CapstoneData/raw/sessions/ds_buildingunknown_2026-07-20/session_2026-07-21_17-30-15/,,,silver,raw,none,,,Uploaded from external drive D:\Data\imu on 2026-08-26. Building unknown; captured with IMU-enabled recorder (dca_realsense_recorder_imu.py). Resolve building in manifest per DATA_LAYOUT_PLAN sec 12.
session_2026-07-21_17-30-30,ds_buildingunknown_2026-07-20,imu,unknown,2026-07-21,gs://miamioh-resa-data/CapstoneData/raw/sessions/ds_buildingunknown_2026-07-20/session_2026-07-21_17-30-30/,,,silver,raw,none,,,Uploaded from external drive D:\Data\imu on 2026-08-26. Building unknown; captured with IMU-enabled recorder (dca_realsense_recorder_imu.py). Resolve building in manifest per DATA_LAYOUT_PLAN sec 12.
session_2026-07-21_17-31-03,ds_buildingunknown_2026-07-20,imu,unknown,2026-07-21,gs://miamioh-resa-data/CapstoneData/raw/sessions/ds_buildingunknown_2026-07-20/session_2026-07-21_17-31-03/,,,silver,raw,none,,,Uploaded from external drive D:\Data\imu on 2026-08-26. Building unknown; captured with IMU-enabled recorder (dca_realsense_recorder_imu.py). Resolve building in manifest per DATA_LAYOUT_PLAN sec 12.
session_2026-07-21_17-31-19,ds_buildingunknown_2026-07-20,imu,unknown,2026-07-21,gs://miamioh-resa-data/CapstoneData/raw/sessions/ds_buildingunknown_2026-07-20/session_2026-07-21_17-31-19/,,,silver,raw,none,,,Uploaded from external drive D:\Data\imu on 2026-08-26. Building unknown; captured with IMU-enabled recorder (dca_realsense_recorder_imu.py). Resolve building in manifest per DATA_LAYOUT_PLAN sec 12.
session_2026-07-21_17-31-34,ds_buildingunknown_2026-07-20,imu,unknown,2026-07-21,gs://miamioh-resa-data/CapstoneData/raw/sessions/ds_buildingunknown_2026-07-20/session_2026-07-21_17-31-34/,,,silver,raw,none,,,Uploaded from external drive D:\Data\imu on 2026-08-26. Building unknown; captured with IMU-enabled recorder (dca_realsense_recorder_imu.py). Resolve building in manifest per DATA_LAYOUT_PLAN sec 12.
session_2026-07-21_17-31-50,ds_buildingunknown_2026-07-20,imu,unknown,2026-07-21,gs://miamioh-resa-data/CapstoneData/raw/sessions/ds_buildingunknown_2026-07-20/session_2026-07-21_17-31-50/,,,silver,raw,none,,,Uploaded from external drive D:\Data\imu on 2026-08-26. Building unknown; captured with IMU-enabled recorder (dca_realsense_recorder_imu.py). Resolve building in manifest per DATA_LAYOUT_PLAN sec 12.
session_2026-07-21_17-32-05,ds_buildingunknown_2026-07-20,imu,unknown,2026-07-21,gs://miamioh-resa-data/CapstoneData/raw/sessions/ds_buildingunknown_2026-07-20/session_2026-07-21_17-32-05/,,,silver,raw,none,,,Uploaded from external drive D:\Data\imu on 2026-08-26. Building unknown; captured with IMU-enabled recorder (dca_realsense_recorder_imu.py). Resolve building in manifest per DATA_LAYOUT_PLAN sec 12.
session_2026-07-21_17-32-21,ds_buildingunknown_2026-07-20,imu,unknown,2026-07-21,gs://miamioh-resa-data/CapstoneData/raw/sessions/ds_buildingunknown_2026-07-20/session_2026-07-21_17-32-21/,,,silver,raw,none,,,Uploaded from external drive D:\Data\imu on 2026-08-26. Building unknown; captured with IMU-enabled recorder (dca_realsense_recorder_imu.py). Resolve building in manifest per DATA_LAYOUT_PLAN sec 12.
session_2026-07-21_17-32-36,ds_buildingunknown_2026-07-20,imu,unknown,2026-07-21,gs://miamioh-resa-data/CapstoneData/raw/sessions/ds_buildingunknown_2026-07-20/session_2026-07-21_17-32-36/,,,silver,raw,none,,,Uploaded from external drive D:\Data\imu on 2026-08-26. Building unknown; captured with IMU-enabled recorder (dca_realsense_recorder_imu.py). Resolve building in manifest per DATA_LAYOUT_PLAN sec 12.
session_2026-07-21_17-32-52,ds_buildingunknown_2026-07-20,imu,unknown,2026-07-21,gs://miamioh-resa-data/CapstoneData/raw/sessions/ds_buildingunknown_2026-07-20/session_2026-07-21_17-32-52/,,,silver,raw,none,,,Uploaded from external drive D:\Data\imu on 2026-08-26. Building unknown; captured with IMU-enabled recorder (dca_realsense_recorder_imu.py). Resolve building in manifest per DATA_LAYOUT_PLAN sec 12.
session_2026-07-21_17-33-42,ds_buildingunknown_2026-07-20,imu,unknown,2026-07-21,gs://miamioh-resa-data/CapstoneData/raw/sessions/ds_buildingunknown_2026-07-20/session_2026-07-21_17-33-42/,,,silver,raw,none,,,Uploaded from external drive D:\Data\imu on 2026-08-26. Building unknown; captured with IMU-enabled recorder (dca_realsense_recorder_imu.py). Resolve building in manifest per DATA_LAYOUT_PLAN sec 12.
session_2026-07-21_17-33-57,ds_buildingunknown_2026-07-20,imu,unknown,2026-07-21,gs://miamioh-resa-data/CapstoneData/raw/sessions/ds_buildingunknown_2026-07-20/session_2026-07-21_17-33-57/,,,silver,raw,none,,,Uploaded from external drive D:\Data\imu on 2026-08-26. Building unknown; captured with IMU-enabled recorder (dca_realsense_recorder_imu.py). Resolve building in manifest per DATA_LAYOUT_PLAN sec 12.
session_2026-07-21_17-34-13,ds_buildingunknown_2026-07-20,imu,unknown,2026-07-21,gs://miamioh-resa-data/CapstoneData/raw/sessions/ds_buildingunknown_2026-07-20/session_2026-07-21_17-34-13/,,,silver,raw,none,,,Uploaded from external drive D:\Data\imu on 2026-08-26. Building unknown; captured with IMU-enabled recorder (dca_realsense_recorder_imu.py). Resolve building in manifest per DATA_LAYOUT_PLAN sec 12.
session_2026-07-21_17-34-28,ds_buildingunknown_2026-07-20,imu,unknown,2026-07-21,gs://miamioh-resa-data/CapstoneData/raw/sessions/ds_buildingunknown_2026-07-20/session_2026-07-21_17-34-28/,,,silver,raw,none,,,Uploaded from external drive D:\Data\imu on 2026-08-26. Building unknown; captured with IMU-enabled recorder (dca_realsense_recorder_imu.py). Resolve building in manifest per DATA_LAYOUT_PLAN sec 12.
session_2026-07-21_17-34-44,ds_buildingunknown_2026-07-20,imu,unknown,2026-07-21,gs://miamioh-resa-data/CapstoneData/raw/sessions/ds_buildingunknown_2026-07-20/session_2026-07-21_17-34-44/,,,silver,raw,none,,,Uploaded from external drive D:\Data\imu on 2026-08-26. Building unknown; captured with IMU-enabled recorder (dca_realsense_recorder_imu.py). Resolve building in manifest per DATA_LAYOUT_PLAN sec 12.
session_2026-07-21_17-34-59,ds_buildingunknown_2026-07-20,imu,unknown,2026-07-21,gs://miamioh-resa-data/CapstoneData/raw/sessions/ds_buildingunknown_2026-07-20/session_2026-07-21_17-34-59/,,,silver,raw,none,,,Uploaded from external drive D:\Data\imu on 2026-08-26. Building unknown; captured with IMU-enabled recorder (dca_realsense_recorder_imu.py). Resolve building in manifest per DATA_LAYOUT_PLAN sec 12.
session_2026-07-21_17-35-15,ds_buildingunknown_2026-07-20,imu,unknown,2026-07-21,gs://miamioh-resa-data/CapstoneData/raw/sessions/ds_buildingunknown_2026-07-20/session_2026-07-21_17-35-15/,,,silver,raw,none,,,Uploaded from external drive D:\Data\imu on 2026-08-26. Building unknown; captured with IMU-enabled recorder (dca_realsense_recorder_imu.py). Resolve building in manifest per DATA_LAYOUT_PLAN sec 12.
session_2026-07-21_17-35-30,ds_buildingunknown_2026-07-20,imu,unknown,2026-07-21,gs://miamioh-resa-data/CapstoneData/raw/sessions/ds_buildingunknown_2026-07-20/session_2026-07-21_17-35-30/,,,silver,raw,none,,,Uploaded from external drive D:\Data\imu on 2026-08-26. Building unknown; captured with IMU-enabled recorder (dca_realsense_recorder_imu.py). Resolve building in manifest per DATA_LAYOUT_PLAN sec 12.
session_2026-07-21_17-36-09,ds_buildingunknown_2026-07-20,imu,unknown,2026-07-21,gs://miamioh-resa-data/CapstoneData/raw/sessions/ds_buildingunknown_2026-07-20/session_2026-07-21_17-36-09/,,,silver,raw,none,,,Uploaded from external drive D:\Data\imu on 2026-08-26. Building unknown; captured with IMU-enabled recorder (dca_realsense_recorder_imu.py). Resolve building in manifest per DATA_LAYOUT_PLAN sec 12.
session_2026-07-21_17-36-25,ds_buildingunknown_2026-07-20,imu,unknown,2026-07-21,gs://miamioh-resa-data/CapstoneData/raw/sessions/ds_buildingunknown_2026-07-20/session_2026-07-21_17-36-25/,,,silver,raw,none,,,Uploaded from external drive D:\Data\imu on 2026-08-26. Building unknown; captured with IMU-enabled recorder (dca_realsense_recorder_imu.py). Resolve building in manifest per DATA_LAYOUT_PLAN sec 12.
session_2026-07-21_17-36-41,ds_buildingunknown_2026-07-20,imu,unknown,2026-07-21,gs://miamioh-resa-data/CapstoneData/raw/sessions/ds_buildingunknown_2026-07-20/session_2026-07-21_17-36-41/,,,silver,raw,none,,,Uploaded from external drive D:\Data\imu on 2026-08-26. Building unknown; captured with IMU-enabled recorder (dca_realsense_recorder_imu.py). Resolve building in manifest per DATA_LAYOUT_PLAN sec 12.
session_2026-07-21_17-36-56,ds_buildingunknown_2026-07-20,imu,unknown,2026-07-21,gs://miamioh-resa-data/CapstoneData/raw/sessions/ds_buildingunknown_2026-07-20/session_2026-07-21_17-36-56/,,,silver,raw,none,,,Uploaded from external drive D:\Data\imu on 2026-08-26. Building unknown; captured with IMU-enabled recorder (dca_realsense_recorder_imu.py). Resolve building in manifest per DATA_LAYOUT_PLAN sec 12.
session_2026-07-21_17-37-11,ds_buildingunknown_2026-07-20,imu,unknown,2026-07-21,gs://miamioh-resa-data/CapstoneData/raw/sessions/ds_buildingunknown_2026-07-20/session_2026-07-21_17-37-11/,,,silver,raw,none,,,Uploaded from external drive D:\Data\imu on 2026-08-26. Building unknown; captured with IMU-enabled recorder (dca_realsense_recorder_imu.py). Resolve building in manifest per DATA_LAYOUT_PLAN sec 12.
session_2026-07-21_17-37-27,ds_buildingunknown_2026-07-20,imu,unknown,2026-07-21,gs://miamioh-resa-data/CapstoneData/raw/sessions/ds_buildingunknown_2026-07-20/session_2026-07-21_17-37-27/,,,silver,raw,none,,,Uploaded from external drive D:\Data\imu on 2026-08-26. Building unknown; captured with IMU-enabled recorder (dca_realsense_recorder_imu.py). Resolve building in manifest per DATA_LAYOUT_PLAN sec 12.
session_2026-07-21_17-37-42,ds_buildingunknown_2026-07-20,imu,unknown,2026-07-21,gs://miamioh-resa-data/CapstoneData/raw/sessions/ds_buildingunknown_2026-07-20/session_2026-07-21_17-37-42/,,,silver,raw,none,,,Uploaded from external drive D:\Data\imu on 2026-08-26. Building unknown; captured with IMU-enabled recorder (dca_realsense_recorder_imu.py). Resolve building in manifest per DATA_LAYOUT_PLAN sec 12.
session_2026-07-21_17-37-58,ds_buildingunknown_2026-07-20,imu,unknown,2026-07-21,gs://miamioh-resa-data/CapstoneData/raw/sessions/ds_buildingunknown_2026-07-20/session_2026-07-21_17-37-58/,,,silver,raw,none,,,Uploaded from external drive D:\Data\imu on 2026-08-26. Building unknown; captured with IMU-enabled recorder (dca_realsense_recorder_imu.py). Resolve building in manifest per DATA_LAYOUT_PLAN sec 12.
session_2026-07-21_17-38-28,ds_buildingunknown_2026-07-20,imu,unknown,2026-07-21,gs://miamioh-resa-data/CapstoneData/raw/sessions/ds_buildingunknown_2026-07-20/session_2026-07-21_17-38-28/,,,silver,raw,none,,,Uploaded from external drive D:\Data\imu on 2026-08-26. Building unknown; captured with IMU-enabled recorder (dca_realsense_recorder_imu.py). Resolve building in manifest per DATA_LAYOUT_PLAN sec 12.
session_2026-07-21_17-38-44,ds_buildingunknown_2026-07-20,imu,unknown,2026-07-21,gs://miamioh-resa-data/CapstoneData/raw/sessions/ds_buildingunknown_2026-07-20/session_2026-07-21_17-38-44/,,,silver,raw,none,,,Uploaded from external drive D:\Data\imu on 2026-08-26. Building unknown; captured with IMU-enabled recorder (dca_realsense_recorder_imu.py). Resolve building in manifest per DATA_LAYOUT_PLAN sec 12.
session_2026-07-21_17-38-59,ds_buildingunknown_2026-07-20,imu,unknown,2026-07-21,gs://miamioh-resa-data/CapstoneData/raw/sessions/ds_buildingunknown_2026-07-20/session_2026-07-21_17-38-59/,,,silver,raw,none,,,Uploaded from external drive D:\Data\imu on 2026-08-26. Building unknown; captured with IMU-enabled recorder (dca_realsense_recorder_imu.py). Resolve building in manifest per DATA_LAYOUT_PLAN sec 12.
session_2026-07-21_17-39-15,ds_buildingunknown_2026-07-20,imu,unknown,2026-07-21,gs://miamioh-resa-data/CapstoneData/raw/sessions/ds_buildingunknown_2026-07-20/session_2026-07-21_17-39-15/,,,silver,raw,none,,,Uploaded from external drive D:\Data\imu on 2026-08-26. Building unknown; captured with IMU-enabled recorder (dca_realsense_recorder_imu.py). Resolve building in manifest per DATA_LAYOUT_PLAN sec 12.
session_2026-07-21_17-39-30,ds_buildingunknown_2026-07-20,imu,unknown,2026-07-21,gs://miamioh-resa-data/CapstoneData/raw/sessions/ds_buildingunknown_2026-07-20/session_2026-07-21_17-39-30/,,,silver,raw,none,,,Uploaded from external drive D:\Data\imu on 2026-08-26. Building unknown; captured with IMU-enabled recorder (dca_realsense_recorder_imu.py). Resolve building in manifest per DATA_LAYOUT_PLAN sec 12.
session_2026-07-21_17-39-46,ds_buildingunknown_2026-07-20,imu,unknown,2026-07-21,gs://miamioh-resa-data/CapstoneData/raw/sessions/ds_buildingunknown_2026-07-20/session_2026-07-21_17-39-46/,,,silver,raw,none,,,Uploaded from external drive D:\Data\imu on 2026-08-26. Building unknown; captured with IMU-enabled recorder (dca_realsense_recorder_imu.py). Resolve building in manifest per DATA_LAYOUT_PLAN sec 12.
session_2026-07-21_17-40-01,ds_buildingunknown_2026-07-20,imu,unknown,2026-07-21,gs://miamioh-resa-data/CapstoneData/raw/sessions/ds_buildingunknown_2026-07-20/session_2026-07-21_17-40-01/,,,silver,raw,none,,,Uploaded from external drive D:\Data\imu on 2026-08-26. Building unknown; captured with IMU-enabled recorder (dca_realsense_recorder_imu.py). Resolve building in manifest per DATA_LAYOUT_PLAN sec 12.
session_2026-07-21_17-40-17,ds_buildingunknown_2026-07-20,imu,unknown,2026-07-21,gs://miamioh-resa-data/CapstoneData/raw/sessions/ds_buildingunknown_2026-07-20/session_2026-07-21_17-40-17/,,,silver,raw,none,,,Uploaded from external drive D:\Data\imu on 2026-08-26. Building unknown; captured with IMU-enabled recorder (dca_realsense_recorder_imu.py). Resolve building in manifest per DATA_LAYOUT_PLAN sec 12.
session_2026-07-21_17-41-24,ds_buildingunknown_2026-07-20,imu,unknown,2026-07-21,gs://miamioh-resa-data/CapstoneData/raw/sessions/ds_buildingunknown_2026-07-20/session_2026-07-21_17-41-24/,,,silver,raw,none,,,Uploaded from external drive D:\Data\imu on 2026-08-26. Building unknown; captured with IMU-enabled recorder (dca_realsense_recorder_imu.py). Resolve building in manifest per DATA_LAYOUT_PLAN sec 12.
session_2026-07-21_17-41-40,ds_buildingunknown_2026-07-20,imu,unknown,2026-07-21,gs://miamioh-resa-data/CapstoneData/raw/sessions/ds_buildingunknown_2026-07-20/session_2026-07-21_17-41-40/,,,silver,raw,none,,,Uploaded from external drive D:\Data\imu on 2026-08-26. Building unknown; captured with IMU-enabled recorder (dca_realsense_recorder_imu.py). Resolve building in manifest per DATA_LAYOUT_PLAN sec 12.
session_2026-07-21_17-41-55,ds_buildingunknown_2026-07-20,imu,unknown,2026-07-21,gs://miamioh-resa-data/CapstoneData/raw/sessions/ds_buildingunknown_2026-07-20/session_2026-07-21_17-41-55/,,,silver,raw,none,,,Uploaded from external drive D:\Data\imu on 2026-08-26. Building unknown; captured with IMU-enabled recorder (dca_realsense_recorder_imu.py). Resolve building in manifest per DATA_LAYOUT_PLAN sec 12.
session_2026-07-21_17-42-11,ds_buildingunknown_2026-07-20,imu,unknown,2026-07-21,gs://miamioh-resa-data/CapstoneData/raw/sessions/ds_buildingunknown_2026-07-20/session_2026-07-21_17-42-11/,,,silver,raw,none,,,Uploaded from external drive D:\Data\imu on 2026-08-26. Building unknown; captured with IMU-enabled recorder (dca_realsense_recorder_imu.py). Resolve building in manifest per DATA_LAYOUT_PLAN sec 12.
session_2026-07-21_17-42-26,ds_buildingunknown_2026-07-20,imu,unknown,2026-07-21,gs://miamioh-resa-data/CapstoneData/raw/sessions/ds_buildingunknown_2026-07-20/session_2026-07-21_17-42-26/,,,silver,raw,none,,,Uploaded from external drive D:\Data\imu on 2026-08-26. Building unknown; captured with IMU-enabled recorder (dca_realsense_recorder_imu.py). Resolve building in manifest per DATA_LAYOUT_PLAN sec 12.
session_2026-07-21_17-42-42,ds_buildingunknown_2026-07-20,imu,unknown,2026-07-21,gs://miamioh-resa-data/CapstoneData/raw/sessions/ds_buildingunknown_2026-07-20/session_2026-07-21_17-42-42/,,,silver,raw,none,,,Uploaded from external drive D:\Data\imu on 2026-08-26. Building unknown; captured with IMU-enabled recorder (dca_realsense_recorder_imu.py). Resolve building in manifest per DATA_LAYOUT_PLAN sec 12.
session_2026-07-21_17-42-57,ds_buildingunknown_2026-07-20,imu,unknown,2026-07-21,gs://miamioh-resa-data/CapstoneData/raw/sessions/ds_buildingunknown_2026-07-20/session_2026-07-21_17-42-57/,,,silver,raw,none,,,Uploaded from external drive D:\Data\imu on 2026-08-26. Building unknown; captured with IMU-enabled recorder (dca_realsense_recorder_imu.py). Resolve building in manifest per DATA_LAYOUT_PLAN sec 12.
session_2026-07-21_17-43-13,ds_buildingunknown_2026-07-20,imu,unknown,2026-07-21,gs://miamioh-resa-data/CapstoneData/raw/sessions/ds_buildingunknown_2026-07-20/session_2026-07-21_17-43-13/,,,silver,raw,none,,,Uploaded from external drive D:\Data\imu on 2026-08-26. Building unknown; captured with IMU-enabled recorder (dca_realsense_recorder_imu.py). Resolve building in manifest per DATA_LAYOUT_PLAN sec 12.
session_2026-07-21_17-43-55,ds_buildingunknown_2026-07-20,imu,unknown,2026-07-21,gs://miamioh-resa-data/CapstoneData/raw/sessions/ds_buildingunknown_2026-07-20/session_2026-07-21_17-43-55/,,,silver,raw,none,,,Uploaded from external drive D:\Data\imu on 2026-08-26. Building unknown; captured with IMU-enabled recorder (dca_realsense_recorder_imu.py). Resolve building in manifest per DATA_LAYOUT_PLAN sec 12.
session_2026-07-21_17-44-10,ds_buildingunknown_2026-07-20,imu,unknown,2026-07-21,gs://miamioh-resa-data/CapstoneData/raw/sessions/ds_buildingunknown_2026-07-20/session_2026-07-21_17-44-10/,,,silver,raw,none,,,Uploaded from external drive D:\Data\imu on 2026-08-26. Building unknown; captured with IMU-enabled recorder (dca_realsense_recorder_imu.py). Resolve building in manifest per DATA_LAYOUT_PLAN sec 12.
session_2026-07-21_17-44-26,ds_buildingunknown_2026-07-20,imu,unknown,2026-07-21,gs://miamioh-resa-data/CapstoneData/raw/sessions/ds_buildingunknown_2026-07-20/session_2026-07-21_17-44-26/,,,silver,raw,none,,,Uploaded from external drive D:\Data\imu on 2026-08-26. Building unknown; captured with IMU-enabled recorder (dca_realsense_recorder_imu.py). Resolve building in manifest per DATA_LAYOUT_PLAN sec 12.
session_2026-07-21_17-44-41,ds_buildingunknown_2026-07-20,imu,unknown,2026-07-21,gs://miamioh-resa-data/CapstoneData/raw/sessions/ds_buildingunknown_2026-07-20/session_2026-07-21_17-44-41/,,,silver,raw,none,,,Uploaded from external drive D:\Data\imu on 2026-08-26. Building unknown; captured with IMU-enabled recorder (dca_realsense_recorder_imu.py). Resolve building in manifest per DATA_LAYOUT_PLAN sec 12.
session_2026-07-21_17-44-57,ds_buildingunknown_2026-07-20,imu,unknown,2026-07-21,gs://miamioh-resa-data/CapstoneData/raw/sessions/ds_buildingunknown_2026-07-20/session_2026-07-21_17-44-57/,,,silver,raw,none,,,Uploaded from external drive D:\Data\imu on 2026-08-26. Building unknown; captured with IMU-enabled recorder (dca_realsense_recorder_imu.py). Resolve building in manifest per DATA_LAYOUT_PLAN sec 12.
session_2026-07-21_17-45-12,ds_buildingunknown_2026-07-20,imu,unknown,2026-07-21,gs://miamioh-resa-data/CapstoneData/raw/sessions/ds_buildingunknown_2026-07-20/session_2026-07-21_17-45-12/,,,silver,raw,none,,,Uploaded from external drive D:\Data\imu on 2026-08-26. Building unknown; captured with IMU-enabled recorder (dca_realsense_recorder_imu.py). Resolve building in manifest per DATA_LAYOUT_PLAN sec 12.
session_2026-07-21_17-45-28,ds_buildingunknown_2026-07-20,imu,unknown,2026-07-21,gs://miamioh-resa-data/CapstoneData/raw/sessions/ds_buildingunknown_2026-07-20/session_2026-07-21_17-45-28/,,,silver,raw,none,,,Uploaded from external drive D:\Data\imu on 2026-08-26. Building unknown; captured with IMU-enabled recorder (dca_realsense_recorder_imu.py). Resolve building in manifest per DATA_LAYOUT_PLAN sec 12.
session_2026-07-21_17-45-43,ds_buildingunknown_2026-07-20,imu,unknown,2026-07-21,gs://miamioh-resa-data/CapstoneData/raw/sessions/ds_buildingunknown_2026-07-20/session_2026-07-21_17-45-43/,,,silver,raw,none,,,Uploaded from external drive D:\Data\imu on 2026-08-26. Building unknown; captured with IMU-enabled recorder (dca_realsense_recorder_imu.py). Resolve building in manifest per DATA_LAYOUT_PLAN sec 12.
session_2026-07-21_17-46-25,ds_buildingunknown_2026-07-20,imu,unknown,2026-07-21,gs://miamioh-resa-data/CapstoneData/raw/sessions/ds_buildingunknown_2026-07-20/session_2026-07-21_17-46-25/,,,silver,raw,none,,,Uploaded from external drive D:\Data\imu on 2026-08-26. Building unknown; captured with IMU-enabled recorder (dca_realsense_recorder_imu.py). Resolve building in manifest per DATA_LAYOUT_PLAN sec 12.
session_2026-07-21_17-46-41,ds_buildingunknown_2026-07-20,imu,unknown,2026-07-21,gs://miamioh-resa-data/CapstoneData/raw/sessions/ds_buildingunknown_2026-07-20/session_2026-07-21_17-46-41/,,,silver,raw,none,,,Uploaded from external drive D:\Data\imu on 2026-08-26. Building unknown; captured with IMU-enabled recorder (dca_realsense_recorder_imu.py). Resolve building in manifest per DATA_LAYOUT_PLAN sec 12.
session_2026-07-21_17-46-56,ds_buildingunknown_2026-07-20,imu,unknown,2026-07-21,gs://miamioh-resa-data/CapstoneData/raw/sessions/ds_buildingunknown_2026-07-20/session_2026-07-21_17-46-56/,,,silver,raw,none,,,Uploaded from external drive D:\Data\imu on 2026-08-26. Building unknown; captured with IMU-enabled recorder (dca_realsense_recorder_imu.py). Resolve building in manifest per DATA_LAYOUT_PLAN sec 12.
session_2026-07-21_17-47-12,ds_buildingunknown_2026-07-20,imu,unknown,2026-07-21,gs://miamioh-resa-data/CapstoneData/raw/sessions/ds_buildingunknown_2026-07-20/session_2026-07-21_17-47-12/,,,silver,raw,none,,,Uploaded from external drive D:\Data\imu on 2026-08-26. Building unknown; captured with IMU-enabled recorder (dca_realsense_recorder_imu.py). Resolve building in manifest per DATA_LAYOUT_PLAN sec 12.
session_2026-07-21_17-47-27,ds_buildingunknown_2026-07-20,imu,unknown,2026-07-21,gs://miamioh-resa-data/CapstoneData/raw/sessions/ds_buildingunknown_2026-07-20/session_2026-07-21_17-47-27/,,,silver,raw,none,,,Uploaded from external drive D:\Data\imu on 2026-08-26. Building unknown; captured with IMU-enabled recorder (dca_realsense_recorder_imu.py). Resolve building in manifest per DATA_LAYOUT_PLAN sec 12.
session_2026-07-21_17-47-43,ds_buildingunknown_2026-07-20,imu,unknown,2026-07-21,gs://miamioh-resa-data/CapstoneData/raw/sessions/ds_buildingunknown_2026-07-20/session_2026-07-21_17-47-43/,,,silver,raw,none,,,Uploaded from external drive D:\Data\imu on 2026-08-26. Building unknown; captured with IMU-enabled recorder (dca_realsense_recorder_imu.py). Resolve building in manifest per DATA_LAYOUT_PLAN sec 12.
session_2026-07-21_17-47-58,ds_buildingunknown_2026-07-20,imu,unknown,2026-07-21,gs://miamioh-resa-data/CapstoneData/raw/sessions/ds_buildingunknown_2026-07-20/session_2026-07-21_17-47-58/,,,silver,raw,none,,,Uploaded from external drive D:\Data\imu on 2026-08-26. Building unknown; captured with IMU-enabled recorder (dca_realsense_recorder_imu.py). Resolve building in manifest per DATA_LAYOUT_PLAN sec 12.
session_2026-07-21_17-48-14,ds_buildingunknown_2026-07-20,imu,unknown,2026-07-21,gs://miamioh-resa-data/CapstoneData/raw/sessions/ds_buildingunknown_2026-07-20/session_2026-07-21_17-48-14/,,,silver,raw,none,,,Uploaded from external drive D:\Data\imu on 2026-08-26. Building unknown; captured with IMU-enabled recorder (dca_realsense_recorder_imu.py). Resolve building in manifest per DATA_LAYOUT_PLAN sec 12.
session_2026-07-21_17-49-36,ds_buildingunknown_2026-07-20,imu,unknown,2026-07-21,gs://miamioh-resa-data/CapstoneData/raw/sessions/ds_buildingunknown_2026-07-20/session_2026-07-21_17-49-36/,,,silver,raw,none,,,Uploaded from external drive D:\Data\imu on 2026-08-26. Building unknown; captured with IMU-enabled recorder (dca_realsense_recorder_imu.py). Resolve building in manifest per DATA_LAYOUT_PLAN sec 12.
session_2026-07-21_17-49-51,ds_buildingunknown_2026-07-20,imu,unknown,2026-07-21,gs://miamioh-resa-data/CapstoneData/raw/sessions/ds_buildingunknown_2026-07-20/session_2026-07-21_17-49-51/,,,silver,raw,none,,,Uploaded from external drive D:\Data\imu on 2026-08-26. Building unknown; captured with IMU-enabled recorder (dca_realsense_recorder_imu.py). Resolve building in manifest per DATA_LAYOUT_PLAN sec 12.
session_2026-07-21_17-50-07,ds_buildingunknown_2026-07-20,imu,unknown,2026-07-21,gs://miamioh-resa-data/CapstoneData/raw/sessions/ds_buildingunknown_2026-07-20/session_2026-07-21_17-50-07/,,,silver,raw,none,,,Uploaded from external drive D:\Data\imu on 2026-08-26. Building unknown; captured with IMU-enabled recorder (dca_realsense_recorder_imu.py). Resolve building in manifest per DATA_LAYOUT_PLAN sec 12.
session_2026-07-21_17-50-22,ds_buildingunknown_2026-07-20,imu,unknown,2026-07-21,gs://miamioh-resa-data/CapstoneData/raw/sessions/ds_buildingunknown_2026-07-20/session_2026-07-21_17-50-22/,,,silver,raw,none,,,Uploaded from external drive D:\Data\imu on 2026-08-26. Building unknown; captured with IMU-enabled recorder (dca_realsense_recorder_imu.py). Resolve building in manifest per DATA_LAYOUT_PLAN sec 12.
session_2026-07-21_17-50-38,ds_buildingunknown_2026-07-20,imu,unknown,2026-07-21,gs://miamioh-resa-data/CapstoneData/raw/sessions/ds_buildingunknown_2026-07-20/session_2026-07-21_17-50-38/,,,silver,raw,none,,,Uploaded from external drive D:\Data\imu on 2026-08-26. Building unknown; captured with IMU-enabled recorder (dca_realsense_recorder_imu.py). Resolve building in manifest per DATA_LAYOUT_PLAN sec 12.
session_2026-07-21_17-50-53,ds_buildingunknown_2026-07-20,imu,unknown,2026-07-21,gs://miamioh-resa-data/CapstoneData/raw/sessions/ds_buildingunknown_2026-07-20/session_2026-07-21_17-50-53/,,,silver,raw,none,,,Uploaded from external drive D:\Data\imu on 2026-08-26. Building unknown; captured with IMU-enabled recorder (dca_realsense_recorder_imu.py). Resolve building in manifest per DATA_LAYOUT_PLAN sec 12.
session_2026-07-21_17-51-09,ds_buildingunknown_2026-07-20,imu,unknown,2026-07-21,gs://miamioh-resa-data/CapstoneData/raw/sessions/ds_buildingunknown_2026-07-20/session_2026-07-21_17-51-09/,,,silver,raw,none,,,Uploaded from external drive D:\Data\imu on 2026-08-26. Building unknown; captured with IMU-enabled recorder (dca_realsense_recorder_imu.py). Resolve building in manifest per DATA_LAYOUT_PLAN sec 12.
session_2026-07-21_17-51-24,ds_buildingunknown_2026-07-20,imu,unknown,2026-07-21,gs://miamioh-resa-data/CapstoneData/raw/sessions/ds_buildingunknown_2026-07-20/session_2026-07-21_17-51-24/,,,silver,raw,none,,,Uploaded from external drive D:\Data\imu on 2026-08-26. Building unknown; captured with IMU-enabled recorder (dca_realsense_recorder_imu.py). Resolve building in manifest per DATA_LAYOUT_PLAN sec 12.
session_2026-07-21_17-51-55,ds_buildingunknown_2026-07-20,imu,unknown,2026-07-21,gs://miamioh-resa-data/CapstoneData/raw/sessions/ds_buildingunknown_2026-07-20/session_2026-07-21_17-51-55/,,,silver,raw,none,,,Uploaded from external drive D:\Data\imu on 2026-08-26. Building unknown; captured with IMU-enabled recorder (dca_realsense_recorder_imu.py). Resolve building in manifest per DATA_LAYOUT_PLAN sec 12.
session_2026-07-21_17-52-11,ds_buildingunknown_2026-07-20,imu,unknown,2026-07-21,gs://miamioh-resa-data/CapstoneData/raw/sessions/ds_buildingunknown_2026-07-20/session_2026-07-21_17-52-11/,,,silver,raw,none,,,Uploaded from external drive D:\Data\imu on 2026-08-26. Building unknown; captured with IMU-enabled recorder (dca_realsense_recorder_imu.py). Resolve building in manifest per DATA_LAYOUT_PLAN sec 12.
session_2026-07-21_17-52-27,ds_buildingunknown_2026-07-20,imu,unknown,2026-07-21,gs://miamioh-resa-data/CapstoneData/raw/sessions/ds_buildingunknown_2026-07-20/session_2026-07-21_17-52-27/,,,silver,raw,none,,,Uploaded from external drive D:\Data\imu on 2026-08-26. Building unknown; captured with IMU-enabled recorder (dca_realsense_recorder_imu.py). Resolve building in manifest per DATA_LAYOUT_PLAN sec 12.
session_2026-07-21_17-52-42,ds_buildingunknown_2026-07-20,imu,unknown,2026-07-21,gs://miamioh-resa-data/CapstoneData/raw/sessions/ds_buildingunknown_2026-07-20/session_2026-07-21_17-52-42/,,,silver,raw,none,,,Uploaded from external drive D:\Data\imu on 2026-08-26. Building unknown; captured with IMU-enabled recorder (dca_realsense_recorder_imu.py). Resolve building in manifest per DATA_LAYOUT_PLAN sec 12.
session_2026-07-21_17-52-58,ds_buildingunknown_2026-07-20,imu,unknown,2026-07-21,gs://miamioh-resa-data/CapstoneData/raw/sessions/ds_buildingunknown_2026-07-20/session_2026-07-21_17-52-58/,,,silver,raw,none,,,Uploaded from external drive D:\Data\imu on 2026-08-26. Building unknown; captured with IMU-enabled recorder (dca_realsense_recorder_imu.py). Resolve building in manifest per DATA_LAYOUT_PLAN sec 12.
session_2026-07-21_17-53-13,ds_buildingunknown_2026-07-20,imu,unknown,2026-07-21,gs://miamioh-resa-data/CapstoneData/raw/sessions/ds_buildingunknown_2026-07-20/session_2026-07-21_17-53-13/,,,silver,raw,none,,,Uploaded from external drive D:\Data\imu on 2026-08-26. Building unknown; captured with IMU-enabled recorder (dca_realsense_recorder_imu.py). Resolve building in manifest per DATA_LAYOUT_PLAN sec 12.
session_2026-07-21_17-53-29,ds_buildingunknown_2026-07-20,imu,unknown,2026-07-21,gs://miamioh-resa-data/CapstoneData/raw/sessions/ds_buildingunknown_2026-07-20/session_2026-07-21_17-53-29/,,,silver,raw,none,,,Uploaded from external drive D:\Data\imu on 2026-08-26. Building unknown; captured with IMU-enabled recorder (dca_realsense_recorder_imu.py). Resolve building in manifest per DATA_LAYOUT_PLAN sec 12.
session_2026-07-21_17-53-44,ds_buildingunknown_2026-07-20,imu,unknown,2026-07-21,gs://miamioh-resa-data/CapstoneData/raw/sessions/ds_buildingunknown_2026-07-20/session_2026-07-21_17-53-44/,,,silver,raw,none,,,Uploaded from external drive D:\Data\imu on 2026-08-26. Building unknown; captured with IMU-enabled recorder (dca_realsense_recorder_imu.py). Resolve building in manifest per DATA_LAYOUT_PLAN sec 12.
session_2026-07-21_17-54-30,ds_buildingunknown_2026-07-20,imu,unknown,2026-07-21,gs://miamioh-resa-data/CapstoneData/raw/sessions/ds_buildingunknown_2026-07-20/session_2026-07-21_17-54-30/,,,silver,raw,none,,,Uploaded from external drive D:\Data\imu on 2026-08-26. Building unknown; captured with IMU-enabled recorder (dca_realsense_recorder_imu.py). Resolve building in manifest per DATA_LAYOUT_PLAN sec 12.
session_2026-07-21_17-54-46,ds_buildingunknown_2026-07-20,imu,unknown,2026-07-21,gs://miamioh-resa-data/CapstoneData/raw/sessions/ds_buildingunknown_2026-07-20/session_2026-07-21_17-54-46/,,,silver,raw,none,,,Uploaded from external drive D:\Data\imu on 2026-08-26. Building unknown; captured with IMU-enabled recorder (dca_realsense_recorder_imu.py). Resolve building in manifest per DATA_LAYOUT_PLAN sec 12.
session_2026-07-21_17-55-01,ds_buildingunknown_2026-07-20,imu,unknown,2026-07-21,gs://miamioh-resa-data/CapstoneData/raw/sessions/ds_buildingunknown_2026-07-20/session_2026-07-21_17-55-01/,,,silver,raw,none,,,Uploaded from external drive D:\Data\imu on 2026-08-26. Building unknown; captured with IMU-enabled recorder (dca_realsense_recorder_imu.py). Resolve building in manifest per DATA_LAYOUT_PLAN sec 12.
session_2026-07-21_17-55-17,ds_buildingunknown_2026-07-20,imu,unknown,2026-07-21,gs://miamioh-resa-data/CapstoneData/raw/sessions/ds_buildingunknown_2026-07-20/session_2026-07-21_17-55-17/,,,silver,raw,none,,,Uploaded from external drive D:\Data\imu on 2026-08-26. Building unknown; captured with IMU-enabled recorder (dca_realsense_recorder_imu.py). Resolve building in manifest per DATA_LAYOUT_PLAN sec 12.
session_2026-07-21_17-55-32,ds_buildingunknown_2026-07-20,imu,unknown,2026-07-21,gs://miamioh-resa-data/CapstoneData/raw/sessions/ds_buildingunknown_2026-07-20/session_2026-07-21_17-55-32/,,,silver,raw,none,,,Uploaded from external drive D:\Data\imu on 2026-08-26. Building unknown; captured with IMU-enabled recorder (dca_realsense_recorder_imu.py). Resolve building in manifest per DATA_LAYOUT_PLAN sec 12.
session_2026-07-21_17-55-48,ds_buildingunknown_2026-07-20,imu,unknown,2026-07-21,gs://miamioh-resa-data/CapstoneData/raw/sessions/ds_buildingunknown_2026-07-20/session_2026-07-21_17-55-48/,,,silver,raw,none,,,Uploaded from external drive D:\Data\imu on 2026-08-26. Building unknown; captured with IMU-enabled recorder (dca_realsense_recorder_imu.py). Resolve building in manifest per DATA_LAYOUT_PLAN sec 12.
session_2026-07-21_17-56-03,ds_buildingunknown_2026-07-20,imu,unknown,2026-07-21,gs://miamioh-resa-data/CapstoneData/raw/sessions/ds_buildingunknown_2026-07-20/session_2026-07-21_17-56-03/,,,silver,raw,none,,,Uploaded from external drive D:\Data\imu on 2026-08-26. Building unknown; captured with IMU-enabled recorder (dca_realsense_recorder_imu.py). Resolve building in manifest per DATA_LAYOUT_PLAN sec 12.
session_2026-07-21_17-56-19,ds_buildingunknown_2026-07-20,imu,unknown,2026-07-21,gs://miamioh-resa-data/CapstoneData/raw/sessions/ds_buildingunknown_2026-07-20/session_2026-07-21_17-56-19/,,,silver,raw,none,,,Uploaded from external drive D:\Data\imu on 2026-08-26. Building unknown; captured with IMU-enabled recorder (dca_realsense_recorder_imu.py). Resolve building in manifest per DATA_LAYOUT_PLAN sec 12.
session_2026-07-21_17-56-55,ds_buildingunknown_2026-07-20,imu,unknown,2026-07-21,gs://miamioh-resa-data/CapstoneData/raw/sessions/ds_buildingunknown_2026-07-20/session_2026-07-21_17-56-55/,,,silver,raw,none,,,Uploaded from external drive D:\Data\imu on 2026-08-26. Building unknown; captured with IMU-enabled recorder (dca_realsense_recorder_imu.py). Resolve building in manifest per DATA_LAYOUT_PLAN sec 12.
session_2026-07-21_17-57-11,ds_buildingunknown_2026-07-20,imu,unknown,2026-07-21,gs://miamioh-resa-data/CapstoneData/raw/sessions/ds_buildingunknown_2026-07-20/session_2026-07-21_17-57-11/,,,silver,raw,none,,,Uploaded from external drive D:\Data\imu on 2026-08-26. Building unknown; captured with IMU-enabled recorder (dca_realsense_recorder_imu.py). Resolve building in manifest per DATA_LAYOUT_PLAN sec 12.
session_2026-07-21_17-57-26,ds_buildingunknown_2026-07-20,imu,unknown,2026-07-21,gs://miamioh-resa-data/CapstoneData/raw/sessions/ds_buildingunknown_2026-07-20/session_2026-07-21_17-57-26/,,,silver,raw,none,,,Uploaded from external drive D:\Data\imu on 2026-08-26. Building unknown; captured with IMU-enabled recorder (dca_realsense_recorder_imu.py). Resolve building in manifest per DATA_LAYOUT_PLAN sec 12.
session_2026-07-21_17-57-42,ds_buildingunknown_2026-07-20,imu,unknown,2026-07-21,gs://miamioh-resa-data/CapstoneData/raw/sessions/ds_buildingunknown_2026-07-20/session_2026-07-21_17-57-42/,,,silver,raw,none,,,Uploaded from external drive D:\Data\imu on 2026-08-26. Building unknown; captured with IMU-enabled recorder (dca_realsense_recorder_imu.py). Resolve building in manifest per DATA_LAYOUT_PLAN sec 12.
session_2026-07-21_17-57-57,ds_buildingunknown_2026-07-20,imu,unknown,2026-07-21,gs://miamioh-resa-data/CapstoneData/raw/sessions/ds_buildingunknown_2026-07-20/session_2026-07-21_17-57-57/,,,silver,raw,none,,,Uploaded from external drive D:\Data\imu on 2026-08-26. Building unknown; captured with IMU-enabled recorder (dca_realsense_recorder_imu.py). Resolve building in manifest per DATA_LAYOUT_PLAN sec 12.
session_2026-07-21_17-58-13,ds_buildingunknown_2026-07-20,imu,unknown,2026-07-21,gs://miamioh-resa-data/CapstoneData/raw/sessions/ds_buildingunknown_2026-07-20/session_2026-07-21_17-58-13/,,,silver,raw,none,,,Uploaded from external drive D:\Data\imu on 2026-08-26. Building unknown; captured with IMU-enabled recorder (dca_realsense_recorder_imu.py). Resolve building in manifest per DATA_LAYOUT_PLAN sec 12.
session_2026-07-21_17-58-28,ds_buildingunknown_2026-07-20,imu,unknown,2026-07-21,gs://miamioh-resa-data/CapstoneData/raw/sessions/ds_buildingunknown_2026-07-20/session_2026-07-21_17-58-28/,,,silver,raw,none,,,Uploaded from external drive D:\Data\imu on 2026-08-26. Building unknown; captured with IMU-enabled recorder (dca_realsense_recorder_imu.py). Resolve building in manifest per DATA_LAYOUT_PLAN sec 12.
session_2026-07-21_17-58-44,ds_buildingunknown_2026-07-20,imu,unknown,2026-07-21,gs://miamioh-resa-data/CapstoneData/raw/sessions/ds_buildingunknown_2026-07-20/session_2026-07-21_17-58-44/,,,silver,raw,none,,,Uploaded from external drive D:\Data\imu on 2026-08-26. Building unknown; captured with IMU-enabled recorder (dca_realsense_recorder_imu.py). Resolve building in manifest per DATA_LAYOUT_PLAN sec 12.
session_2026-07-21_17-59-19,ds_buildingunknown_2026-07-20,imu,unknown,2026-07-21,gs://miamioh-resa-data/CapstoneData/raw/sessions/ds_buildingunknown_2026-07-20/session_2026-07-21_17-59-19/,,,silver,raw,none,,,Uploaded from external drive D:\Data\imu on 2026-08-26. Building unknown; captured with IMU-enabled recorder (dca_realsense_recorder_imu.py). Resolve building in manifest per DATA_LAYOUT_PLAN sec 12.
session_2026-07-21_17-59-35,ds_buildingunknown_2026-07-20,imu,unknown,2026-07-21,gs://miamioh-resa-data/CapstoneData/raw/sessions/ds_buildingunknown_2026-07-20/session_2026-07-21_17-59-35/,,,silver,raw,none,,,Uploaded from external drive D:\Data\imu on 2026-08-26. Building unknown; captured with IMU-enabled recorder (dca_realsense_recorder_imu.py). Resolve building in manifest per DATA_LAYOUT_PLAN sec 12.
session_2026-07-21_17-59-50,ds_buildingunknown_2026-07-20,imu,unknown,2026-07-21,gs://miamioh-resa-data/CapstoneData/raw/sessions/ds_buildingunknown_2026-07-20/session_2026-07-21_17-59-50/,,,silver,raw,none,,,Uploaded from external drive D:\Data\imu on 2026-08-26. Building unknown; captured with IMU-enabled recorder (dca_realsense_recorder_imu.py). Resolve building in manifest per DATA_LAYOUT_PLAN sec 12.
session_2026-07-21_18-00-06,ds_buildingunknown_2026-07-20,imu,unknown,2026-07-21,gs://miamioh-resa-data/CapstoneData/raw/sessions/ds_buildingunknown_2026-07-20/session_2026-07-21_18-00-06/,,,silver,raw,none,,,Uploaded from external drive D:\Data\imu on 2026-08-26. Building unknown; captured with IMU-enabled recorder (dca_realsense_recorder_imu.py). Resolve building in manifest per DATA_LAYOUT_PLAN sec 12.
session_2026-07-21_18-00-21,ds_buildingunknown_2026-07-20,imu,unknown,2026-07-21,gs://miamioh-resa-data/CapstoneData/raw/sessions/ds_buildingunknown_2026-07-20/session_2026-07-21_18-00-21/,,,silver,raw,none,,,Uploaded from external drive D:\Data\imu on 2026-08-26. Building unknown; captured with IMU-enabled recorder (dca_realsense_recorder_imu.py). Resolve building in manifest per DATA_LAYOUT_PLAN sec 12.
session_2026-07-21_18-00-37,ds_buildingunknown_2026-07-20,imu,unknown,2026-07-21,gs://miamioh-resa-data/CapstoneData/raw/sessions/ds_buildingunknown_2026-07-20/session_2026-07-21_18-00-37/,,,silver,raw,none,,,Uploaded from external drive D:\Data\imu on 2026-08-26. Building unknown; captured with IMU-enabled recorder (dca_realsense_recorder_imu.py). Resolve building in manifest per DATA_LAYOUT_PLAN sec 12.
session_2026-07-21_18-00-52,ds_buildingunknown_2026-07-20,imu,unknown,2026-07-21,gs://miamioh-resa-data/CapstoneData/raw/sessions/ds_buildingunknown_2026-07-20/session_2026-07-21_18-00-52/,,,silver,raw,none,,,Uploaded from external drive D:\Data\imu on 2026-08-26. Building unknown; captured with IMU-enabled recorder (dca_realsense_recorder_imu.py). Resolve building in manifest per DATA_LAYOUT_PLAN sec 12.
session_2026-07-21_18-01-08,ds_buildingunknown_2026-07-20,imu,unknown,2026-07-21,gs://miamioh-resa-data/CapstoneData/raw/sessions/ds_buildingunknown_2026-07-20/session_2026-07-21_18-01-08/,,,silver,raw,none,,,Uploaded from external drive D:\Data\imu on 2026-08-26. Building unknown; captured with IMU-enabled recorder (dca_realsense_recorder_imu.py). Resolve building in manifest per DATA_LAYOUT_PLAN sec 12.
session_2026-07-21_18-01-43,ds_buildingunknown_2026-07-20,imu,unknown,2026-07-21,gs://miamioh-resa-data/CapstoneData/raw/sessions/ds_buildingunknown_2026-07-20/session_2026-07-21_18-01-43/,,,silver,raw,none,,,Uploaded from external drive D:\Data\imu on 2026-08-26. Building unknown; captured with IMU-enabled recorder (dca_realsense_recorder_imu.py). Resolve building in manifest per DATA_LAYOUT_PLAN sec 12.
session_2026-07-21_18-01-58,ds_buildingunknown_2026-07-20,imu,unknown,2026-07-21,gs://miamioh-resa-data/CapstoneData/raw/sessions/ds_buildingunknown_2026-07-20/session_2026-07-21_18-01-58/,,,silver,raw,none,,,Uploaded from external drive D:\Data\imu on 2026-08-26. Building unknown; captured with IMU-enabled recorder (dca_realsense_recorder_imu.py). Resolve building in manifest per DATA_LAYOUT_PLAN sec 12.
session_2026-07-21_18-02-14,ds_buildingunknown_2026-07-20,imu,unknown,2026-07-21,gs://miamioh-resa-data/CapstoneData/raw/sessions/ds_buildingunknown_2026-07-20/session_2026-07-21_18-02-14/,,,silver,raw,none,,,Uploaded from external drive D:\Data\imu on 2026-08-26. Building unknown; captured with IMU-enabled recorder (dca_realsense_recorder_imu.py). Resolve building in manifest per DATA_LAYOUT_PLAN sec 12.
session_2026-07-21_18-02-30,ds_buildingunknown_2026-07-20,imu,unknown,2026-07-21,gs://miamioh-resa-data/CapstoneData/raw/sessions/ds_buildingunknown_2026-07-20/session_2026-07-21_18-02-30/,,,silver,raw,none,,,Uploaded from external drive D:\Data\imu on 2026-08-26. Building unknown; captured with IMU-enabled recorder (dca_realsense_recorder_imu.py). Resolve building in manifest per DATA_LAYOUT_PLAN sec 12.
session_2026-07-21_18-02-45,ds_buildingunknown_2026-07-20,imu,unknown,2026-07-21,gs://miamioh-resa-data/CapstoneData/raw/sessions/ds_buildingunknown_2026-07-20/session_2026-07-21_18-02-45/,,,silver,raw,none,,,Uploaded from external drive D:\Data\imu on 2026-08-26. Building unknown; captured with IMU-enabled recorder (dca_realsense_recorder_imu.py). Resolve building in manifest per DATA_LAYOUT_PLAN sec 12.
session_2026-07-21_18-03-01,ds_buildingunknown_2026-07-20,imu,unknown,2026-07-21,gs://miamioh-resa-data/CapstoneData/raw/sessions/ds_buildingunknown_2026-07-20/session_2026-07-21_18-03-01/,,,silver,raw,none,,,Uploaded from external drive D:\Data\imu on 2026-08-26. Building unknown; captured with IMU-enabled recorder (dca_realsense_recorder_imu.py). Resolve building in manifest per DATA_LAYOUT_PLAN sec 12.
session_2026-07-21_18-03-16,ds_buildingunknown_2026-07-20,imu,unknown,2026-07-21,gs://miamioh-resa-data/CapstoneData/raw/sessions/ds_buildingunknown_2026-07-20/session_2026-07-21_18-03-16/,,,silver,raw,none,,,Uploaded from external drive D:\Data\imu on 2026-08-26. Building unknown; captured with IMU-enabled recorder (dca_realsense_recorder_imu.py). Resolve building in manifest per DATA_LAYOUT_PLAN sec 12.
session_2026-07-21_18-03-32,ds_buildingunknown_2026-07-20,imu,unknown,2026-07-21,gs://miamioh-resa-data/CapstoneData/raw/sessions/ds_buildingunknown_2026-07-20/session_2026-07-21_18-03-32/,,,silver,raw,none,,,Uploaded from external drive D:\Data\imu on 2026-08-26. Building unknown; captured with IMU-enabled recorder (dca_realsense_recorder_imu.py). Resolve building in manifest per DATA_LAYOUT_PLAN sec 12.
session_2026-07-21_18-04-03,ds_buildingunknown_2026-07-20,imu,unknown,2026-07-21,gs://miamioh-resa-data/CapstoneData/raw/sessions/ds_buildingunknown_2026-07-20/session_2026-07-21_18-04-03/,,,silver,raw,none,,,Uploaded from external drive D:\Data\imu on 2026-08-26. Building unknown; captured with IMU-enabled recorder (dca_realsense_recorder_imu.py). Resolve building in manifest per DATA_LAYOUT_PLAN sec 12.
session_2026-07-21_18-04-18,ds_buildingunknown_2026-07-20,imu,unknown,2026-07-21,gs://miamioh-resa-data/CapstoneData/raw/sessions/ds_buildingunknown_2026-07-20/session_2026-07-21_18-04-18/,,,silver,raw,none,,,Uploaded from external drive D:\Data\imu on 2026-08-26. Building unknown; captured with IMU-enabled recorder (dca_realsense_recorder_imu.py). Resolve building in manifest per DATA_LAYOUT_PLAN sec 12.
session_2026-07-21_18-04-34,ds_buildingunknown_2026-07-20,imu,unknown,2026-07-21,gs://miamioh-resa-data/CapstoneData/raw/sessions/ds_buildingunknown_2026-07-20/session_2026-07-21_18-04-34/,,,silver,raw,none,,,Uploaded from external drive D:\Data\imu on 2026-08-26. Building unknown; captured with IMU-enabled recorder (dca_realsense_recorder_imu.py). Resolve building in manifest per DATA_LAYOUT_PLAN sec 12.
session_2026-07-21_18-04-49,ds_buildingunknown_2026-07-20,imu,unknown,2026-07-21,gs://miamioh-resa-data/CapstoneData/raw/sessions/ds_buildingunknown_2026-07-20/session_2026-07-21_18-04-49/,,,silver,raw,none,,,Uploaded from external drive D:\Data\imu on 2026-08-26. Building unknown; captured with IMU-enabled recorder (dca_realsense_recorder_imu.py). Resolve building in manifest per DATA_LAYOUT_PLAN sec 12.
session_2026-07-21_18-05-05,ds_buildingunknown_2026-07-20,imu,unknown,2026-07-21,gs://miamioh-resa-data/CapstoneData/raw/sessions/ds_buildingunknown_2026-07-20/session_2026-07-21_18-05-05/,,,silver,raw,none,,,Uploaded from external drive D:\Data\imu on 2026-08-26. Building unknown; captured with IMU-enabled recorder (dca_realsense_recorder_imu.py). Resolve building in manifest per DATA_LAYOUT_PLAN sec 12.
session_2026-07-21_18-05-20,ds_buildingunknown_2026-07-20,imu,unknown,2026-07-21,gs://miamioh-resa-data/CapstoneData/raw/sessions/ds_buildingunknown_2026-07-20/session_2026-07-21_18-05-20/,,,silver,raw,none,,,Uploaded from external drive D:\Data\imu on 2026-08-26. Building unknown; captured with IMU-enabled recorder (dca_realsense_recorder_imu.py). Resolve building in manifest per DATA_LAYOUT_PLAN sec 12.
session_2026-07-21_18-05-36,ds_buildingunknown_2026-07-20,imu,unknown,2026-07-21,gs://miamioh-resa-data/CapstoneData/raw/sessions/ds_buildingunknown_2026-07-20/session_2026-07-21_18-05-36/,,,silver,raw,none,,,Uploaded from external drive D:\Data\imu on 2026-08-26. Building unknown; captured with IMU-enabled recorder (dca_realsense_recorder_imu.py). Resolve building in manifest per DATA_LAYOUT_PLAN sec 12.
session_2026-07-21_18-05-51,ds_buildingunknown_2026-07-20,imu,unknown,2026-07-21,gs://miamioh-resa-data/CapstoneData/raw/sessions/ds_buildingunknown_2026-07-20/session_2026-07-21_18-05-51/,,,silver,raw,none,,,Uploaded from external drive D:\Data\imu on 2026-08-26. Building unknown; captured with IMU-enabled recorder (dca_realsense_recorder_imu.py). Resolve building in manifest per DATA_LAYOUT_PLAN sec 12.
session_2026-07-21_18-06-27,ds_buildingunknown_2026-07-20,imu,unknown,2026-07-21,gs://miamioh-resa-data/CapstoneData/raw/sessions/ds_buildingunknown_2026-07-20/session_2026-07-21_18-06-27/,,,silver,raw,none,,,Uploaded from external drive D:\Data\imu on 2026-08-26. Building unknown; captured with IMU-enabled recorder (dca_realsense_recorder_imu.py). Resolve building in manifest per DATA_LAYOUT_PLAN sec 12.
session_2026-07-21_18-06-42,ds_buildingunknown_2026-07-20,imu,unknown,2026-07-21,gs://miamioh-resa-data/CapstoneData/raw/sessions/ds_buildingunknown_2026-07-20/session_2026-07-21_18-06-42/,,,silver,raw,none,,,Uploaded from external drive D:\Data\imu on 2026-08-26. Building unknown; captured with IMU-enabled recorder (dca_realsense_recorder_imu.py). Resolve building in manifest per DATA_LAYOUT_PLAN sec 12.
session_2026-07-21_18-06-58,ds_buildingunknown_2026-07-20,imu,unknown,2026-07-21,gs://miamioh-resa-data/CapstoneData/raw/sessions/ds_buildingunknown_2026-07-20/session_2026-07-21_18-06-58/,,,silver,raw,none,,,Uploaded from external drive D:\Data\imu on 2026-08-26. Building unknown; captured with IMU-enabled recorder (dca_realsense_recorder_imu.py). Resolve building in manifest per DATA_LAYOUT_PLAN sec 12.
session_2026-07-21_18-07-13,ds_buildingunknown_2026-07-20,imu,unknown,2026-07-21,gs://miamioh-resa-data/CapstoneData/raw/sessions/ds_buildingunknown_2026-07-20/session_2026-07-21_18-07-13/,,,silver,raw,none,,,Uploaded from external drive D:\Data\imu on 2026-08-26. Building unknown; captured with IMU-enabled recorder (dca_realsense_recorder_imu.py). Resolve building in manifest per DATA_LAYOUT_PLAN sec 12.
session_2026-07-21_18-07-29,ds_buildingunknown_2026-07-20,imu,unknown,2026-07-21,gs://miamioh-resa-data/CapstoneData/raw/sessions/ds_buildingunknown_2026-07-20/session_2026-07-21_18-07-29/,,,silver,raw,none,,,Uploaded from external drive D:\Data\imu on 2026-08-26. Building unknown; captured with IMU-enabled recorder (dca_realsense_recorder_imu.py). Resolve building in manifest per DATA_LAYOUT_PLAN sec 12.
session_2026-07-21_18-07-44,ds_buildingunknown_2026-07-20,imu,unknown,2026-07-21,gs://miamioh-resa-data/CapstoneData/raw/sessions/ds_buildingunknown_2026-07-20/session_2026-07-21_18-07-44/,,,silver,raw,none,,,Uploaded from external drive D:\Data\imu on 2026-08-26. Building unknown; captured with IMU-enabled recorder (dca_realsense_recorder_imu.py). Resolve building in manifest per DATA_LAYOUT_PLAN sec 12.
session_2026-07-21_18-08-00,ds_buildingunknown_2026-07-20,imu,unknown,2026-07-21,gs://miamioh-resa-data/CapstoneData/raw/sessions/ds_buildingunknown_2026-07-20/session_2026-07-21_18-08-00/,,,silver,raw,none,,,Uploaded from external drive D:\Data\imu on 2026-08-26. Building unknown; captured with IMU-enabled recorder (dca_realsense_recorder_imu.py). Resolve building in manifest per DATA_LAYOUT_PLAN sec 12.
session_2026-07-21_18-08-16,ds_buildingunknown_2026-07-20,imu,unknown,2026-07-21,gs://miamioh-resa-data/CapstoneData/raw/sessions/ds_buildingunknown_2026-07-20/session_2026-07-21_18-08-16/,,,silver,raw,none,,,Uploaded from external drive D:\Data\imu on 2026-08-26. Building unknown; captured with IMU-enabled recorder (dca_realsense_recorder_imu.py). Resolve building in manifest per DATA_LAYOUT_PLAN sec 12.
session_2026-07-21_18-08-56,ds_buildingunknown_2026-07-20,imu,unknown,2026-07-21,gs://miamioh-resa-data/CapstoneData/raw/sessions/ds_buildingunknown_2026-07-20/session_2026-07-21_18-08-56/,,,silver,raw,none,,,Uploaded from external drive D:\Data\imu on 2026-08-26. Building unknown; captured with IMU-enabled recorder (dca_realsense_recorder_imu.py). Resolve building in manifest per DATA_LAYOUT_PLAN sec 12.
session_2026-07-21_18-09-11,ds_buildingunknown_2026-07-20,imu,unknown,2026-07-21,gs://miamioh-resa-data/CapstoneData/raw/sessions/ds_buildingunknown_2026-07-20/session_2026-07-21_18-09-11/,,,silver,raw,none,,,Uploaded from external drive D:\Data\imu on 2026-08-26. Building unknown; captured with IMU-enabled recorder (dca_realsense_recorder_imu.py). Resolve building in manifest per DATA_LAYOUT_PLAN sec 12.
session_2026-07-21_18-09-27,ds_buildingunknown_2026-07-20,imu,unknown,2026-07-21,gs://miamioh-resa-data/CapstoneData/raw/sessions/ds_buildingunknown_2026-07-20/session_2026-07-21_18-09-27/,,,silver,raw,none,,,Uploaded from external drive D:\Data\imu on 2026-08-26. Building unknown; captured with IMU-enabled recorder (dca_realsense_recorder_imu.py). Resolve building in manifest per DATA_LAYOUT_PLAN sec 12.
session_2026-07-21_18-09-42,ds_buildingunknown_2026-07-20,imu,unknown,2026-07-21,gs://miamioh-resa-data/CapstoneData/raw/sessions/ds_buildingunknown_2026-07-20/session_2026-07-21_18-09-42/,,,silver,raw,none,,,Uploaded from external drive D:\Data\imu on 2026-08-26. Building unknown; captured with IMU-enabled recorder (dca_realsense_recorder_imu.py). Resolve building in manifest per DATA_LAYOUT_PLAN sec 12.
session_2026-07-21_18-09-58,ds_buildingunknown_2026-07-20,imu,unknown,2026-07-21,gs://miamioh-resa-data/CapstoneData/raw/sessions/ds_buildingunknown_2026-07-20/session_2026-07-21_18-09-58/,,,silver,raw,none,,,Uploaded from external drive D:\Data\imu on 2026-08-26. Building unknown; captured with IMU-enabled recorder (dca_realsense_recorder_imu.py). Resolve building in manifest per DATA_LAYOUT_PLAN sec 12.
session_2026-07-21_18-10-13,ds_buildingunknown_2026-07-20,imu,unknown,2026-07-21,gs://miamioh-resa-data/CapstoneData/raw/sessions/ds_buildingunknown_2026-07-20/session_2026-07-21_18-10-13/,,,silver,raw,none,,,Uploaded from external drive D:\Data\imu on 2026-08-26. Building unknown; captured with IMU-enabled recorder (dca_realsense_recorder_imu.py). Resolve building in manifest per DATA_LAYOUT_PLAN sec 12.
session_2026-07-21_18-10-29,ds_buildingunknown_2026-07-20,imu,unknown,2026-07-21,gs://miamioh-resa-data/CapstoneData/raw/sessions/ds_buildingunknown_2026-07-20/session_2026-07-21_18-10-29/,,,silver,raw,none,,,Uploaded from external drive D:\Data\imu on 2026-08-26. Building unknown; captured with IMU-enabled recorder (dca_realsense_recorder_imu.py). Resolve building in manifest per DATA_LAYOUT_PLAN sec 12.
session_2026-07-21_18-10-44,ds_buildingunknown_2026-07-20,imu,unknown,2026-07-21,gs://miamioh-resa-data/CapstoneData/raw/sessions/ds_buildingunknown_2026-07-20/session_2026-07-21_18-10-44/,,,silver,raw,none,,,Uploaded from external drive D:\Data\imu on 2026-08-26. Building unknown; captured with IMU-enabled recorder (dca_realsense_recorder_imu.py). Resolve building in manifest per DATA_LAYOUT_PLAN sec 12.
session_2026-07-21_18-11-32,ds_buildingunknown_2026-07-20,imu,unknown,2026-07-21,gs://miamioh-resa-data/CapstoneData/raw/sessions/ds_buildingunknown_2026-07-20/session_2026-07-21_18-11-32/,,,silver,raw,none,,,Uploaded from external drive D:\Data\imu on 2026-08-26. Building unknown; captured with IMU-enabled recorder (dca_realsense_recorder_imu.py). Resolve building in manifest per DATA_LAYOUT_PLAN sec 12.
session_2026-07-21_18-11-47,ds_buildingunknown_2026-07-20,imu,unknown,2026-07-21,gs://miamioh-resa-data/CapstoneData/raw/sessions/ds_buildingunknown_2026-07-20/session_2026-07-21_18-11-47/,,,silver,raw,none,,,Uploaded from external drive D:\Data\imu on 2026-08-26. Building unknown; captured with IMU-enabled recorder (dca_realsense_recorder_imu.py). Resolve building in manifest per DATA_LAYOUT_PLAN sec 12.
session_2026-07-21_18-12-03,ds_buildingunknown_2026-07-20,imu,unknown,2026-07-21,gs://miamioh-resa-data/CapstoneData/raw/sessions/ds_buildingunknown_2026-07-20/session_2026-07-21_18-12-03/,,,silver,raw,none,,,Uploaded from external drive D:\Data\imu on 2026-08-26. Building unknown; captured with IMU-enabled recorder (dca_realsense_recorder_imu.py). Resolve building in manifest per DATA_LAYOUT_PLAN sec 12.
session_2026-07-21_18-12-18,ds_buildingunknown_2026-07-20,imu,unknown,2026-07-21,gs://miamioh-resa-data/CapstoneData/raw/sessions/ds_buildingunknown_2026-07-20/session_2026-07-21_18-12-18/,,,silver,raw,none,,,Uploaded from external drive D:\Data\imu on 2026-08-26. Building unknown; captured with IMU-enabled recorder (dca_realsense_recorder_imu.py). Resolve building in manifest per DATA_LAYOUT_PLAN sec 12.
session_2026-07-21_18-12-34,ds_buildingunknown_2026-07-20,imu,unknown,2026-07-21,gs://miamioh-resa-data/CapstoneData/raw/sessions/ds_buildingunknown_2026-07-20/session_2026-07-21_18-12-34/,,,silver,raw,none,,,Uploaded from external drive D:\Data\imu on 2026-08-26. Building unknown; captured with IMU-enabled recorder (dca_realsense_recorder_imu.py). Resolve building in manifest per DATA_LAYOUT_PLAN sec 12.
session_2026-07-21_18-12-49,ds_buildingunknown_2026-07-20,imu,unknown,2026-07-21,gs://miamioh-resa-data/CapstoneData/raw/sessions/ds_buildingunknown_2026-07-20/session_2026-07-21_18-12-49/,,,silver,raw,none,,,Uploaded from external drive D:\Data\imu on 2026-08-26. Building unknown; captured with IMU-enabled recorder (dca_realsense_recorder_imu.py). Resolve building in manifest per DATA_LAYOUT_PLAN sec 12.
session_2026-07-21_18-13-05,ds_buildingunknown_2026-07-20,imu,unknown,2026-07-21,gs://miamioh-resa-data/CapstoneData/raw/sessions/ds_buildingunknown_2026-07-20/session_2026-07-21_18-13-05/,,,silver,raw,none,,,Uploaded from external drive D:\Data\imu on 2026-08-26. Building unknown; captured with IMU-enabled recorder (dca_realsense_recorder_imu.py). Resolve building in manifest per DATA_LAYOUT_PLAN sec 12.
session_2026-07-27_14-26-36,ds_buildingunknown_2026-07-20,imu,unknown,2026-07-27,gs://miamioh-resa-data/CapstoneData/raw/sessions/ds_buildingunknown_2026-07-20/session_2026-07-27_14-26-36/,,,silver,raw,none,,,Uploaded from external drive D:\Data\imu on 2026-08-26. Building unknown; captured with IMU-enabled recorder (dca_realsense_recorder_imu.py). Resolve building in manifest per DATA_LAYOUT_PLAN sec 12.
session_2026-07-27_14-30-56,ds_buildingunknown_2026-07-20,imu,unknown,2026-07-27,gs://miamioh-resa-data/CapstoneData/raw/sessions/ds_buildingunknown_2026-07-20/session_2026-07-27_14-30-56/,,,silver,raw,none,,,Uploaded from external drive D:\Data\imu on 2026-08-26. Building unknown; captured with IMU-enabled recorder (dca_realsense_recorder_imu.py). Resolve building in manifest per DATA_LAYOUT_PLAN sec 12.
session_2026-07-27_14-31-11,ds_buildingunknown_2026-07-20,imu,unknown,2026-07-27,gs://miamioh-resa-data/CapstoneData/raw/sessions/ds_buildingunknown_2026-07-20/session_2026-07-27_14-31-11/,,,silver,raw,none,,,Uploaded from external drive D:\Data\imu on 2026-08-26. Building unknown; captured with IMU-enabled recorder (dca_realsense_recorder_imu.py). Resolve building in manifest per DATA_LAYOUT_PLAN sec 12.
session_2026-07-27_14-31-27,ds_buildingunknown_2026-07-20,imu,unknown,2026-07-27,gs://miamioh-resa-data/CapstoneData/raw/sessions/ds_buildingunknown_2026-07-20/session_2026-07-27_14-31-27/,,,silver,raw,none,,,Uploaded from external drive D:\Data\imu on 2026-08-26. Building unknown; captured with IMU-enabled recorder (dca_realsense_recorder_imu.py). Resolve building in manifest per DATA_LAYOUT_PLAN sec 12.
session_2026-07-27_14-31-42,ds_buildingunknown_2026-07-20,imu,unknown,2026-07-27,gs://miamioh-resa-data/CapstoneData/raw/sessions/ds_buildingunknown_2026-07-20/session_2026-07-27_14-31-42/,,,silver,raw,none,,,Uploaded from external drive D:\Data\imu on 2026-08-26. Building unknown; captured with IMU-enabled recorder (dca_realsense_recorder_imu.py). Resolve building in manifest per DATA_LAYOUT_PLAN sec 12.
session_2026-07-27_14-31-58,ds_buildingunknown_2026-07-20,imu,unknown,2026-07-27,gs://miamioh-resa-data/CapstoneData/raw/sessions/ds_buildingunknown_2026-07-20/session_2026-07-27_14-31-58/,,,silver,raw,none,,,Uploaded from external drive D:\Data\imu on 2026-08-26. Building unknown; captured with IMU-enabled recorder (dca_realsense_recorder_imu.py). Resolve building in manifest per DATA_LAYOUT_PLAN sec 12.
session_2026-07-27_14-32-14,ds_buildingunknown_2026-07-20,imu,unknown,2026-07-27,gs://miamioh-resa-data/CapstoneData/raw/sessions/ds_buildingunknown_2026-07-20/session_2026-07-27_14-32-14/,,,silver,raw,none,,,Uploaded from external drive D:\Data\imu on 2026-08-26. Building unknown; captured with IMU-enabled recorder (dca_realsense_recorder_imu.py). Resolve building in manifest per DATA_LAYOUT_PLAN sec 12.
session_2026-07-27_14-32-30,ds_buildingunknown_2026-07-20,imu,unknown,2026-07-27,gs://miamioh-resa-data/CapstoneData/raw/sessions/ds_buildingunknown_2026-07-20/session_2026-07-27_14-32-30/,,,silver,raw,none,,,Uploaded from external drive D:\Data\imu on 2026-08-26. Building unknown; captured with IMU-enabled recorder (dca_realsense_recorder_imu.py). Resolve building in manifest per DATA_LAYOUT_PLAN sec 12.
session_2026-07-27_14-32-46,ds_buildingunknown_2026-07-20,imu,unknown,2026-07-27,gs://miamioh-resa-data/CapstoneData/raw/sessions/ds_buildingunknown_2026-07-20/session_2026-07-27_14-32-46/,,,silver,raw,none,,,Uploaded from external drive D:\Data\imu on 2026-08-26. Building unknown; captured with IMU-enabled recorder (dca_realsense_recorder_imu.py). Resolve building in manifest per DATA_LAYOUT_PLAN sec 12.
session_2026-07-27_14-33-26,ds_buildingunknown_2026-07-20,imu,unknown,2026-07-27,gs://miamioh-resa-data/CapstoneData/raw/sessions/ds_buildingunknown_2026-07-20/session_2026-07-27_14-33-26/,,,silver,raw,none,,,Uploaded from external drive D:\Data\imu on 2026-08-26. Building unknown; captured with IMU-enabled recorder (dca_realsense_recorder_imu.py). Resolve building in manifest per DATA_LAYOUT_PLAN sec 12.
session_2026-07-27_14-33-41,ds_buildingunknown_2026-07-20,imu,unknown,2026-07-27,gs://miamioh-resa-data/CapstoneData/raw/sessions/ds_buildingunknown_2026-07-20/session_2026-07-27_14-33-41/,,,silver,raw,none,,,Uploaded from external drive D:\Data\imu on 2026-08-26. Building unknown; captured with IMU-enabled recorder (dca_realsense_recorder_imu.py). Resolve building in manifest per DATA_LAYOUT_PLAN sec 12.
session_2026-07-27_14-33-57,ds_buildingunknown_2026-07-20,imu,unknown,2026-07-27,gs://miamioh-resa-data/CapstoneData/raw/sessions/ds_buildingunknown_2026-07-20/session_2026-07-27_14-33-57/,,,silver,raw,none,,,Uploaded from external drive D:\Data\imu on 2026-08-26. Building unknown; captured with IMU-enabled recorder (dca_realsense_recorder_imu.py). Resolve building in manifest per DATA_LAYOUT_PLAN sec 12.
session_2026-07-27_14-34-13,ds_buildingunknown_2026-07-20,imu,unknown,2026-07-27,gs://miamioh-resa-data/CapstoneData/raw/sessions/ds_buildingunknown_2026-07-20/session_2026-07-27_14-34-13/,,,silver,raw,none,,,Uploaded from external drive D:\Data\imu on 2026-08-26. Building unknown; captured with IMU-enabled recorder (dca_realsense_recorder_imu.py). Resolve building in manifest per DATA_LAYOUT_PLAN sec 12.
session_2026-07-27_14-34-28,ds_buildingunknown_2026-07-20,imu,unknown,2026-07-27,gs://miamioh-resa-data/CapstoneData/raw/sessions/ds_buildingunknown_2026-07-20/session_2026-07-27_14-34-28/,,,silver,raw,none,,,Uploaded from external drive D:\Data\imu on 2026-08-26. Building unknown; captured with IMU-enabled recorder (dca_realsense_recorder_imu.py). Resolve building in manifest per DATA_LAYOUT_PLAN sec 12.
session_2026-07-27_14-34-44,ds_buildingunknown_2026-07-20,imu,unknown,2026-07-27,gs://miamioh-resa-data/CapstoneData/raw/sessions/ds_buildingunknown_2026-07-20/session_2026-07-27_14-34-44/,,,silver,raw,none,,,Uploaded from external drive D:\Data\imu on 2026-08-26. Building unknown; captured with IMU-enabled recorder (dca_realsense_recorder_imu.py). Resolve building in manifest per DATA_LAYOUT_PLAN sec 12.
session_2026-07-27_14-35-00,ds_buildingunknown_2026-07-20,imu,unknown,2026-07-27,gs://miamioh-resa-data/CapstoneData/raw/sessions/ds_buildingunknown_2026-07-20/session_2026-07-27_14-35-00/,,,silver,raw,none,,,Uploaded from external drive D:\Data\imu on 2026-08-26. Building unknown; captured with IMU-enabled recorder (dca_realsense_recorder_imu.py). Resolve building in manifest per DATA_LAYOUT_PLAN sec 12.
session_2026-07-27_14-35-15,ds_buildingunknown_2026-07-20,imu,unknown,2026-07-27,gs://miamioh-resa-data/CapstoneData/raw/sessions/ds_buildingunknown_2026-07-20/session_2026-07-27_14-35-15/,,,silver,raw,none,,,Uploaded from external drive D:\Data\imu on 2026-08-26. Building unknown; captured with IMU-enabled recorder (dca_realsense_recorder_imu.py). Resolve building in manifest per DATA_LAYOUT_PLAN sec 12.
session_2026-07-27_14-36-09,ds_buildingunknown_2026-07-20,imu,unknown,2026-07-27,gs://miamioh-resa-data/CapstoneData/raw/sessions/ds_buildingunknown_2026-07-20/session_2026-07-27_14-36-09/,,,silver,raw,none,,,Uploaded from external drive D:\Data\imu on 2026-08-26. Building unknown; captured with IMU-enabled recorder (dca_realsense_recorder_imu.py). Resolve building in manifest per DATA_LAYOUT_PLAN sec 12.
session_2026-07-27_14-36-25,ds_buildingunknown_2026-07-20,imu,unknown,2026-07-27,gs://miamioh-resa-data/CapstoneData/raw/sessions/ds_buildingunknown_2026-07-20/session_2026-07-27_14-36-25/,,,silver,raw,none,,,Uploaded from external drive D:\Data\imu on 2026-08-26. Building unknown; captured with IMU-enabled recorder (dca_realsense_recorder_imu.py). Resolve building in manifest per DATA_LAYOUT_PLAN sec 12.
session_2026-07-27_14-36-40,ds_buildingunknown_2026-07-20,imu,unknown,2026-07-27,gs://miamioh-resa-data/CapstoneData/raw/sessions/ds_buildingunknown_2026-07-20/session_2026-07-27_14-36-40/,,,silver,raw,none,,,Uploaded from external drive D:\Data\imu on 2026-08-26. Building unknown; captured with IMU-enabled recorder (dca_realsense_recorder_imu.py). Resolve building in manifest per DATA_LAYOUT_PLAN sec 12.
session_2026-07-27_14-36-56,ds_buildingunknown_2026-07-20,imu,unknown,2026-07-27,gs://miamioh-resa-data/CapstoneData/raw/sessions/ds_buildingunknown_2026-07-20/session_2026-07-27_14-36-56/,,,silver,raw,none,,,Uploaded from external drive D:\Data\imu on 2026-08-26. Building unknown; captured with IMU-enabled recorder (dca_realsense_recorder_imu.py). Resolve building in manifest per DATA_LAYOUT_PLAN sec 12.
session_2026-07-27_14-37-14,ds_buildingunknown_2026-07-20,imu,unknown,2026-07-27,gs://miamioh-resa-data/CapstoneData/raw/sessions/ds_buildingunknown_2026-07-20/session_2026-07-27_14-37-14/,,,silver,raw,none,,,Uploaded from external drive D:\Data\imu on 2026-08-26. Building unknown; captured with IMU-enabled recorder (dca_realsense_recorder_imu.py). Resolve building in manifest per DATA_LAYOUT_PLAN sec 12.
session_2026-07-27_14-37-31,ds_buildingunknown_2026-07-20,imu,unknown,2026-07-27,gs://miamioh-resa-data/CapstoneData/raw/sessions/ds_buildingunknown_2026-07-20/session_2026-07-27_14-37-31/,,,silver,raw,none,,,Uploaded from external drive D:\Data\imu on 2026-08-26. Building unknown; captured with IMU-enabled recorder (dca_realsense_recorder_imu.py). Resolve building in manifest per DATA_LAYOUT_PLAN sec 12.
session_2026-07-27_14-37-46,ds_buildingunknown_2026-07-20,imu,unknown,2026-07-27,gs://miamioh-resa-data/CapstoneData/raw/sessions/ds_buildingunknown_2026-07-20/session_2026-07-27_14-37-46/,,,silver,raw,none,,,Uploaded from external drive D:\Data\imu on 2026-08-26. Building unknown; captured with IMU-enabled recorder (dca_realsense_recorder_imu.py). Resolve building in manifest per DATA_LAYOUT_PLAN sec 12.
session_2026-07-27_14-38-02,ds_buildingunknown_2026-07-20,imu,unknown,2026-07-27,gs://miamioh-resa-data/CapstoneData/raw/sessions/ds_buildingunknown_2026-07-20/session_2026-07-27_14-38-02/,,,silver,raw,none,,,Uploaded from external drive D:\Data\imu on 2026-08-26. Building unknown; captured with IMU-enabled recorder (dca_realsense_recorder_imu.py). Resolve building in manifest per DATA_LAYOUT_PLAN sec 12.
session_2026-07-27_14-38-49,ds_buildingunknown_2026-07-20,imu,unknown,2026-07-27,gs://miamioh-resa-data/CapstoneData/raw/sessions/ds_buildingunknown_2026-07-20/session_2026-07-27_14-38-49/,,,silver,raw,none,,,Uploaded from external drive D:\Data\imu on 2026-08-26. Building unknown; captured with IMU-enabled recorder (dca_realsense_recorder_imu.py). Resolve building in manifest per DATA_LAYOUT_PLAN sec 12.
session_2026-07-27_14-39-04,ds_buildingunknown_2026-07-20,imu,unknown,2026-07-27,gs://miamioh-resa-data/CapstoneData/raw/sessions/ds_buildingunknown_2026-07-20/session_2026-07-27_14-39-04/,,,silver,raw,none,,,Uploaded from external drive D:\Data\imu on 2026-08-26. Building unknown; captured with IMU-enabled recorder (dca_realsense_recorder_imu.py). Resolve building in manifest per DATA_LAYOUT_PLAN sec 12.
session_2026-07-27_14-39-20,ds_buildingunknown_2026-07-20,imu,unknown,2026-07-27,gs://miamioh-resa-data/CapstoneData/raw/sessions/ds_buildingunknown_2026-07-20/session_2026-07-27_14-39-20/,,,silver,raw,none,,,Uploaded from external drive D:\Data\imu on 2026-08-26. Building unknown; captured with IMU-enabled recorder (dca_realsense_recorder_imu.py). Resolve building in manifest per DATA_LAYOUT_PLAN sec 12.
session_2026-07-27_14-39-36,ds_buildingunknown_2026-07-20,imu,unknown,2026-07-27,gs://miamioh-resa-data/CapstoneData/raw/sessions/ds_buildingunknown_2026-07-20/session_2026-07-27_14-39-36/,,,silver,raw,none,,,Uploaded from external drive D:\Data\imu on 2026-08-26. Building unknown; captured with IMU-enabled recorder (dca_realsense_recorder_imu.py). Resolve building in manifest per DATA_LAYOUT_PLAN sec 12.
session_2026-07-27_14-39-52,ds_buildingunknown_2026-07-20,imu,unknown,2026-07-27,gs://miamioh-resa-data/CapstoneData/raw/sessions/ds_buildingunknown_2026-07-20/session_2026-07-27_14-39-52/,,,silver,raw,none,,,Uploaded from external drive D:\Data\imu on 2026-08-26. Building unknown; captured with IMU-enabled recorder (dca_realsense_recorder_imu.py). Resolve building in manifest per DATA_LAYOUT_PLAN sec 12.
session_2026-07-27_14-40-08,ds_buildingunknown_2026-07-20,imu,unknown,2026-07-27,gs://miamioh-resa-data/CapstoneData/raw/sessions/ds_buildingunknown_2026-07-20/session_2026-07-27_14-40-08/,,,silver,raw,none,,,Uploaded from external drive D:\Data\imu on 2026-08-26. Building unknown; captured with IMU-enabled recorder (dca_realsense_recorder_imu.py). Resolve building in manifest per DATA_LAYOUT_PLAN sec 12.
session_2026-07-27_14-40-23,ds_buildingunknown_2026-07-20,imu,unknown,2026-07-27,gs://miamioh-resa-data/CapstoneData/raw/sessions/ds_buildingunknown_2026-07-20/session_2026-07-27_14-40-23/,,,silver,raw,none,,,Uploaded from external drive D:\Data\imu on 2026-08-26. Building unknown; captured with IMU-enabled recorder (dca_realsense_recorder_imu.py). Resolve building in manifest per DATA_LAYOUT_PLAN sec 12.
session_2026-07-27_14-40-39,ds_buildingunknown_2026-07-20,imu,unknown,2026-07-27,gs://miamioh-resa-data/CapstoneData/raw/sessions/ds_buildingunknown_2026-07-20/session_2026-07-27_14-40-39/,,,silver,raw,none,,,Uploaded from external drive D:\Data\imu on 2026-08-26. Building unknown; captured with IMU-enabled recorder (dca_realsense_recorder_imu.py). Resolve building in manifest per DATA_LAYOUT_PLAN sec 12.
session_2026-07-27_14-41-10,ds_buildingunknown_2026-07-20,imu,unknown,2026-07-27,gs://miamioh-resa-data/CapstoneData/raw/sessions/ds_buildingunknown_2026-07-20/session_2026-07-27_14-41-10/,,,silver,raw,none,,,Uploaded from external drive D:\Data\imu on 2026-08-26. Building unknown; captured with IMU-enabled recorder (dca_realsense_recorder_imu.py). Resolve building in manifest per DATA_LAYOUT_PLAN sec 12.
session_2026-07-27_14-41-26,ds_buildingunknown_2026-07-20,imu,unknown,2026-07-27,gs://miamioh-resa-data/CapstoneData/raw/sessions/ds_buildingunknown_2026-07-20/session_2026-07-27_14-41-26/,,,silver,raw,none,,,Uploaded from external drive D:\Data\imu on 2026-08-26. Building unknown; captured with IMU-enabled recorder (dca_realsense_recorder_imu.py). Resolve building in manifest per DATA_LAYOUT_PLAN sec 12.
session_2026-07-27_14-41-41,ds_buildingunknown_2026-07-20,imu,unknown,2026-07-27,gs://miamioh-resa-data/CapstoneData/raw/sessions/ds_buildingunknown_2026-07-20/session_2026-07-27_14-41-41/,,,silver,raw,none,,,Uploaded from external drive D:\Data\imu on 2026-08-26. Building unknown; captured with IMU-enabled recorder (dca_realsense_recorder_imu.py). Resolve building in manifest per DATA_LAYOUT_PLAN sec 12.
session_2026-07-27_14-41-57,ds_buildingunknown_2026-07-20,imu,unknown,2026-07-27,gs://miamioh-resa-data/CapstoneData/raw/sessions/ds_buildingunknown_2026-07-20/session_2026-07-27_14-41-57/,,,silver,raw,none,,,Uploaded from external drive D:\Data\imu on 2026-08-26. Building unknown; captured with IMU-enabled recorder (dca_realsense_recorder_imu.py). Resolve building in manifest per DATA_LAYOUT_PLAN sec 12.
session_2026-07-27_14-42-17,ds_buildingunknown_2026-07-20,imu,unknown,2026-07-27,gs://miamioh-resa-data/CapstoneData/raw/sessions/ds_buildingunknown_2026-07-20/session_2026-07-27_14-42-17/,,,silver,raw,none,,,Uploaded from external drive D:\Data\imu on 2026-08-26. Building unknown; captured with IMU-enabled recorder (dca_realsense_recorder_imu.py). Resolve building in manifest per DATA_LAYOUT_PLAN sec 12.
session_2026-07-27_14-42-33,ds_buildingunknown_2026-07-20,imu,unknown,2026-07-27,gs://miamioh-resa-data/CapstoneData/raw/sessions/ds_buildingunknown_2026-07-20/session_2026-07-27_14-42-33/,,,silver,raw,none,,,Uploaded from external drive D:\Data\imu on 2026-08-26. Building unknown; captured with IMU-enabled recorder (dca_realsense_recorder_imu.py). Resolve building in manifest per DATA_LAYOUT_PLAN sec 12.
session_2026-07-27_14-42-48,ds_buildingunknown_2026-07-20,imu,unknown,2026-07-27,gs://miamioh-resa-data/CapstoneData/raw/sessions/ds_buildingunknown_2026-07-20/session_2026-07-27_14-42-48/,,,silver,raw,none,,,Uploaded from external drive D:\Data\imu on 2026-08-26. Building unknown; captured with IMU-enabled recorder (dca_realsense_recorder_imu.py). Resolve building in manifest per DATA_LAYOUT_PLAN sec 12.
session_2026-07-27_14-43-04,ds_buildingunknown_2026-07-20,imu,unknown,2026-07-27,gs://miamioh-resa-data/CapstoneData/raw/sessions/ds_buildingunknown_2026-07-20/session_2026-07-27_14-43-04/,,,silver,raw,none,,,Uploaded from external drive D:\Data\imu on 2026-08-26. Building unknown; captured with IMU-enabled recorder (dca_realsense_recorder_imu.py). Resolve building in manifest per DATA_LAYOUT_PLAN sec 12.
session_2026-07-27_14-50-40,ds_buildingunknown_2026-07-20,imu,unknown,2026-07-27,gs://miamioh-resa-data/CapstoneData/raw/sessions/ds_buildingunknown_2026-07-20/session_2026-07-27_14-50-40/,,,silver,raw,none,,,Uploaded from external drive D:\Data\imu on 2026-08-26. Building unknown; captured with IMU-enabled recorder (dca_realsense_recorder_imu.py). Resolve building in manifest per DATA_LAYOUT_PLAN sec 12.
session_2026-07-27_14-50-56,ds_buildingunknown_2026-07-20,imu,unknown,2026-07-27,gs://miamioh-resa-data/CapstoneData/raw/sessions/ds_buildingunknown_2026-07-20/session_2026-07-27_14-50-56/,,,silver,raw,none,,,Uploaded from external drive D:\Data\imu on 2026-08-26. Building unknown; captured with IMU-enabled recorder (dca_realsense_recorder_imu.py). Resolve building in manifest per DATA_LAYOUT_PLAN sec 12.
session_2026-07-27_14-51-11,ds_buildingunknown_2026-07-20,imu,unknown,2026-07-27,gs://miamioh-resa-data/CapstoneData/raw/sessions/ds_buildingunknown_2026-07-20/session_2026-07-27_14-51-11/,,,silver,raw,none,,,Uploaded from external drive D:\Data\imu on 2026-08-26. Building unknown; captured with IMU-enabled recorder (dca_realsense_recorder_imu.py). Resolve building in manifest per DATA_LAYOUT_PLAN sec 12.
session_2026-07-27_14-51-27,ds_buildingunknown_2026-07-20,imu,unknown,2026-07-27,gs://miamioh-resa-data/CapstoneData/raw/sessions/ds_buildingunknown_2026-07-20/session_2026-07-27_14-51-27/,,,silver,raw,none,,,Uploaded from external drive D:\Data\imu on 2026-08-26. Building unknown; captured with IMU-enabled recorder (dca_realsense_recorder_imu.py). Resolve building in manifest per DATA_LAYOUT_PLAN sec 12.
session_2026-07-27_14-51-42,ds_buildingunknown_2026-07-20,imu,unknown,2026-07-27,gs://miamioh-resa-data/CapstoneData/raw/sessions/ds_buildingunknown_2026-07-20/session_2026-07-27_14-51-42/,,,silver,raw,none,,,Uploaded from external drive D:\Data\imu on 2026-08-26. Building unknown; captured with IMU-enabled recorder (dca_realsense_recorder_imu.py). Resolve building in manifest per DATA_LAYOUT_PLAN sec 12.
session_2026-07-27_14-51-58,ds_buildingunknown_2026-07-20,imu,unknown,2026-07-27,gs://miamioh-resa-data/CapstoneData/raw/sessions/ds_buildingunknown_2026-07-20/session_2026-07-27_14-51-58/,,,silver,raw,none,,,Uploaded from external drive D:\Data\imu on 2026-08-26. Building unknown; captured with IMU-enabled recorder (dca_realsense_recorder_imu.py). Resolve building in manifest per DATA_LAYOUT_PLAN sec 12.
session_2026-07-27_14-52-15,ds_buildingunknown_2026-07-20,imu,unknown,2026-07-27,gs://miamioh-resa-data/CapstoneData/raw/sessions/ds_buildingunknown_2026-07-20/session_2026-07-27_14-52-15/,,,silver,raw,none,,,Uploaded from external drive D:\Data\imu on 2026-08-26. Building unknown; captured with IMU-enabled recorder (dca_realsense_recorder_imu.py). Resolve building in manifest per DATA_LAYOUT_PLAN sec 12.
session_2026-07-27_14-52-31,ds_buildingunknown_2026-07-20,imu,unknown,2026-07-27,gs://miamioh-resa-data/CapstoneData/raw/sessions/ds_buildingunknown_2026-07-20/session_2026-07-27_14-52-31/,,,silver,raw,none,,,Uploaded from external drive D:\Data\imu on 2026-08-26. Building unknown; captured with IMU-enabled recorder (dca_realsense_recorder_imu.py). Resolve building in manifest per DATA_LAYOUT_PLAN sec 12.
session_2026-07-27_14-53-06,ds_buildingunknown_2026-07-20,imu,unknown,2026-07-27,gs://miamioh-resa-data/CapstoneData/raw/sessions/ds_buildingunknown_2026-07-20/session_2026-07-27_14-53-06/,,,silver,raw,none,,,Uploaded from external drive D:\Data\imu on 2026-08-26. Building unknown; captured with IMU-enabled recorder (dca_realsense_recorder_imu.py). Resolve building in manifest per DATA_LAYOUT_PLAN sec 12.
session_2026-07-27_14-53-22,ds_buildingunknown_2026-07-20,imu,unknown,2026-07-27,gs://miamioh-resa-data/CapstoneData/raw/sessions/ds_buildingunknown_2026-07-20/session_2026-07-27_14-53-22/,,,silver,raw,none,,,Uploaded from external drive D:\Data\imu on 2026-08-26. Building unknown; captured with IMU-enabled recorder (dca_realsense_recorder_imu.py). Resolve building in manifest per DATA_LAYOUT_PLAN sec 12.
session_2026-07-27_14-53-38,ds_buildingunknown_2026-07-20,imu,unknown,2026-07-27,gs://miamioh-resa-data/CapstoneData/raw/sessions/ds_buildingunknown_2026-07-20/session_2026-07-27_14-53-38/,,,silver,raw,none,,,Uploaded from external drive D:\Data\imu on 2026-08-26. Building unknown; captured with IMU-enabled recorder (dca_realsense_recorder_imu.py). Resolve building in manifest per DATA_LAYOUT_PLAN sec 12.
session_2026-07-27_14-53-55,ds_buildingunknown_2026-07-20,imu,unknown,2026-07-27,gs://miamioh-resa-data/CapstoneData/raw/sessions/ds_buildingunknown_2026-07-20/session_2026-07-27_14-53-55/,,,silver,raw,none,,,Uploaded from external drive D:\Data\imu on 2026-08-26. Building unknown; captured with IMU-enabled recorder (dca_realsense_recorder_imu.py). Resolve building in manifest per DATA_LAYOUT_PLAN sec 12.
session_2026-07-27_14-54-11,ds_buildingunknown_2026-07-20,imu,unknown,2026-07-27,gs://miamioh-resa-data/CapstoneData/raw/sessions/ds_buildingunknown_2026-07-20/session_2026-07-27_14-54-11/,,,silver,raw,none,,,Uploaded from external drive D:\Data\imu on 2026-08-26. Building unknown; captured with IMU-enabled recorder (dca_realsense_recorder_imu.py). Resolve building in manifest per DATA_LAYOUT_PLAN sec 12.
session_2026-07-27_14-54-27,ds_buildingunknown_2026-07-20,imu,unknown,2026-07-27,gs://miamioh-resa-data/CapstoneData/raw/sessions/ds_buildingunknown_2026-07-20/session_2026-07-27_14-54-27/,,,silver,raw,none,,,Uploaded from external drive D:\Data\imu on 2026-08-26. Building unknown; captured with IMU-enabled recorder (dca_realsense_recorder_imu.py). Resolve building in manifest per DATA_LAYOUT_PLAN sec 12.
session_2026-07-27_14-54-42,ds_buildingunknown_2026-07-20,imu,unknown,2026-07-27,gs://miamioh-resa-data/CapstoneData/raw/sessions/ds_buildingunknown_2026-07-20/session_2026-07-27_14-54-42/,,,silver,raw,none,,,Uploaded from external drive D:\Data\imu on 2026-08-26. Building unknown; captured with IMU-enabled recorder (dca_realsense_recorder_imu.py). Resolve building in manifest per DATA_LAYOUT_PLAN sec 12.
session_2026-07-27_14-54-58,ds_buildingunknown_2026-07-20,imu,unknown,2026-07-27,gs://miamioh-resa-data/CapstoneData/raw/sessions/ds_buildingunknown_2026-07-20/session_2026-07-27_14-54-58/,,,silver,raw,none,,,Uploaded from external drive D:\Data\imu on 2026-08-26. Building unknown; captured with IMU-enabled recorder (dca_realsense_recorder_imu.py). Resolve building in manifest per DATA_LAYOUT_PLAN sec 12.
session_2026-07-27_14-55-30,ds_buildingunknown_2026-07-20,imu,unknown,2026-07-27,gs://miamioh-resa-data/CapstoneData/raw/sessions/ds_buildingunknown_2026-07-20/session_2026-07-27_14-55-30/,,,silver,raw,none,,,Uploaded from external drive D:\Data\imu on 2026-08-26. Building unknown; captured with IMU-enabled recorder (dca_realsense_recorder_imu.py). Resolve building in manifest per DATA_LAYOUT_PLAN sec 12.
session_2026-07-27_14-55-46,ds_buildingunknown_2026-07-20,imu,unknown,2026-07-27,gs://miamioh-resa-data/CapstoneData/raw/sessions/ds_buildingunknown_2026-07-20/session_2026-07-27_14-55-46/,,,silver,raw,none,,,Uploaded from external drive D:\Data\imu on 2026-08-26. Building unknown; captured with IMU-enabled recorder (dca_realsense_recorder_imu.py). Resolve building in manifest per DATA_LAYOUT_PLAN sec 12.
session_2026-07-27_14-56-03,ds_buildingunknown_2026-07-20,imu,unknown,2026-07-27,gs://miamioh-resa-data/CapstoneData/raw/sessions/ds_buildingunknown_2026-07-20/session_2026-07-27_14-56-03/,,,silver,raw,none,,,Uploaded from external drive D:\Data\imu on 2026-08-26. Building unknown; captured with IMU-enabled recorder (dca_realsense_recorder_imu.py). Resolve building in manifest per DATA_LAYOUT_PLAN sec 12.
session_2026-07-27_14-56-18,ds_buildingunknown_2026-07-20,imu,unknown,2026-07-27,gs://miamioh-resa-data/CapstoneData/raw/sessions/ds_buildingunknown_2026-07-20/session_2026-07-27_14-56-18/,,,silver,raw,none,,,Uploaded from external drive D:\Data\imu on 2026-08-26. Building unknown; captured with IMU-enabled recorder (dca_realsense_recorder_imu.py). Resolve building in manifest per DATA_LAYOUT_PLAN sec 12.
session_2026-07-27_14-56-34,ds_buildingunknown_2026-07-20,imu,unknown,2026-07-27,gs://miamioh-resa-data/CapstoneData/raw/sessions/ds_buildingunknown_2026-07-20/session_2026-07-27_14-56-34/,,,silver,raw,none,,,Uploaded from external drive D:\Data\imu on 2026-08-26. Building unknown; captured with IMU-enabled recorder (dca_realsense_recorder_imu.py). Resolve building in manifest per DATA_LAYOUT_PLAN sec 12.
session_2026-07-27_14-56-49,ds_buildingunknown_2026-07-20,imu,unknown,2026-07-27,gs://miamioh-resa-data/CapstoneData/raw/sessions/ds_buildingunknown_2026-07-20/session_2026-07-27_14-56-49/,,,silver,raw,none,,,Uploaded from external drive D:\Data\imu on 2026-08-26. Building unknown; captured with IMU-enabled recorder (dca_realsense_recorder_imu.py). Resolve building in manifest per DATA_LAYOUT_PLAN sec 12.
session_2026-07-27_14-57-05,ds_buildingunknown_2026-07-20,imu,unknown,2026-07-27,gs://miamioh-resa-data/CapstoneData/raw/sessions/ds_buildingunknown_2026-07-20/session_2026-07-27_14-57-05/,,,silver,raw,none,,,Uploaded from external drive D:\Data\imu on 2026-08-26. Building unknown; captured with IMU-enabled recorder (dca_realsense_recorder_imu.py). Resolve building in manifest per DATA_LAYOUT_PLAN sec 12.
session_2026-07-27_14-57-20,ds_buildingunknown_2026-07-20,imu,unknown,2026-07-27,gs://miamioh-resa-data/CapstoneData/raw/sessions/ds_buildingunknown_2026-07-20/session_2026-07-27_14-57-20/,,,silver,raw,none,,,Uploaded from external drive D:\Data\imu on 2026-08-26. Building unknown; captured with IMU-enabled recorder (dca_realsense_recorder_imu.py). Resolve building in manifest per DATA_LAYOUT_PLAN sec 12.
session_2026-07-27_14-58-23,ds_buildingunknown_2026-07-20,imu,unknown,2026-07-27,gs://miamioh-resa-data/CapstoneData/raw/sessions/ds_buildingunknown_2026-07-20/session_2026-07-27_14-58-23/,,,silver,raw,none,,,Uploaded from external drive D:\Data\imu on 2026-08-26. Building unknown; captured with IMU-enabled recorder (dca_realsense_recorder_imu.py). Resolve building in manifest per DATA_LAYOUT_PLAN sec 12.
session_2026-07-27_14-58-38,ds_buildingunknown_2026-07-20,imu,unknown,2026-07-27,gs://miamioh-resa-data/CapstoneData/raw/sessions/ds_buildingunknown_2026-07-20/session_2026-07-27_14-58-38/,,,silver,raw,none,,,Uploaded from external drive D:\Data\imu on 2026-08-26. Building unknown; captured with IMU-enabled recorder (dca_realsense_recorder_imu.py). Resolve building in manifest per DATA_LAYOUT_PLAN sec 12.
session_2026-07-27_14-58-54,ds_buildingunknown_2026-07-20,imu,unknown,2026-07-27,gs://miamioh-resa-data/CapstoneData/raw/sessions/ds_buildingunknown_2026-07-20/session_2026-07-27_14-58-54/,,,silver,raw,none,,,Uploaded from external drive D:\Data\imu on 2026-08-26. Building unknown; captured with IMU-enabled recorder (dca_realsense_recorder_imu.py). Resolve building in manifest per DATA_LAYOUT_PLAN sec 12.
session_2026-07-27_14-59-11,ds_buildingunknown_2026-07-20,imu,unknown,2026-07-27,gs://miamioh-resa-data/CapstoneData/raw/sessions/ds_buildingunknown_2026-07-20/session_2026-07-27_14-59-11/,,,silver,raw,none,,,Uploaded from external drive D:\Data\imu on 2026-08-26. Building unknown; captured with IMU-enabled recorder (dca_realsense_recorder_imu.py). Resolve building in manifest per DATA_LAYOUT_PLAN sec 12.
session_2026-07-27_14-59-26,ds_buildingunknown_2026-07-20,imu,unknown,2026-07-27,gs://miamioh-resa-data/CapstoneData/raw/sessions/ds_buildingunknown_2026-07-20/session_2026-07-27_14-59-26/,,,silver,raw,none,,,Uploaded from external drive D:\Data\imu on 2026-08-26. Building unknown; captured with IMU-enabled recorder (dca_realsense_recorder_imu.py). Resolve building in manifest per DATA_LAYOUT_PLAN sec 12.
session_2026-07-27_14-59-42,ds_buildingunknown_2026-07-20,imu,unknown,2026-07-27,gs://miamioh-resa-data/CapstoneData/raw/sessions/ds_buildingunknown_2026-07-20/session_2026-07-27_14-59-42/,,,silver,raw,none,,,Uploaded from external drive D:\Data\imu on 2026-08-26. Building unknown; captured with IMU-enabled recorder (dca_realsense_recorder_imu.py). Resolve building in manifest per DATA_LAYOUT_PLAN sec 12.
session_2026-07-27_14-59-57,ds_buildingunknown_2026-07-20,imu,unknown,2026-07-27,gs://miamioh-resa-data/CapstoneData/raw/sessions/ds_buildingunknown_2026-07-20/session_2026-07-27_14-59-57/,,,silver,raw,none,,,Uploaded from external drive D:\Data\imu on 2026-08-26. Building unknown; captured with IMU-enabled recorder (dca_realsense_recorder_imu.py). Resolve building in manifest per DATA_LAYOUT_PLAN sec 12.
session_2026-07-27_15-00-13,ds_buildingunknown_2026-07-20,imu,unknown,2026-07-27,gs://miamioh-resa-data/CapstoneData/raw/sessions/ds_buildingunknown_2026-07-20/session_2026-07-27_15-00-13/,,,silver,raw,none,,,Uploaded from external drive D:\Data\imu on 2026-08-26. Building unknown; captured with IMU-enabled recorder (dca_realsense_recorder_imu.py). Resolve building in manifest per DATA_LAYOUT_PLAN sec 12.
session_2026-07-27_15-02-06,ds_buildingunknown_2026-07-20,imu,unknown,2026-07-27,gs://miamioh-resa-data/CapstoneData/raw/sessions/ds_buildingunknown_2026-07-20/session_2026-07-27_15-02-06/,,,silver,raw,none,,,Uploaded from external drive D:\Data\imu on 2026-08-26. Building unknown; captured with IMU-enabled recorder (dca_realsense_recorder_imu.py). Resolve building in manifest per DATA_LAYOUT_PLAN sec 12.
session_2026-07-27_15-02-21,ds_buildingunknown_2026-07-20,imu,unknown,2026-07-27,gs://miamioh-resa-data/CapstoneData/raw/sessions/ds_buildingunknown_2026-07-20/session_2026-07-27_15-02-21/,,,silver,raw,none,,,Uploaded from external drive D:\Data\imu on 2026-08-26. Building unknown; captured with IMU-enabled recorder (dca_realsense_recorder_imu.py). Resolve building in manifest per DATA_LAYOUT_PLAN sec 12.
session_2026-07-27_15-02-37,ds_buildingunknown_2026-07-20,imu,unknown,2026-07-27,gs://miamioh-resa-data/CapstoneData/raw/sessions/ds_buildingunknown_2026-07-20/session_2026-07-27_15-02-37/,,,silver,raw,none,,,Uploaded from external drive D:\Data\imu on 2026-08-26. Building unknown; captured with IMU-enabled recorder (dca_realsense_recorder_imu.py). Resolve building in manifest per DATA_LAYOUT_PLAN sec 12.
session_2026-07-27_15-02-53,ds_buildingunknown_2026-07-20,imu,unknown,2026-07-27,gs://miamioh-resa-data/CapstoneData/raw/sessions/ds_buildingunknown_2026-07-20/session_2026-07-27_15-02-53/,,,silver,raw,none,,,Uploaded from external drive D:\Data\imu on 2026-08-26. Building unknown; captured with IMU-enabled recorder (dca_realsense_recorder_imu.py). Resolve building in manifest per DATA_LAYOUT_PLAN sec 12.
session_2026-07-27_15-03-10,ds_buildingunknown_2026-07-20,imu,unknown,2026-07-27,gs://miamioh-resa-data/CapstoneData/raw/sessions/ds_buildingunknown_2026-07-20/session_2026-07-27_15-03-10/,,,silver,raw,none,,,Uploaded from external drive D:\Data\imu on 2026-08-26. Building unknown; captured with IMU-enabled recorder (dca_realsense_recorder_imu.py). Resolve building in manifest per DATA_LAYOUT_PLAN sec 12.
session_2026-07-27_15-03-26,ds_buildingunknown_2026-07-20,imu,unknown,2026-07-27,gs://miamioh-resa-data/CapstoneData/raw/sessions/ds_buildingunknown_2026-07-20/session_2026-07-27_15-03-26/,,,silver,raw,none,,,Uploaded from external drive D:\Data\imu on 2026-08-26. Building unknown; captured with IMU-enabled recorder (dca_realsense_recorder_imu.py). Resolve building in manifest per DATA_LAYOUT_PLAN sec 12.
session_2026-07-27_15-10-09,ds_buildingunknown_2026-07-20,imu,unknown,2026-07-27,gs://miamioh-resa-data/CapstoneData/raw/sessions/ds_buildingunknown_2026-07-20/session_2026-07-27_15-10-09/,,,silver,raw,none,,,Uploaded from external drive D:\Data\imu on 2026-08-26. Building unknown; captured with IMU-enabled recorder (dca_realsense_recorder_imu.py). Resolve building in manifest per DATA_LAYOUT_PLAN sec 12.
session_2026-07-27_15-14-57,ds_buildingunknown_2026-07-20,imu,unknown,2026-07-27,gs://miamioh-resa-data/CapstoneData/raw/sessions/ds_buildingunknown_2026-07-20/session_2026-07-27_15-14-57/,,,silver,raw,none,,,Uploaded from external drive D:\Data\imu on 2026-08-26. Building unknown; captured with IMU-enabled recorder (dca_realsense_recorder_imu.py). Resolve building in manifest per DATA_LAYOUT_PLAN sec 12.
session_2026-07-27_15-15-13,ds_buildingunknown_2026-07-20,imu,unknown,2026-07-27,gs://miamioh-resa-data/CapstoneData/raw/sessions/ds_buildingunknown_2026-07-20/session_2026-07-27_15-15-13/,,,silver,raw,none,,,Uploaded from external drive D:\Data\imu on 2026-08-26. Building unknown; captured with IMU-enabled recorder (dca_realsense_recorder_imu.py). Resolve building in manifest per DATA_LAYOUT_PLAN sec 12.
session_2026-07-27_15-15-28,ds_buildingunknown_2026-07-20,imu,unknown,2026-07-27,gs://miamioh-resa-data/CapstoneData/raw/sessions/ds_buildingunknown_2026-07-20/session_2026-07-27_15-15-28/,,,silver,raw,none,,,Uploaded from external drive D:\Data\imu on 2026-08-26. Building unknown; captured with IMU-enabled recorder (dca_realsense_recorder_imu.py). Resolve building in manifest per DATA_LAYOUT_PLAN sec 12.
session_2026-07-27_15-15-44,ds_buildingunknown_2026-07-20,imu,unknown,2026-07-27,gs://miamioh-resa-data/CapstoneData/raw/sessions/ds_buildingunknown_2026-07-20/session_2026-07-27_15-15-44/,,,silver,raw,none,,,Uploaded from external drive D:\Data\imu on 2026-08-26. Building unknown; captured with IMU-enabled recorder (dca_realsense_recorder_imu.py). Resolve building in manifest per DATA_LAYOUT_PLAN sec 12.
session_2026-07-27_15-16-01,ds_buildingunknown_2026-07-20,imu,unknown,2026-07-27,gs://miamioh-resa-data/CapstoneData/raw/sessions/ds_buildingunknown_2026-07-20/session_2026-07-27_15-16-01/,,,silver,raw,none,,,Uploaded from external drive D:\Data\imu on 2026-08-26. Building unknown; captured with IMU-enabled recorder (dca_realsense_recorder_imu.py). Resolve building in manifest per DATA_LAYOUT_PLAN sec 12.
session_2026-07-27_15-16-17,ds_buildingunknown_2026-07-20,imu,unknown,2026-07-27,gs://miamioh-resa-data/CapstoneData/raw/sessions/ds_buildingunknown_2026-07-20/session_2026-07-27_15-16-17/,,,silver,raw,none,,,Uploaded from external drive D:\Data\imu on 2026-08-26. Building unknown; captured with IMU-enabled recorder (dca_realsense_recorder_imu.py). Resolve building in manifest per DATA_LAYOUT_PLAN sec 12.
session_2026-07-27_15-16-33,ds_buildingunknown_2026-07-20,imu,unknown,2026-07-27,gs://miamioh-resa-data/CapstoneData/raw/sessions/ds_buildingunknown_2026-07-20/session_2026-07-27_15-16-33/,,,silver,raw,none,,,Uploaded from external drive D:\Data\imu on 2026-08-26. Building unknown; captured with IMU-enabled recorder (dca_realsense_recorder_imu.py). Resolve building in manifest per DATA_LAYOUT_PLAN sec 12.
session_2026-07-27_15-16-48,ds_buildingunknown_2026-07-20,imu,unknown,2026-07-27,gs://miamioh-resa-data/CapstoneData/raw/sessions/ds_buildingunknown_2026-07-20/session_2026-07-27_15-16-48/,,,silver,raw,none,,,Uploaded from external drive D:\Data\imu on 2026-08-26. Building unknown; captured with IMU-enabled recorder (dca_realsense_recorder_imu.py). Resolve building in manifest per DATA_LAYOUT_PLAN sec 12.
session_2026-07-27_15-17-42,ds_buildingunknown_2026-07-20,imu,unknown,2026-07-27,gs://miamioh-resa-data/CapstoneData/raw/sessions/ds_buildingunknown_2026-07-20/session_2026-07-27_15-17-42/,,,silver,raw,none,,,Uploaded from external drive D:\Data\imu on 2026-08-26. Building unknown; captured with IMU-enabled recorder (dca_realsense_recorder_imu.py). Resolve building in manifest per DATA_LAYOUT_PLAN sec 12.
session_2026-07-27_15-17-57,ds_buildingunknown_2026-07-20,imu,unknown,2026-07-27,gs://miamioh-resa-data/CapstoneData/raw/sessions/ds_buildingunknown_2026-07-20/session_2026-07-27_15-17-57/,,,silver,raw,none,,,Uploaded from external drive D:\Data\imu on 2026-08-26. Building unknown; captured with IMU-enabled recorder (dca_realsense_recorder_imu.py). Resolve building in manifest per DATA_LAYOUT_PLAN sec 12.
session_2026-07-27_15-18-13,ds_buildingunknown_2026-07-20,imu,unknown,2026-07-27,gs://miamioh-resa-data/CapstoneData/raw/sessions/ds_buildingunknown_2026-07-20/session_2026-07-27_15-18-13/,,,silver,raw,none,,,Uploaded from external drive D:\Data\imu on 2026-08-26. Building unknown; captured with IMU-enabled recorder (dca_realsense_recorder_imu.py). Resolve building in manifest per DATA_LAYOUT_PLAN sec 12.
session_2026-07-27_15-18-28,ds_buildingunknown_2026-07-20,imu,unknown,2026-07-27,gs://miamioh-resa-data/CapstoneData/raw/sessions/ds_buildingunknown_2026-07-20/session_2026-07-27_15-18-28/,,,silver,raw,none,,,Uploaded from external drive D:\Data\imu on 2026-08-26. Building unknown; captured with IMU-enabled recorder (dca_realsense_recorder_imu.py). Resolve building in manifest per DATA_LAYOUT_PLAN sec 12.
session_2026-07-27_15-18-44,ds_buildingunknown_2026-07-20,imu,unknown,2026-07-27,gs://miamioh-resa-data/CapstoneData/raw/sessions/ds_buildingunknown_2026-07-20/session_2026-07-27_15-18-44/,,,silver,raw,none,,,Uploaded from external drive D:\Data\imu on 2026-08-26. Building unknown; captured with IMU-enabled recorder (dca_realsense_recorder_imu.py). Resolve building in manifest per DATA_LAYOUT_PLAN sec 12.
session_2026-07-27_15-18-59,ds_buildingunknown_2026-07-20,imu,unknown,2026-07-27,gs://miamioh-resa-data/CapstoneData/raw/sessions/ds_buildingunknown_2026-07-20/session_2026-07-27_15-18-59/,,,silver,raw,none,,,Uploaded from external drive D:\Data\imu on 2026-08-26. Building unknown; captured with IMU-enabled recorder (dca_realsense_recorder_imu.py). Resolve building in manifest per DATA_LAYOUT_PLAN sec 12.
session_2026-07-27_15-19-15,ds_buildingunknown_2026-07-20,imu,unknown,2026-07-27,gs://miamioh-resa-data/CapstoneData/raw/sessions/ds_buildingunknown_2026-07-20/session_2026-07-27_15-19-15/,,,silver,raw,none,,,Uploaded from external drive D:\Data\imu on 2026-08-26. Building unknown; captured with IMU-enabled recorder (dca_realsense_recorder_imu.py). Resolve building in manifest per DATA_LAYOUT_PLAN sec 12.
session_2026-07-27_15-19-30,ds_buildingunknown_2026-07-20,imu,unknown,2026-07-27,gs://miamioh-resa-data/CapstoneData/raw/sessions/ds_buildingunknown_2026-07-20/session_2026-07-27_15-19-30/,,,silver,raw,none,,,Uploaded from external drive D:\Data\imu on 2026-08-26. Building unknown; captured with IMU-enabled recorder (dca_realsense_recorder_imu.py). Resolve building in manifest per DATA_LAYOUT_PLAN sec 12.
session_2026-07-27_15-21-11,ds_buildingunknown_2026-07-20,imu,unknown,2026-07-27,gs://miamioh-resa-data/CapstoneData/raw/sessions/ds_buildingunknown_2026-07-20/session_2026-07-27_15-21-11/,,,silver,raw,none,,,Uploaded from external drive D:\Data\imu on 2026-08-26. Building unknown; captured with IMU-enabled recorder (dca_realsense_recorder_imu.py). Resolve building in manifest per DATA_LAYOUT_PLAN sec 12.
session_2026-07-27_15-21-26,ds_buildingunknown_2026-07-20,imu,unknown,2026-07-27,gs://miamioh-resa-data/CapstoneData/raw/sessions/ds_buildingunknown_2026-07-20/session_2026-07-27_15-21-26/,,,silver,raw,none,,,Uploaded from external drive D:\Data\imu on 2026-08-26. Building unknown; captured with IMU-enabled recorder (dca_realsense_recorder_imu.py). Resolve building in manifest per DATA_LAYOUT_PLAN sec 12.
session_2026-07-27_15-21-42,ds_buildingunknown_2026-07-20,imu,unknown,2026-07-27,gs://miamioh-resa-data/CapstoneData/raw/sessions/ds_buildingunknown_2026-07-20/session_2026-07-27_15-21-42/,,,silver,raw,none,,,Uploaded from external drive D:\Data\imu on 2026-08-26. Building unknown; captured with IMU-enabled recorder (dca_realsense_recorder_imu.py). Resolve building in manifest per DATA_LAYOUT_PLAN sec 12.
session_2026-07-27_15-21-57,ds_buildingunknown_2026-07-20,imu,unknown,2026-07-27,gs://miamioh-resa-data/CapstoneData/raw/sessions/ds_buildingunknown_2026-07-20/session_2026-07-27_15-21-57/,,,silver,raw,none,,,Uploaded from external drive D:\Data\imu on 2026-08-26. Building unknown; captured with IMU-enabled recorder (dca_realsense_recorder_imu.py). Resolve building in manifest per DATA_LAYOUT_PLAN sec 12.
session_2026-07-27_15-22-13,ds_buildingunknown_2026-07-20,imu,unknown,2026-07-27,gs://miamioh-resa-data/CapstoneData/raw/sessions/ds_buildingunknown_2026-07-20/session_2026-07-27_15-22-13/,,,silver,raw,none,,,Uploaded from external drive D:\Data\imu on 2026-08-26. Building unknown; captured with IMU-enabled recorder (dca_realsense_recorder_imu.py). Resolve building in manifest per DATA_LAYOUT_PLAN sec 12.
session_2026-07-27_15-22-28,ds_buildingunknown_2026-07-20,imu,unknown,2026-07-27,gs://miamioh-resa-data/CapstoneData/raw/sessions/ds_buildingunknown_2026-07-20/session_2026-07-27_15-22-28/,,,silver,raw,none,,,Uploaded from external drive D:\Data\imu on 2026-08-26. Building unknown; captured with IMU-enabled recorder (dca_realsense_recorder_imu.py). Resolve building in manifest per DATA_LAYOUT_PLAN sec 12.
session_2026-07-27_15-22-44,ds_buildingunknown_2026-07-20,imu,unknown,2026-07-27,gs://miamioh-resa-data/CapstoneData/raw/sessions/ds_buildingunknown_2026-07-20/session_2026-07-27_15-22-44/,,,silver,raw,none,,,Uploaded from external drive D:\Data\imu on 2026-08-26. Building unknown; captured with IMU-enabled recorder (dca_realsense_recorder_imu.py). Resolve building in manifest per DATA_LAYOUT_PLAN sec 12.
session_2026-07-27_15-22-59,ds_buildingunknown_2026-07-20,imu,unknown,2026-07-27,gs://miamioh-resa-data/CapstoneData/raw/sessions/ds_buildingunknown_2026-07-20/session_2026-07-27_15-22-59/,,,silver,raw,none,,,Uploaded from external drive D:\Data\imu on 2026-08-26. Building unknown; captured with IMU-enabled recorder (dca_realsense_recorder_imu.py). Resolve building in manifest per DATA_LAYOUT_PLAN sec 12.
session_2026-07-27_15-23-30,ds_buildingunknown_2026-07-20,imu,unknown,2026-07-27,gs://miamioh-resa-data/CapstoneData/raw/sessions/ds_buildingunknown_2026-07-20/session_2026-07-27_15-23-30/,,,silver,raw,none,,,Uploaded from external drive D:\Data\imu on 2026-08-26. Building unknown; captured with IMU-enabled recorder (dca_realsense_recorder_imu.py). Resolve building in manifest per DATA_LAYOUT_PLAN sec 12.
session_2026-07-27_15-23-45,ds_buildingunknown_2026-07-20,imu,unknown,2026-07-27,gs://miamioh-resa-data/CapstoneData/raw/sessions/ds_buildingunknown_2026-07-20/session_2026-07-27_15-23-45/,,,silver,raw,none,,,Uploaded from external drive D:\Data\imu on 2026-08-26. Building unknown; captured with IMU-enabled recorder (dca_realsense_recorder_imu.py). Resolve building in manifest per DATA_LAYOUT_PLAN sec 12.
session_2026-07-27_15-24-01,ds_buildingunknown_2026-07-20,imu,unknown,2026-07-27,gs://miamioh-resa-data/CapstoneData/raw/sessions/ds_buildingunknown_2026-07-20/session_2026-07-27_15-24-01/,,,silver,raw,none,,,Uploaded from external drive D:\Data\imu on 2026-08-26. Building unknown; captured with IMU-enabled recorder (dca_realsense_recorder_imu.py). Resolve building in manifest per DATA_LAYOUT_PLAN sec 12.
session_2026-07-27_15-24-16,ds_buildingunknown_2026-07-20,imu,unknown,2026-07-27,gs://miamioh-resa-data/CapstoneData/raw/sessions/ds_buildingunknown_2026-07-20/session_2026-07-27_15-24-16/,,,silver,raw,none,,,Uploaded from external drive D:\Data\imu on 2026-08-26. Building unknown; captured with IMU-enabled recorder (dca_realsense_recorder_imu.py). Resolve building in manifest per DATA_LAYOUT_PLAN sec 12.
session_2026-07-27_15-24-32,ds_buildingunknown_2026-07-20,imu,unknown,2026-07-27,gs://miamioh-resa-data/CapstoneData/raw/sessions/ds_buildingunknown_2026-07-20/session_2026-07-27_15-24-32/,,,silver,raw,none,,,Uploaded from external drive D:\Data\imu on 2026-08-26. Building unknown; captured with IMU-enabled recorder (dca_realsense_recorder_imu.py). Resolve building in manifest per DATA_LAYOUT_PLAN sec 12.
session_2026-07-27_15-24-47,ds_buildingunknown_2026-07-20,imu,unknown,2026-07-27,gs://miamioh-resa-data/CapstoneData/raw/sessions/ds_buildingunknown_2026-07-20/session_2026-07-27_15-24-47/,,,silver,raw,none,,,Uploaded from external drive D:\Data\imu on 2026-08-26. Building unknown; captured with IMU-enabled recorder (dca_realsense_recorder_imu.py). Resolve building in manifest per DATA_LAYOUT_PLAN sec 12.
session_2026-07-27_15-25-03,ds_buildingunknown_2026-07-20,imu,unknown,2026-07-27,gs://miamioh-resa-data/CapstoneData/raw/sessions/ds_buildingunknown_2026-07-20/session_2026-07-27_15-25-03/,,,silver,raw,none,,,Uploaded from external drive D:\Data\imu on 2026-08-26. Building unknown; captured with IMU-enabled recorder (dca_realsense_recorder_imu.py). Resolve building in manifest per DATA_LAYOUT_PLAN sec 12.
session_2026-07-27_15-25-18,ds_buildingunknown_2026-07-20,imu,unknown,2026-07-27,gs://miamioh-resa-data/CapstoneData/raw/sessions/ds_buildingunknown_2026-07-20/session_2026-07-27_15-25-18/,,,silver,raw,none,,,Uploaded from external drive D:\Data\imu on 2026-08-26. Building unknown; captured with IMU-enabled recorder (dca_realsense_recorder_imu.py). Resolve building in manifest per DATA_LAYOUT_PLAN sec 12.
session_2026-07-27_15-25-51,ds_buildingunknown_2026-07-20,imu,unknown,2026-07-27,gs://miamioh-resa-data/CapstoneData/raw/sessions/ds_buildingunknown_2026-07-20/session_2026-07-27_15-25-51/,,,silver,raw,none,,,Uploaded from external drive D:\Data\imu on 2026-08-26. Building unknown; captured with IMU-enabled recorder (dca_realsense_recorder_imu.py). Resolve building in manifest per DATA_LAYOUT_PLAN sec 12.
session_2026-07-27_15-26-06,ds_buildingunknown_2026-07-20,imu,unknown,2026-07-27,gs://miamioh-resa-data/CapstoneData/raw/sessions/ds_buildingunknown_2026-07-20/session_2026-07-27_15-26-06/,,,silver,raw,none,,,Uploaded from external drive D:\Data\imu on 2026-08-26. Building unknown; captured with IMU-enabled recorder (dca_realsense_recorder_imu.py). Resolve building in manifest per DATA_LAYOUT_PLAN sec 12.
session_2026-07-27_15-26-22,ds_buildingunknown_2026-07-20,imu,unknown,2026-07-27,gs://miamioh-resa-data/CapstoneData/raw/sessions/ds_buildingunknown_2026-07-20/session_2026-07-27_15-26-22/,,,silver,raw,none,,,Uploaded from external drive D:\Data\imu on 2026-08-26. Building unknown; captured with IMU-enabled recorder (dca_realsense_recorder_imu.py). Resolve building in manifest per DATA_LAYOUT_PLAN sec 12.
session_2026-07-27_15-26-37,ds_buildingunknown_2026-07-20,imu,unknown,2026-07-27,gs://miamioh-resa-data/CapstoneData/raw/sessions/ds_buildingunknown_2026-07-20/session_2026-07-27_15-26-37/,,,silver,raw,none,,,Uploaded from external drive D:\Data\imu on 2026-08-26. Building unknown; captured with IMU-enabled recorder (dca_realsense_recorder_imu.py). Resolve building in manifest per DATA_LAYOUT_PLAN sec 12.
session_2026-07-27_15-26-53,ds_buildingunknown_2026-07-20,imu,unknown,2026-07-27,gs://miamioh-resa-data/CapstoneData/raw/sessions/ds_buildingunknown_2026-07-20/session_2026-07-27_15-26-53/,,,silver,raw,none,,,Uploaded from external drive D:\Data\imu on 2026-08-26. Building unknown; captured with IMU-enabled recorder (dca_realsense_recorder_imu.py). Resolve building in manifest per DATA_LAYOUT_PLAN sec 12.
session_2026-07-27_15-27-08,ds_buildingunknown_2026-07-20,imu,unknown,2026-07-27,gs://miamioh-resa-data/CapstoneData/raw/sessions/ds_buildingunknown_2026-07-20/session_2026-07-27_15-27-08/,,,silver,raw,none,,,Uploaded from external drive D:\Data\imu on 2026-08-26. Building unknown; captured with IMU-enabled recorder (dca_realsense_recorder_imu.py). Resolve building in manifest per DATA_LAYOUT_PLAN sec 12.
session_2026-07-27_15-27-24,ds_buildingunknown_2026-07-20,imu,unknown,2026-07-27,gs://miamioh-resa-data/CapstoneData/raw/sessions/ds_buildingunknown_2026-07-20/session_2026-07-27_15-27-24/,,,silver,raw,none,,,Uploaded from external drive D:\Data\imu on 2026-08-26. Building unknown; captured with IMU-enabled recorder (dca_realsense_recorder_imu.py). Resolve building in manifest per DATA_LAYOUT_PLAN sec 12.
session_2026-07-27_15-27-39,ds_buildingunknown_2026-07-20,imu,unknown,2026-07-27,gs://miamioh-resa-data/CapstoneData/raw/sessions/ds_buildingunknown_2026-07-20/session_2026-07-27_15-27-39/,,,silver,raw,none,,,Uploaded from external drive D:\Data\imu on 2026-08-26. Building unknown; captured with IMU-enabled recorder (dca_realsense_recorder_imu.py). Resolve building in manifest per DATA_LAYOUT_PLAN sec 12.
session_2026-07-27_15-28-14,ds_buildingunknown_2026-07-20,imu,unknown,2026-07-27,gs://miamioh-resa-data/CapstoneData/raw/sessions/ds_buildingunknown_2026-07-20/session_2026-07-27_15-28-14/,,,silver,raw,none,,,Uploaded from external drive D:\Data\imu on 2026-08-26. Building unknown; captured with IMU-enabled recorder (dca_realsense_recorder_imu.py). Resolve building in manifest per DATA_LAYOUT_PLAN sec 12.
session_2026-07-27_15-28-30,ds_buildingunknown_2026-07-20,imu,unknown,2026-07-27,gs://miamioh-resa-data/CapstoneData/raw/sessions/ds_buildingunknown_2026-07-20/session_2026-07-27_15-28-30/,,,silver,raw,none,,,Uploaded from external drive D:\Data\imu on 2026-08-26. Building unknown; captured with IMU-enabled recorder (dca_realsense_recorder_imu.py). Resolve building in manifest per DATA_LAYOUT_PLAN sec 12.
session_2026-07-27_15-28-46,ds_buildingunknown_2026-07-20,imu,unknown,2026-07-27,gs://miamioh-resa-data/CapstoneData/raw/sessions/ds_buildingunknown_2026-07-20/session_2026-07-27_15-28-46/,,,silver,raw,none,,,Uploaded from external drive D:\Data\imu on 2026-08-26. Building unknown; captured with IMU-enabled recorder (dca_realsense_recorder_imu.py). Resolve building in manifest per DATA_LAYOUT_PLAN sec 12.
session_2026-07-27_15-29-02,ds_buildingunknown_2026-07-20,imu,unknown,2026-07-27,gs://miamioh-resa-data/CapstoneData/raw/sessions/ds_buildingunknown_2026-07-20/session_2026-07-27_15-29-02/,,,silver,raw,none,,,Uploaded from external drive D:\Data\imu on 2026-08-26. Building unknown; captured with IMU-enabled recorder (dca_realsense_recorder_imu.py). Resolve building in manifest per DATA_LAYOUT_PLAN sec 12.
session_2026-07-27_15-29-17,ds_buildingunknown_2026-07-20,imu,unknown,2026-07-27,gs://miamioh-resa-data/CapstoneData/raw/sessions/ds_buildingunknown_2026-07-20/session_2026-07-27_15-29-17/,,,silver,raw,none,,,Uploaded from external drive D:\Data\imu on 2026-08-26. Building unknown; captured with IMU-enabled recorder (dca_realsense_recorder_imu.py). Resolve building in manifest per DATA_LAYOUT_PLAN sec 12.
session_2026-07-27_15-29-33,ds_buildingunknown_2026-07-20,imu,unknown,2026-07-27,gs://miamioh-resa-data/CapstoneData/raw/sessions/ds_buildingunknown_2026-07-20/session_2026-07-27_15-29-33/,,,silver,raw,none,,,Uploaded from external drive D:\Data\imu on 2026-08-26. Building unknown; captured with IMU-enabled recorder (dca_realsense_recorder_imu.py). Resolve building in manifest per DATA_LAYOUT_PLAN sec 12.
session_2026-07-27_15-29-48,ds_buildingunknown_2026-07-20,imu,unknown,2026-07-27,gs://miamioh-resa-data/CapstoneData/raw/sessions/ds_buildingunknown_2026-07-20/session_2026-07-27_15-29-48/,,,silver,raw,none,,,Uploaded from external drive D:\Data\imu on 2026-08-26. Building unknown; captured with IMU-enabled recorder (dca_realsense_recorder_imu.py). Resolve building in manifest per DATA_LAYOUT_PLAN sec 12.
session_2026-07-27_15-30-04,ds_buildingunknown_2026-07-20,imu,unknown,2026-07-27,gs://miamioh-resa-data/CapstoneData/raw/sessions/ds_buildingunknown_2026-07-20/session_2026-07-27_15-30-04/,,,silver,raw,none,,,Uploaded from external drive D:\Data\imu on 2026-08-26. Building unknown; captured with IMU-enabled recorder (dca_realsense_recorder_imu.py). Resolve building in manifest per DATA_LAYOUT_PLAN sec 12.
session_2026-07-27_15-30-53,ds_buildingunknown_2026-07-20,imu,unknown,2026-07-27,gs://miamioh-resa-data/CapstoneData/raw/sessions/ds_buildingunknown_2026-07-20/session_2026-07-27_15-30-53/,,,silver,raw,none,,,Uploaded from external drive D:\Data\imu on 2026-08-26. Building unknown; captured with IMU-enabled recorder (dca_realsense_recorder_imu.py). Resolve building in manifest per DATA_LAYOUT_PLAN sec 12.
session_2026-07-27_15-31-09,ds_buildingunknown_2026-07-20,imu,unknown,2026-07-27,gs://miamioh-resa-data/CapstoneData/raw/sessions/ds_buildingunknown_2026-07-20/session_2026-07-27_15-31-09/,,,silver,raw,none,,,Uploaded from external drive D:\Data\imu on 2026-08-26. Building unknown; captured with IMU-enabled recorder (dca_realsense_recorder_imu.py). Resolve building in manifest per DATA_LAYOUT_PLAN sec 12.
session_2026-07-27_15-31-24,ds_buildingunknown_2026-07-20,imu,unknown,2026-07-27,gs://miamioh-resa-data/CapstoneData/raw/sessions/ds_buildingunknown_2026-07-20/session_2026-07-27_15-31-24/,,,silver,raw,none,,,Uploaded from external drive D:\Data\imu on 2026-08-26. Building unknown; captured with IMU-enabled recorder (dca_realsense_recorder_imu.py). Resolve building in manifest per DATA_LAYOUT_PLAN sec 12.
session_2026-07-27_15-31-40,ds_buildingunknown_2026-07-20,imu,unknown,2026-07-27,gs://miamioh-resa-data/CapstoneData/raw/sessions/ds_buildingunknown_2026-07-20/session_2026-07-27_15-31-40/,,,silver,raw,none,,,Uploaded from external drive D:\Data\imu on 2026-08-26. Building unknown; captured with IMU-enabled recorder (dca_realsense_recorder_imu.py). Resolve building in manifest per DATA_LAYOUT_PLAN sec 12.
session_2026-07-27_15-31-56,ds_buildingunknown_2026-07-20,imu,unknown,2026-07-27,gs://miamioh-resa-data/CapstoneData/raw/sessions/ds_buildingunknown_2026-07-20/session_2026-07-27_15-31-56/,,,silver,raw,none,,,Uploaded from external drive D:\Data\imu on 2026-08-26. Building unknown; captured with IMU-enabled recorder (dca_realsense_recorder_imu.py). Resolve building in manifest per DATA_LAYOUT_PLAN sec 12.
session_2026-07-27_15-32-12,ds_buildingunknown_2026-07-20,imu,unknown,2026-07-27,gs://miamioh-resa-data/CapstoneData/raw/sessions/ds_buildingunknown_2026-07-20/session_2026-07-27_15-32-12/,,,silver,raw,none,,,Uploaded from external drive D:\Data\imu on 2026-08-26. Building unknown; captured with IMU-enabled recorder (dca_realsense_recorder_imu.py). Resolve building in manifest per DATA_LAYOUT_PLAN sec 12.
session_2026-07-27_15-32-27,ds_buildingunknown_2026-07-20,imu,unknown,2026-07-27,gs://miamioh-resa-data/CapstoneData/raw/sessions/ds_buildingunknown_2026-07-20/session_2026-07-27_15-32-27/,,,silver,raw,none,,,Uploaded from external drive D:\Data\imu on 2026-08-26. Building unknown; captured with IMU-enabled recorder (dca_realsense_recorder_imu.py). Resolve building in manifest per DATA_LAYOUT_PLAN sec 12.
session_2026-07-27_15-32-43,ds_buildingunknown_2026-07-20,imu,unknown,2026-07-27,gs://miamioh-resa-data/CapstoneData/raw/sessions/ds_buildingunknown_2026-07-20/session_2026-07-27_15-32-43/,,,silver,raw,none,,,Uploaded from external drive D:\Data\imu on 2026-08-26. Building unknown; captured with IMU-enabled recorder (dca_realsense_recorder_imu.py). Resolve building in manifest per DATA_LAYOUT_PLAN sec 12.
session_2026-07-27_15-33-17,ds_buildingunknown_2026-07-20,imu,unknown,2026-07-27,gs://miamioh-resa-data/CapstoneData/raw/sessions/ds_buildingunknown_2026-07-20/session_2026-07-27_15-33-17/,,,silver,raw,none,,,Uploaded from external drive D:\Data\imu on 2026-08-26. Building unknown; captured with IMU-enabled recorder (dca_realsense_recorder_imu.py). Resolve building in manifest per DATA_LAYOUT_PLAN sec 12.
session_2026-07-27_15-33-32,ds_buildingunknown_2026-07-20,imu,unknown,2026-07-27,gs://miamioh-resa-data/CapstoneData/raw/sessions/ds_buildingunknown_2026-07-20/session_2026-07-27_15-33-32/,,,silver,raw,none,,,Uploaded from external drive D:\Data\imu on 2026-08-26. Building unknown; captured with IMU-enabled recorder (dca_realsense_recorder_imu.py). Resolve building in manifest per DATA_LAYOUT_PLAN sec 12.
session_2026-07-27_15-33-48,ds_buildingunknown_2026-07-20,imu,unknown,2026-07-27,gs://miamioh-resa-data/CapstoneData/raw/sessions/ds_buildingunknown_2026-07-20/session_2026-07-27_15-33-48/,,,silver,raw,none,,,Uploaded from external drive D:\Data\imu on 2026-08-26. Building unknown; captured with IMU-enabled recorder (dca_realsense_recorder_imu.py). Resolve building in manifest per DATA_LAYOUT_PLAN sec 12.
session_2026-07-27_15-34-04,ds_buildingunknown_2026-07-20,imu,unknown,2026-07-27,gs://miamioh-resa-data/CapstoneData/raw/sessions/ds_buildingunknown_2026-07-20/session_2026-07-27_15-34-04/,,,silver,raw,none,,,Uploaded from external drive D:\Data\imu on 2026-08-26. Building unknown; captured with IMU-enabled recorder (dca_realsense_recorder_imu.py). Resolve building in manifest per DATA_LAYOUT_PLAN sec 12.
session_2026-07-27_15-34-20,ds_buildingunknown_2026-07-20,imu,unknown,2026-07-27,gs://miamioh-resa-data/CapstoneData/raw/sessions/ds_buildingunknown_2026-07-20/session_2026-07-27_15-34-20/,,,silver,raw,none,,,Uploaded from external drive D:\Data\imu on 2026-08-26. Building unknown; captured with IMU-enabled recorder (dca_realsense_recorder_imu.py). Resolve building in manifest per DATA_LAYOUT_PLAN sec 12.
session_2026-07-27_15-34-36,ds_buildingunknown_2026-07-20,imu,unknown,2026-07-27,gs://miamioh-resa-data/CapstoneData/raw/sessions/ds_buildingunknown_2026-07-20/session_2026-07-27_15-34-36/,,,silver,raw,none,,,Uploaded from external drive D:\Data\imu on 2026-08-26. Building unknown; captured with IMU-enabled recorder (dca_realsense_recorder_imu.py). Resolve building in manifest per DATA_LAYOUT_PLAN sec 12.
session_2026-07-27_15-34-51,ds_buildingunknown_2026-07-20,imu,unknown,2026-07-27,gs://miamioh-resa-data/CapstoneData/raw/sessions/ds_buildingunknown_2026-07-20/session_2026-07-27_15-34-51/,,,silver,raw,none,,,Uploaded from external drive D:\Data\imu on 2026-08-26. Building unknown; captured with IMU-enabled recorder (dca_realsense_recorder_imu.py). Resolve building in manifest per DATA_LAYOUT_PLAN sec 12.
session_2026-07-27_15-35-07,ds_buildingunknown_2026-07-20,imu,unknown,2026-07-27,gs://miamioh-resa-data/CapstoneData/raw/sessions/ds_buildingunknown_2026-07-20/session_2026-07-27_15-35-07/,,,silver,raw,none,,,Uploaded from external drive D:\Data\imu on 2026-08-26. Building unknown; captured with IMU-enabled recorder (dca_realsense_recorder_imu.py). Resolve building in manifest per DATA_LAYOUT_PLAN sec 12.
session_2026-07-27_15-36-01,ds_buildingunknown_2026-07-20,imu,unknown,2026-07-27,gs://miamioh-resa-data/CapstoneData/raw/sessions/ds_buildingunknown_2026-07-20/session_2026-07-27_15-36-01/,,,silver,raw,none,,,Uploaded from external drive D:\Data\imu on 2026-08-26. Building unknown; captured with IMU-enabled recorder (dca_realsense_recorder_imu.py). Resolve building in manifest per DATA_LAYOUT_PLAN sec 12.
session_2026-07-27_15-36-17,ds_buildingunknown_2026-07-20,imu,unknown,2026-07-27,gs://miamioh-resa-data/CapstoneData/raw/sessions/ds_buildingunknown_2026-07-20/session_2026-07-27_15-36-17/,,,silver,raw,none,,,Uploaded from external drive D:\Data\imu on 2026-08-26. Building unknown; captured with IMU-enabled recorder (dca_realsense_recorder_imu.py). Resolve building in manifest per DATA_LAYOUT_PLAN sec 12.
session_2026-07-27_15-36-33,ds_buildingunknown_2026-07-20,imu,unknown,2026-07-27,gs://miamioh-resa-data/CapstoneData/raw/sessions/ds_buildingunknown_2026-07-20/session_2026-07-27_15-36-33/,,,silver,raw,none,,,Uploaded from external drive D:\Data\imu on 2026-08-26. Building unknown; captured with IMU-enabled recorder (dca_realsense_recorder_imu.py). Resolve building in manifest per DATA_LAYOUT_PLAN sec 12.
session_2026-07-27_15-36-48,ds_buildingunknown_2026-07-20,imu,unknown,2026-07-27,gs://miamioh-resa-data/CapstoneData/raw/sessions/ds_buildingunknown_2026-07-20/session_2026-07-27_15-36-48/,,,silver,raw,none,,,Uploaded from external drive D:\Data\imu on 2026-08-26. Building unknown; captured with IMU-enabled recorder (dca_realsense_recorder_imu.py). Resolve building in manifest per DATA_LAYOUT_PLAN sec 12.
session_2026-07-27_15-37-04,ds_buildingunknown_2026-07-20,imu,unknown,2026-07-27,gs://miamioh-resa-data/CapstoneData/raw/sessions/ds_buildingunknown_2026-07-20/session_2026-07-27_15-37-04/,,,silver,raw,none,,,Uploaded from external drive D:\Data\imu on 2026-08-26. Building unknown; captured with IMU-enabled recorder (dca_realsense_recorder_imu.py). Resolve building in manifest per DATA_LAYOUT_PLAN sec 12.
session_2026-07-27_15-37-19,ds_buildingunknown_2026-07-20,imu,unknown,2026-07-27,gs://miamioh-resa-data/CapstoneData/raw/sessions/ds_buildingunknown_2026-07-20/session_2026-07-27_15-37-19/,,,silver,raw,none,,,Uploaded from external drive D:\Data\imu on 2026-08-26. Building unknown; captured with IMU-enabled recorder (dca_realsense_recorder_imu.py). Resolve building in manifest per DATA_LAYOUT_PLAN sec 12.
session_2026-07-27_15-37-35,ds_buildingunknown_2026-07-20,imu,unknown,2026-07-27,gs://miamioh-resa-data/CapstoneData/raw/sessions/ds_buildingunknown_2026-07-20/session_2026-07-27_15-37-35/,,,silver,raw,none,,,Uploaded from external drive D:\Data\imu on 2026-08-26. Building unknown; captured with IMU-enabled recorder (dca_realsense_recorder_imu.py). Resolve building in manifest per DATA_LAYOUT_PLAN sec 12.
session_2026-07-27_15-37-50,ds_buildingunknown_2026-07-20,imu,unknown,2026-07-27,gs://miamioh-resa-data/CapstoneData/raw/sessions/ds_buildingunknown_2026-07-20/session_2026-07-27_15-37-50/,,,silver,raw,none,,,Uploaded from external drive D:\Data\imu on 2026-08-26. Building unknown; captured with IMU-enabled recorder (dca_realsense_recorder_imu.py). Resolve building in manifest per DATA_LAYOUT_PLAN sec 12.
session_2026-07-27_15-39-25,ds_buildingunknown_2026-07-20,imu,unknown,2026-07-27,gs://miamioh-resa-data/CapstoneData/raw/sessions/ds_buildingunknown_2026-07-20/session_2026-07-27_15-39-25/,,,silver,raw,none,,,Uploaded from external drive D:\Data\imu on 2026-08-26. Building unknown; captured with IMU-enabled recorder (dca_realsense_recorder_imu.py). Resolve building in manifest per DATA_LAYOUT_PLAN sec 12.
session_2026-07-27_15-39-41,ds_buildingunknown_2026-07-20,imu,unknown,2026-07-27,gs://miamioh-resa-data/CapstoneData/raw/sessions/ds_buildingunknown_2026-07-20/session_2026-07-27_15-39-41/,,,silver,raw,none,,,Uploaded from external drive D:\Data\imu on 2026-08-26. Building unknown; captured with IMU-enabled recorder (dca_realsense_recorder_imu.py). Resolve building in manifest per DATA_LAYOUT_PLAN sec 12.
session_2026-07-27_15-39-57,ds_buildingunknown_2026-07-20,imu,unknown,2026-07-27,gs://miamioh-resa-data/CapstoneData/raw/sessions/ds_buildingunknown_2026-07-20/session_2026-07-27_15-39-57/,,,silver,raw,none,,,Uploaded from external drive D:\Data\imu on 2026-08-26. Building unknown; captured with IMU-enabled recorder (dca_realsense_recorder_imu.py). Resolve building in manifest per DATA_LAYOUT_PLAN sec 12.
session_2026-07-27_15-40-12,ds_buildingunknown_2026-07-20,imu,unknown,2026-07-27,gs://miamioh-resa-data/CapstoneData/raw/sessions/ds_buildingunknown_2026-07-20/session_2026-07-27_15-40-12/,,,silver,raw,none,,,Uploaded from external drive D:\Data\imu on 2026-08-26. Building unknown; captured with IMU-enabled recorder (dca_realsense_recorder_imu.py). Resolve building in manifest per DATA_LAYOUT_PLAN sec 12.
session_2026-07-27_15-40-28,ds_buildingunknown_2026-07-20,imu,unknown,2026-07-27,gs://miamioh-resa-data/CapstoneData/raw/sessions/ds_buildingunknown_2026-07-20/session_2026-07-27_15-40-28/,,,silver,raw,none,,,Uploaded from external drive D:\Data\imu on 2026-08-26. Building unknown; captured with IMU-enabled recorder (dca_realsense_recorder_imu.py). Resolve building in manifest per DATA_LAYOUT_PLAN sec 12.
session_2026-07-27_15-40-43,ds_buildingunknown_2026-07-20,imu,unknown,2026-07-27,gs://miamioh-resa-data/CapstoneData/raw/sessions/ds_buildingunknown_2026-07-20/session_2026-07-27_15-40-43/,,,silver,raw,none,,,Uploaded from external drive D:\Data\imu on 2026-08-26. Building unknown; captured with IMU-enabled recorder (dca_realsense_recorder_imu.py). Resolve building in manifest per DATA_LAYOUT_PLAN sec 12.
session_2026-07-27_15-40-59,ds_buildingunknown_2026-07-20,imu,unknown,2026-07-27,gs://miamioh-resa-data/CapstoneData/raw/sessions/ds_buildingunknown_2026-07-20/session_2026-07-27_15-40-59/,,,silver,raw,none,,,Uploaded from external drive D:\Data\imu on 2026-08-26. Building unknown; captured with IMU-enabled recorder (dca_realsense_recorder_imu.py). Resolve building in manifest per DATA_LAYOUT_PLAN sec 12.
session_2026-07-27_15-41-14,ds_buildingunknown_2026-07-20,imu,unknown,2026-07-27,gs://miamioh-resa-data/CapstoneData/raw/sessions/ds_buildingunknown_2026-07-20/session_2026-07-27_15-41-14/,,,silver,raw,none,,,Uploaded from external drive D:\Data\imu on 2026-08-26. Building unknown; captured with IMU-enabled recorder (dca_realsense_recorder_imu.py). Resolve building in manifest per DATA_LAYOUT_PLAN sec 12.
session_2026-07-27_15-41-53,ds_buildingunknown_2026-07-20,imu,unknown,2026-07-27,gs://miamioh-resa-data/CapstoneData/raw/sessions/ds_buildingunknown_2026-07-20/session_2026-07-27_15-41-53/,,,silver,raw,none,,,Uploaded from external drive D:\Data\imu on 2026-08-26. Building unknown; captured with IMU-enabled recorder (dca_realsense_recorder_imu.py). Resolve building in manifest per DATA_LAYOUT_PLAN sec 12.
session_2026-07-27_15-42-09,ds_buildingunknown_2026-07-20,imu,unknown,2026-07-27,gs://miamioh-resa-data/CapstoneData/raw/sessions/ds_buildingunknown_2026-07-20/session_2026-07-27_15-42-09/,,,silver,raw,none,,,Uploaded from external drive D:\Data\imu on 2026-08-26. Building unknown; captured with IMU-enabled recorder (dca_realsense_recorder_imu.py). Resolve building in manifest per DATA_LAYOUT_PLAN sec 12.
session_2026-07-27_15-42-26,ds_buildingunknown_2026-07-20,imu,unknown,2026-07-27,gs://miamioh-resa-data/CapstoneData/raw/sessions/ds_buildingunknown_2026-07-20/session_2026-07-27_15-42-26/,,,silver,raw,none,,,Uploaded from external drive D:\Data\imu on 2026-08-26. Building unknown; captured with IMU-enabled recorder (dca_realsense_recorder_imu.py). Resolve building in manifest per DATA_LAYOUT_PLAN sec 12.
session_2026-07-27_15-42-41,ds_buildingunknown_2026-07-20,imu,unknown,2026-07-27,gs://miamioh-resa-data/CapstoneData/raw/sessions/ds_buildingunknown_2026-07-20/session_2026-07-27_15-42-41/,,,silver,raw,none,,,Uploaded from external drive D:\Data\imu on 2026-08-26. Building unknown; captured with IMU-enabled recorder (dca_realsense_recorder_imu.py). Resolve building in manifest per DATA_LAYOUT_PLAN sec 12.
session_2026-07-27_15-42-57,ds_buildingunknown_2026-07-20,imu,unknown,2026-07-27,gs://miamioh-resa-data/CapstoneData/raw/sessions/ds_buildingunknown_2026-07-20/session_2026-07-27_15-42-57/,,,silver,raw,none,,,Uploaded from external drive D:\Data\imu on 2026-08-26. Building unknown; captured with IMU-enabled recorder (dca_realsense_recorder_imu.py). Resolve building in manifest per DATA_LAYOUT_PLAN sec 12.
session_2026-07-27_15-43-12,ds_buildingunknown_2026-07-20,imu,unknown,2026-07-27,gs://miamioh-resa-data/CapstoneData/raw/sessions/ds_buildingunknown_2026-07-20/session_2026-07-27_15-43-12/,,,silver,raw,none,,,Uploaded from external drive D:\Data\imu on 2026-08-26. Building unknown; captured with IMU-enabled recorder (dca_realsense_recorder_imu.py). Resolve building in manifest per DATA_LAYOUT_PLAN sec 12.
session_2026-07-27_15-43-28,ds_buildingunknown_2026-07-20,imu,unknown,2026-07-27,gs://miamioh-resa-data/CapstoneData/raw/sessions/ds_buildingunknown_2026-07-20/session_2026-07-27_15-43-28/,,,silver,raw,none,,,Uploaded from external drive D:\Data\imu on 2026-08-26. Building unknown; captured with IMU-enabled recorder (dca_realsense_recorder_imu.py). Resolve building in manifest per DATA_LAYOUT_PLAN sec 12.
session_2026-07-27_15-43-43,ds_buildingunknown_2026-07-20,imu,unknown,2026-07-27,gs://miamioh-resa-data/CapstoneData/raw/sessions/ds_buildingunknown_2026-07-20/session_2026-07-27_15-43-43/,,,silver,raw,none,,,Uploaded from external drive D:\Data\imu on 2026-08-26. Building unknown; captured with IMU-enabled recorder (dca_realsense_recorder_imu.py). Resolve building in manifest per DATA_LAYOUT_PLAN sec 12.
session_2026-07-27_15-45-03,ds_buildingunknown_2026-07-20,imu,unknown,2026-07-27,gs://miamioh-resa-data/CapstoneData/raw/sessions/ds_buildingunknown_2026-07-20/session_2026-07-27_15-45-03/,,,silver,raw,none,,,Uploaded from external drive D:\Data\imu on 2026-08-26. Building unknown; captured with IMU-enabled recorder (dca_realsense_recorder_imu.py). Resolve building in manifest per DATA_LAYOUT_PLAN sec 12.
session_2026-07-27_15-45-19,ds_buildingunknown_2026-07-20,imu,unknown,2026-07-27,gs://miamioh-resa-data/CapstoneData/raw/sessions/ds_buildingunknown_2026-07-20/session_2026-07-27_15-45-19/,,,silver,raw,none,,,Uploaded from external drive D:\Data\imu on 2026-08-26. Building unknown; captured with IMU-enabled recorder (dca_realsense_recorder_imu.py). Resolve building in manifest per DATA_LAYOUT_PLAN sec 12.
session_2026-07-27_15-45-36,ds_buildingunknown_2026-07-20,imu,unknown,2026-07-27,gs://miamioh-resa-data/CapstoneData/raw/sessions/ds_buildingunknown_2026-07-20/session_2026-07-27_15-45-36/,,,silver,raw,none,,,Uploaded from external drive D:\Data\imu on 2026-08-26. Building unknown; captured with IMU-enabled recorder (dca_realsense_recorder_imu.py). Resolve building in manifest per DATA_LAYOUT_PLAN sec 12.
session_2026-07-27_15-45-51,ds_buildingunknown_2026-07-20,imu,unknown,2026-07-27,gs://miamioh-resa-data/CapstoneData/raw/sessions/ds_buildingunknown_2026-07-20/session_2026-07-27_15-45-51/,,,silver,raw,none,,,Uploaded from external drive D:\Data\imu on 2026-08-26. Building unknown; captured with IMU-enabled recorder (dca_realsense_recorder_imu.py). Resolve building in manifest per DATA_LAYOUT_PLAN sec 12.
session_2026-07-27_15-46-08,ds_buildingunknown_2026-07-20,imu,unknown,2026-07-27,gs://miamioh-resa-data/CapstoneData/raw/sessions/ds_buildingunknown_2026-07-20/session_2026-07-27_15-46-08/,,,silver,raw,none,,,Uploaded from external drive D:\Data\imu on 2026-08-26. Building unknown; captured with IMU-enabled recorder (dca_realsense_recorder_imu.py). Resolve building in manifest per DATA_LAYOUT_PLAN sec 12.
session_2026-07-27_15-46-24,ds_buildingunknown_2026-07-20,imu,unknown,2026-07-27,gs://miamioh-resa-data/CapstoneData/raw/sessions/ds_buildingunknown_2026-07-20/session_2026-07-27_15-46-24/,,,silver,raw,none,,,Uploaded from external drive D:\Data\imu on 2026-08-26. Building unknown; captured with IMU-enabled recorder (dca_realsense_recorder_imu.py). Resolve building in manifest per DATA_LAYOUT_PLAN sec 12.
session_2026-07-27_15-46-40,ds_buildingunknown_2026-07-20,imu,unknown,2026-07-27,gs://miamioh-resa-data/CapstoneData/raw/sessions/ds_buildingunknown_2026-07-20/session_2026-07-27_15-46-40/,,,silver,raw,none,,,Uploaded from external drive D:\Data\imu on 2026-08-26. Building unknown; captured with IMU-enabled recorder (dca_realsense_recorder_imu.py). Resolve building in manifest per DATA_LAYOUT_PLAN sec 12.
session_2026-07-27_15-46-56,ds_buildingunknown_2026-07-20,imu,unknown,2026-07-27,gs://miamioh-resa-data/CapstoneData/raw/sessions/ds_buildingunknown_2026-07-20/session_2026-07-27_15-46-56/,,,silver,raw,none,,,Uploaded from external drive D:\Data\imu on 2026-08-26. Building unknown; captured with IMU-enabled recorder (dca_realsense_recorder_imu.py). Resolve building in manifest per DATA_LAYOUT_PLAN sec 12.
session_2026-07-27_15-47-32,ds_buildingunknown_2026-07-20,imu,unknown,2026-07-27,gs://miamioh-resa-data/CapstoneData/raw/sessions/ds_buildingunknown_2026-07-20/session_2026-07-27_15-47-32/,,,silver,raw,none,,,Uploaded from external drive D:\Data\imu on 2026-08-26. Building unknown; captured with IMU-enabled recorder (dca_realsense_recorder_imu.py). Resolve building in manifest per DATA_LAYOUT_PLAN sec 12.
session_2026-07-27_15-47-49,ds_buildingunknown_2026-07-20,imu,unknown,2026-07-27,gs://miamioh-resa-data/CapstoneData/raw/sessions/ds_buildingunknown_2026-07-20/session_2026-07-27_15-47-49/,,,silver,raw,none,,,Uploaded from external drive D:\Data\imu on 2026-08-26. Building unknown; captured with IMU-enabled recorder (dca_realsense_recorder_imu.py). Resolve building in manifest per DATA_LAYOUT_PLAN sec 12.
session_2026-07-27_15-48-05,ds_buildingunknown_2026-07-20,imu,unknown,2026-07-27,gs://miamioh-resa-data/CapstoneData/raw/sessions/ds_buildingunknown_2026-07-20/session_2026-07-27_15-48-05/,,,silver,raw,none,,,Uploaded from external drive D:\Data\imu on 2026-08-26. Building unknown; captured with IMU-enabled recorder (dca_realsense_recorder_imu.py). Resolve building in manifest per DATA_LAYOUT_PLAN sec 12.
session_2026-07-27_15-48-22,ds_buildingunknown_2026-07-20,imu,unknown,2026-07-27,gs://miamioh-resa-data/CapstoneData/raw/sessions/ds_buildingunknown_2026-07-20/session_2026-07-27_15-48-22/,,,silver,raw,none,,,Uploaded from external drive D:\Data\imu on 2026-08-26. Building unknown; captured with IMU-enabled recorder (dca_realsense_recorder_imu.py). Resolve building in manifest per DATA_LAYOUT_PLAN sec 12.
session_2026-07-27_15-48-38,ds_buildingunknown_2026-07-20,imu,unknown,2026-07-27,gs://miamioh-resa-data/CapstoneData/raw/sessions/ds_buildingunknown_2026-07-20/session_2026-07-27_15-48-38/,,,silver,raw,none,,,Uploaded from external drive D:\Data\imu on 2026-08-26. Building unknown; captured with IMU-enabled recorder (dca_realsense_recorder_imu.py). Resolve building in manifest per DATA_LAYOUT_PLAN sec 12.
session_2026-07-27_15-48-53,ds_buildingunknown_2026-07-20,imu,unknown,2026-07-27,gs://miamioh-resa-data/CapstoneData/raw/sessions/ds_buildingunknown_2026-07-20/session_2026-07-27_15-48-53/,,,silver,raw,none,,,Uploaded from external drive D:\Data\imu on 2026-08-26. Building unknown; captured with IMU-enabled recorder (dca_realsense_recorder_imu.py). Resolve building in manifest per DATA_LAYOUT_PLAN sec 12.
session_2026-07-27_15-49-09,ds_buildingunknown_2026-07-20,imu,unknown,2026-07-27,gs://miamioh-resa-data/CapstoneData/raw/sessions/ds_buildingunknown_2026-07-20/session_2026-07-27_15-49-09/,,,silver,raw,none,,,Uploaded from external drive D:\Data\imu on 2026-08-26. Building unknown; captured with IMU-enabled recorder (dca_realsense_recorder_imu.py). Resolve building in manifest per DATA_LAYOUT_PLAN sec 12.
session_2026-07-27_15-49-24,ds_buildingunknown_2026-07-20,imu,unknown,2026-07-27,gs://miamioh-resa-data/CapstoneData/raw/sessions/ds_buildingunknown_2026-07-20/session_2026-07-27_15-49-24/,,,silver,raw,none,,,Uploaded from external drive D:\Data\imu on 2026-08-26. Building unknown; captured with IMU-enabled recorder (dca_realsense_recorder_imu.py). Resolve building in manifest per DATA_LAYOUT_PLAN sec 12.
session_2026-07-27_15-49-57,ds_buildingunknown_2026-07-20,imu,unknown,2026-07-27,gs://miamioh-resa-data/CapstoneData/raw/sessions/ds_buildingunknown_2026-07-20/session_2026-07-27_15-49-57/,,,silver,raw,none,,,Uploaded from external drive D:\Data\imu on 2026-08-26. Building unknown; captured with IMU-enabled recorder (dca_realsense_recorder_imu.py). Resolve building in manifest per DATA_LAYOUT_PLAN sec 12.
session_2026-07-27_15-50-12,ds_buildingunknown_2026-07-20,imu,unknown,2026-07-27,gs://miamioh-resa-data/CapstoneData/raw/sessions/ds_buildingunknown_2026-07-20/session_2026-07-27_15-50-12/,,,silver,raw,none,,,Uploaded from external drive D:\Data\imu on 2026-08-26. Building unknown; captured with IMU-enabled recorder (dca_realsense_recorder_imu.py). Resolve building in manifest per DATA_LAYOUT_PLAN sec 12.
session_2026-07-27_15-50-28,ds_buildingunknown_2026-07-20,imu,unknown,2026-07-27,gs://miamioh-resa-data/CapstoneData/raw/sessions/ds_buildingunknown_2026-07-20/session_2026-07-27_15-50-28/,,,silver,raw,none,,,Uploaded from external drive D:\Data\imu on 2026-08-26. Building unknown; captured with IMU-enabled recorder (dca_realsense_recorder_imu.py). Resolve building in manifest per DATA_LAYOUT_PLAN sec 12.
session_2026-07-27_15-50-44,ds_buildingunknown_2026-07-20,imu,unknown,2026-07-27,gs://miamioh-resa-data/CapstoneData/raw/sessions/ds_buildingunknown_2026-07-20/session_2026-07-27_15-50-44/,,,silver,raw,none,,,Uploaded from external drive D:\Data\imu on 2026-08-26. Building unknown; captured with IMU-enabled recorder (dca_realsense_recorder_imu.py). Resolve building in manifest per DATA_LAYOUT_PLAN sec 12.
session_2026-07-27_15-50-59,ds_buildingunknown_2026-07-20,imu,unknown,2026-07-27,gs://miamioh-resa-data/CapstoneData/raw/sessions/ds_buildingunknown_2026-07-20/session_2026-07-27_15-50-59/,,,silver,raw,none,,,Uploaded from external drive D:\Data\imu on 2026-08-26. Building unknown; captured with IMU-enabled recorder (dca_realsense_recorder_imu.py). Resolve building in manifest per DATA_LAYOUT_PLAN sec 12.
session_2026-07-27_15-51-15,ds_buildingunknown_2026-07-20,imu,unknown,2026-07-27,gs://miamioh-resa-data/CapstoneData/raw/sessions/ds_buildingunknown_2026-07-20/session_2026-07-27_15-51-15/,,,silver,raw,none,,,Uploaded from external drive D:\Data\imu on 2026-08-26. Building unknown; captured with IMU-enabled recorder (dca_realsense_recorder_imu.py). Resolve building in manifest per DATA_LAYOUT_PLAN sec 12.
session_2026-07-27_15-51-30,ds_buildingunknown_2026-07-20,imu,unknown,2026-07-27,gs://miamioh-resa-data/CapstoneData/raw/sessions/ds_buildingunknown_2026-07-20/session_2026-07-27_15-51-30/,,,silver,raw,none,,,Uploaded from external drive D:\Data\imu on 2026-08-26. Building unknown; captured with IMU-enabled recorder (dca_realsense_recorder_imu.py). Resolve building in manifest per DATA_LAYOUT_PLAN sec 12.
session_2026-07-27_15-51-46,ds_buildingunknown_2026-07-20,imu,unknown,2026-07-27,gs://miamioh-resa-data/CapstoneData/raw/sessions/ds_buildingunknown_2026-07-20/session_2026-07-27_15-51-46/,,,silver,raw,none,,,Uploaded from external drive D:\Data\imu on 2026-08-26. Building unknown; captured with IMU-enabled recorder (dca_realsense_recorder_imu.py). Resolve building in manifest per DATA_LAYOUT_PLAN sec 12.
session_2026-07-27_15-52-28,ds_buildingunknown_2026-07-20,imu,unknown,2026-07-27,gs://miamioh-resa-data/CapstoneData/raw/sessions/ds_buildingunknown_2026-07-20/session_2026-07-27_15-52-28/,,,silver,raw,none,,,Uploaded from external drive D:\Data\imu on 2026-08-26. Building unknown; captured with IMU-enabled recorder (dca_realsense_recorder_imu.py). Resolve building in manifest per DATA_LAYOUT_PLAN sec 12.
session_2026-07-27_15-52-43,ds_buildingunknown_2026-07-20,imu,unknown,2026-07-27,gs://miamioh-resa-data/CapstoneData/raw/sessions/ds_buildingunknown_2026-07-20/session_2026-07-27_15-52-43/,,,silver,raw,none,,,Uploaded from external drive D:\Data\imu on 2026-08-26. Building unknown; captured with IMU-enabled recorder (dca_realsense_recorder_imu.py). Resolve building in manifest per DATA_LAYOUT_PLAN sec 12.
session_2026-07-27_15-52-59,ds_buildingunknown_2026-07-20,imu,unknown,2026-07-27,gs://miamioh-resa-data/CapstoneData/raw/sessions/ds_buildingunknown_2026-07-20/session_2026-07-27_15-52-59/,,,silver,raw,none,,,Uploaded from external drive D:\Data\imu on 2026-08-26. Building unknown; captured with IMU-enabled recorder (dca_realsense_recorder_imu.py). Resolve building in manifest per DATA_LAYOUT_PLAN sec 12.
session_2026-07-27_15-53-14,ds_buildingunknown_2026-07-20,imu,unknown,2026-07-27,gs://miamioh-resa-data/CapstoneData/raw/sessions/ds_buildingunknown_2026-07-20/session_2026-07-27_15-53-14/,,,silver,raw,none,,,Uploaded from external drive D:\Data\imu on 2026-08-26. Building unknown; captured with IMU-enabled recorder (dca_realsense_recorder_imu.py). Resolve building in manifest per DATA_LAYOUT_PLAN sec 12.
session_2026-07-27_15-53-30,ds_buildingunknown_2026-07-20,imu,unknown,2026-07-27,gs://miamioh-resa-data/CapstoneData/raw/sessions/ds_buildingunknown_2026-07-20/session_2026-07-27_15-53-30/,,,silver,raw,none,,,Uploaded from external drive D:\Data\imu on 2026-08-26. Building unknown; captured with IMU-enabled recorder (dca_realsense_recorder_imu.py). Resolve building in manifest per DATA_LAYOUT_PLAN sec 12.
session_2026-07-27_15-53-46,ds_buildingunknown_2026-07-20,imu,unknown,2026-07-27,gs://miamioh-resa-data/CapstoneData/raw/sessions/ds_buildingunknown_2026-07-20/session_2026-07-27_15-53-46/,,,silver,raw,none,,,Uploaded from external drive D:\Data\imu on 2026-08-26. Building unknown; captured with IMU-enabled recorder (dca_realsense_recorder_imu.py). Resolve building in manifest per DATA_LAYOUT_PLAN sec 12.
session_2026-07-27_15-54-01,ds_buildingunknown_2026-07-20,imu,unknown,2026-07-27,gs://miamioh-resa-data/CapstoneData/raw/sessions/ds_buildingunknown_2026-07-20/session_2026-07-27_15-54-01/,,,silver,raw,none,,,Uploaded from external drive D:\Data\imu on 2026-08-26. Building unknown; captured with IMU-enabled recorder (dca_realsense_recorder_imu.py). Resolve building in manifest per DATA_LAYOUT_PLAN sec 12.
session_2026-07-27_15-54-17,ds_buildingunknown_2026-07-20,imu,unknown,2026-07-27,gs://miamioh-resa-data/CapstoneData/raw/sessions/ds_buildingunknown_2026-07-20/session_2026-07-27_15-54-17/,,,silver,raw,none,,,Uploaded from external drive D:\Data\imu on 2026-08-26. Building unknown; captured with IMU-enabled recorder (dca_realsense_recorder_imu.py). Resolve building in manifest per DATA_LAYOUT_PLAN sec 12.
session_2026-07-27_15-55-00,ds_buildingunknown_2026-07-20,imu,unknown,2026-07-27,gs://miamioh-resa-data/CapstoneData/raw/sessions/ds_buildingunknown_2026-07-20/session_2026-07-27_15-55-00/,,,silver,raw,none,,,Uploaded from external drive D:\Data\imu on 2026-08-26. Building unknown; captured with IMU-enabled recorder (dca_realsense_recorder_imu.py). Resolve building in manifest per DATA_LAYOUT_PLAN sec 12.
