session_id,dataset_id,legacy_dataset_name,current_raw_path,target_raw_path,mapping_scope,migration_status,notes
session_2026-04-21_23-31-18,ds_legacy_dataset1,dataset1,gs://miamioh-resa-data/CapstoneData/raw-data/raw_session_extracts/dataset1/session_2026-04-21_23-31-18/,gs://miamioh-resa-data/CapstoneData/raw/sessions/ds_legacy_dataset1/session_2026-04-21_23-31-18/,session_root,planned,Exact 1-to-1 raw-session mapping generated from session_catalog.csv. Source tree remains authoritative until target copy is verified.
session_2026-04-21_23-50-09,ds_legacy_dataset1,dataset1,gs://miamioh-resa-data/CapstoneData/raw-data/raw_session_extracts/dataset1/session_2026-04-21_23-50-09/,gs://miamioh-resa-data/CapstoneData/raw/sessions/ds_legacy_dataset1/session_2026-04-21_23-50-09/,session_root,planned,Exact 1-to-1 raw-session mapping generated from session_catalog.csv. Source tree remains authoritative until target copy is verified.
session_2026-04-21_23-56-02,ds_legacy_dataset1,dataset1,gs://miamioh-resa-data/CapstoneData/raw-data/raw_session_extracts/dataset1/session_2026-04-21_23-56-02/,gs://miamioh-resa-data/CapstoneData/raw/sessions/ds_legacy_dataset1/session_2026-04-21_23-56-02/,session_root,planned,Exact 1-to-1 raw-session mapping generated from session_catalog.csv. Source tree remains authoritative until target copy is verified.
session_2026-04-21_23-58-28,ds_legacy_dataset1,dataset1,gs://miamioh-resa-data/CapstoneData/raw-data/raw_session_extracts/dataset1/session_2026-04-21_23-58-28/,gs://miamioh-resa-data/CapstoneData/raw/sessions/ds_legacy_dataset1/session_2026-04-21_23-58-28/,session_root,planned,Exact 1-to-1 raw-session mapping generated from session_catalog.csv. Source tree remains authoritative until target copy is verified.
session_2026-04-28_17-40-12,ds_legacy_dataset1,dataset1,gs://miamioh-resa-data/CapstoneData/raw-data/raw_session_extracts/dataset1/session_2026-04-28_17-40-12/,gs://miamioh-resa-data/CapstoneData/raw/sessions/ds_legacy_dataset1/session_2026-04-28_17-40-12/,session_root,planned,Exact 1-to-1 raw-session mapping generated from session_catalog.csv. Source tree remains authoritative until target copy is verified.
session_2026-04-28_17-40-53,ds_legacy_dataset1,dataset1,gs://miamioh-resa-data/CapstoneData/raw-data/raw_session_extracts/dataset1/session_2026-04-28_17-40-53/,gs://miamioh-resa-data/CapstoneData/raw/sessions/ds_legacy_dataset1/session_2026-04-28_17-40-53/,session_root,planned,Exact 1-to-1 raw-session mapping generated from session_catalog.csv. Source tree remains authoritative until target copy is verified.
session_2026-04-28_17-42-24,ds_legacy_dataset1,dataset1,gs://miamioh-resa-data/CapstoneData/raw-data/raw_session_extracts/dataset1/session_2026-04-28_17-42-24/,gs://miamioh-resa-data/CapstoneData/raw/sessions/ds_legacy_dataset1/session_2026-04-28_17-42-24/,session_root,planned,Exact 1-to-1 raw-session mapping generated from session_catalog.csv. Source tree remains authoritative until target copy is verified.
session_2026-04-28_17-43-17,ds_legacy_dataset1,dataset1,gs://miamioh-resa-data/CapstoneData/raw-data/raw_session_extracts/dataset1/session_2026-04-28_17-43-17/,gs://miamioh-resa-data/CapstoneData/raw/sessions/ds_legacy_dataset1/session_2026-04-28_17-43-17/,session_root,planned,Exact 1-to-1 raw-session mapping generated from session_catalog.csv. Source tree remains authoritative until target copy is verified.
session_2026-04-28_17-44-37,ds_legacy_dataset1,dataset1,gs://miamioh-resa-data/CapstoneData/raw-data/raw_session_extracts/dataset1/session_2026-04-28_17-44-37/,gs://miamioh-resa-data/CapstoneData/raw/sessions/ds_legacy_dataset1/session_2026-04-28_17-44-37/,session_root,planned,Exact 1-to-1 raw-session mapping generated from session_catalog.csv. Source tree remains authoritative until target copy is verified.
session_2026-04-28_17-46-06,ds_legacy_dataset1,dataset1,gs://miamioh-resa-data/CapstoneData/raw-data/raw_session_extracts/dataset1/session_2026-04-28_17-46-06/,gs://miamioh-resa-data/CapstoneData/raw/sessions/ds_legacy_dataset1/session_2026-04-28_17-46-06/,session_root,planned,Exact 1-to-1 raw-session mapping generated from session_catalog.csv. Source tree remains authoritative until target copy is verified.
session_2026-04-28_17-47-16,ds_legacy_dataset1,dataset1,gs://miamioh-resa-data/CapstoneData/raw-data/raw_session_extracts/dataset1/session_2026-04-28_17-47-16/,gs://miamioh-resa-data/CapstoneData/raw/sessions/ds_legacy_dataset1/session_2026-04-28_17-47-16/,session_root,planned,Exact 1-to-1 raw-session mapping generated from session_catalog.csv. Source tree remains authoritative until target copy is verified.
session_2026-04-28_17-48-34,ds_legacy_dataset1,dataset1,gs://miamioh-resa-data/CapstoneData/raw-data/raw_session_extracts/dataset1/session_2026-04-28_17-48-34/,gs://miamioh-resa-data/CapstoneData/raw/sessions/ds_legacy_dataset1/session_2026-04-28_17-48-34/,session_root,planned,Exact 1-to-1 raw-session mapping generated from session_catalog.csv. Source tree remains authoritative until target copy is verified.
session_2026-04-28_17-51-06,ds_legacy_dataset1,dataset1,gs://miamioh-resa-data/CapstoneData/raw-data/raw_session_extracts/dataset1/session_2026-04-28_17-51-06/,gs://miamioh-resa-data/CapstoneData/raw/sessions/ds_legacy_dataset1/session_2026-04-28_17-51-06/,session_root,planned,Exact 1-to-1 raw-session mapping generated from session_catalog.csv. Source tree remains authoritative until target copy is verified.
session_2026-04-28_17-52-11,ds_legacy_dataset1,dataset1,gs://miamioh-resa-data/CapstoneData/raw-data/raw_session_extracts/dataset1/session_2026-04-28_17-52-11/,gs://miamioh-resa-data/CapstoneData/raw/sessions/ds_legacy_dataset1/session_2026-04-28_17-52-11/,session_root,planned,Exact 1-to-1 raw-session mapping generated from session_catalog.csv. Source tree remains authoritative until target copy is verified.
session_2026-04-28_17-52-58,ds_legacy_dataset1,dataset1,gs://miamioh-resa-data/CapstoneData/raw-data/raw_session_extracts/dataset1/session_2026-04-28_17-52-58/,gs://miamioh-resa-data/CapstoneData/raw/sessions/ds_legacy_dataset1/session_2026-04-28_17-52-58/,session_root,planned,Exact 1-to-1 raw-session mapping generated from session_catalog.csv. Source tree remains authoritative until target copy is verified.
session_2026-04-28_17-53-50,ds_legacy_dataset1,dataset1,gs://miamioh-resa-data/CapstoneData/raw-data/raw_session_extracts/dataset1/session_2026-04-28_17-53-50/,gs://miamioh-resa-data/CapstoneData/raw/sessions/ds_legacy_dataset1/session_2026-04-28_17-53-50/,session_root,planned,Exact 1-to-1 raw-session mapping generated from session_catalog.csv. Source tree remains authoritative until target copy is verified.
session_2026-04-28_17-55-13,ds_legacy_dataset1,dataset1,gs://miamioh-resa-data/CapstoneData/raw-data/raw_session_extracts/dataset1/session_2026-04-28_17-55-13/,gs://miamioh-resa-data/CapstoneData/raw/sessions/ds_legacy_dataset1/session_2026-04-28_17-55-13/,session_root,planned,Exact 1-to-1 raw-session mapping generated from session_catalog.csv. Source tree remains authoritative until target copy is verified.
session_2026-04-28_18-09-17,ds_legacy_dataset1,dataset1,gs://miamioh-resa-data/CapstoneData/raw-data/raw_session_extracts/dataset1/session_2026-04-28_18-09-17/,gs://miamioh-resa-data/CapstoneData/raw/sessions/ds_legacy_dataset1/session_2026-04-28_18-09-17/,session_root,planned,Exact 1-to-1 raw-session mapping generated from session_catalog.csv. Source tree remains authoritative until target copy is verified.
session_2026-04-28_18-13-25,ds_legacy_dataset1,dataset1,gs://miamioh-resa-data/CapstoneData/raw-data/raw_session_extracts/dataset1/session_2026-04-28_18-13-25/,gs://miamioh-resa-data/CapstoneData/raw/sessions/ds_legacy_dataset1/session_2026-04-28_18-13-25/,session_root,planned,Exact 1-to-1 raw-session mapping generated from session_catalog.csv. Source tree remains authoritative until target copy is verified.
session_2026-04-28_18-17-41,ds_legacy_dataset1,dataset1,gs://miamioh-resa-data/CapstoneData/raw-data/raw_session_extracts/dataset1/session_2026-04-28_18-17-41/,gs://miamioh-resa-data/CapstoneData/raw/sessions/ds_legacy_dataset1/session_2026-04-28_18-17-41/,session_root,planned,Exact 1-to-1 raw-session mapping generated from session_catalog.csv. Source tree remains authoritative until target copy is verified.
session_2026-04-28_18-18-51,ds_legacy_dataset1,dataset1,gs://miamioh-resa-data/CapstoneData/raw-data/raw_session_extracts/dataset1/session_2026-04-28_18-18-51/,gs://miamioh-resa-data/CapstoneData/raw/sessions/ds_legacy_dataset1/session_2026-04-28_18-18-51/,session_root,planned,Exact 1-to-1 raw-session mapping generated from session_catalog.csv. Source tree remains authoritative until target copy is verified.
session_2026-04-28_18-25-58,ds_legacy_dataset1,dataset1,gs://miamioh-resa-data/CapstoneData/raw-data/raw_session_extracts/dataset1/session_2026-04-28_18-25-58/,gs://miamioh-resa-data/CapstoneData/raw/sessions/ds_legacy_dataset1/session_2026-04-28_18-25-58/,session_root,planned,Exact 1-to-1 raw-session mapping generated from session_catalog.csv. Source tree remains authoritative until target copy is verified.
session_2026-04-28_18-27-05,ds_legacy_dataset1,dataset1,gs://miamioh-resa-data/CapstoneData/raw-data/raw_session_extracts/dataset1/session_2026-04-28_18-27-05/,gs://miamioh-resa-data/CapstoneData/raw/sessions/ds_legacy_dataset1/session_2026-04-28_18-27-05/,session_root,planned,Exact 1-to-1 raw-session mapping generated from session_catalog.csv. Source tree remains authoritative until target copy is verified.
session_2026-04-28_18-28-45,ds_legacy_dataset1,dataset1,gs://miamioh-resa-data/CapstoneData/raw-data/raw_session_extracts/dataset1/session_2026-04-28_18-28-45/,gs://miamioh-resa-data/CapstoneData/raw/sessions/ds_legacy_dataset1/session_2026-04-28_18-28-45/,session_root,planned,Exact 1-to-1 raw-session mapping generated from session_catalog.csv. Source tree remains authoritative until target copy is verified.
session_2026-04-28_18-32-20,ds_legacy_dataset1,dataset1,gs://miamioh-resa-data/CapstoneData/raw-data/raw_session_extracts/dataset1/session_2026-04-28_18-32-20/,gs://miamioh-resa-data/CapstoneData/raw/sessions/ds_legacy_dataset1/session_2026-04-28_18-32-20/,session_root,planned,Exact 1-to-1 raw-session mapping generated from session_catalog.csv. Source tree remains authoritative until target copy is verified.
session_2026-04-28_18-34-54,ds_legacy_dataset1,dataset1,gs://miamioh-resa-data/CapstoneData/raw-data/raw_session_extracts/dataset1/session_2026-04-28_18-34-54/,gs://miamioh-resa-data/CapstoneData/raw/sessions/ds_legacy_dataset1/session_2026-04-28_18-34-54/,session_root,planned,Exact 1-to-1 raw-session mapping generated from session_catalog.csv. Source tree remains authoritative until target copy is verified.
session_2026-04-28_22-16-05,ds_legacy_dataset1,dataset1,gs://miamioh-resa-data/CapstoneData/raw-data/raw_session_extracts/dataset1/session_2026-04-28_22-16-05/,gs://miamioh-resa-data/CapstoneData/raw/sessions/ds_legacy_dataset1/session_2026-04-28_22-16-05/,session_root,planned,Exact 1-to-1 raw-session mapping generated from session_catalog.csv. Source tree remains authoritative until target copy is verified.
session_2026-04-28_22-17-47,ds_legacy_dataset1,dataset1,gs://miamioh-resa-data/CapstoneData/raw-data/raw_session_extracts/dataset1/session_2026-04-28_22-17-47/,gs://miamioh-resa-data/CapstoneData/raw/sessions/ds_legacy_dataset1/session_2026-04-28_22-17-47/,session_root,planned,Exact 1-to-1 raw-session mapping generated from session_catalog.csv. Source tree remains authoritative until target copy is verified.
session_2026-04-28_22-19-07,ds_legacy_dataset1,dataset1,gs://miamioh-resa-data/CapstoneData/raw-data/raw_session_extracts/dataset1/session_2026-04-28_22-19-07/,gs://miamioh-resa-data/CapstoneData/raw/sessions/ds_legacy_dataset1/session_2026-04-28_22-19-07/,session_root,planned,Exact 1-to-1 raw-session mapping generated from session_catalog.csv. Source tree remains authoritative until target copy is verified.
session_2026-04-28_22-21-22,ds_legacy_dataset1,dataset1,gs://miamioh-resa-data/CapstoneData/raw-data/raw_session_extracts/dataset1/session_2026-04-28_22-21-22/,gs://miamioh-resa-data/CapstoneData/raw/sessions/ds_legacy_dataset1/session_2026-04-28_22-21-22/,session_root,planned,Exact 1-to-1 raw-session mapping generated from session_catalog.csv. Source tree remains authoritative until target copy is verified.
session_2026-04-28_22-23-01,ds_legacy_dataset1,dataset1,gs://miamioh-resa-data/CapstoneData/raw-data/raw_session_extracts/dataset1/session_2026-04-28_22-23-01/,gs://miamioh-resa-data/CapstoneData/raw/sessions/ds_legacy_dataset1/session_2026-04-28_22-23-01/,session_root,planned,Exact 1-to-1 raw-session mapping generated from session_catalog.csv. Source tree remains authoritative until target copy is verified.
session_2026-04-28_22-28-29,ds_legacy_dataset1,dataset1,gs://miamioh-resa-data/CapstoneData/raw-data/raw_session_extracts/dataset1/session_2026-04-28_22-28-29/,gs://miamioh-resa-data/CapstoneData/raw/sessions/ds_legacy_dataset1/session_2026-04-28_22-28-29/,session_root,planned,Exact 1-to-1 raw-session mapping generated from session_catalog.csv. Source tree remains authoritative until target copy is verified.
session_2026-04-28_22-29-44,ds_legacy_dataset1,dataset1,gs://miamioh-resa-data/CapstoneData/raw-data/raw_session_extracts/dataset1/session_2026-04-28_22-29-44/,gs://miamioh-resa-data/CapstoneData/raw/sessions/ds_legacy_dataset1/session_2026-04-28_22-29-44/,session_root,planned,Exact 1-to-1 raw-session mapping generated from session_catalog.csv. Source tree remains authoritative until target copy is verified.
session_2026-04-28_22-31-41,ds_legacy_dataset1,dataset1,gs://miamioh-resa-data/CapstoneData/raw-data/raw_session_extracts/dataset1/session_2026-04-28_22-31-41/,gs://miamioh-resa-data/CapstoneData/raw/sessions/ds_legacy_dataset1/session_2026-04-28_22-31-41/,session_root,planned,Exact 1-to-1 raw-session mapping generated from session_catalog.csv. Source tree remains authoritative until target copy is verified.
session_2026-04-28_22-33-34,ds_legacy_dataset1,dataset1,gs://miamioh-resa-data/CapstoneData/raw-data/raw_session_extracts/dataset1/session_2026-04-28_22-33-34/,gs://miamioh-resa-data/CapstoneData/raw/sessions/ds_legacy_dataset1/session_2026-04-28_22-33-34/,session_root,planned,Exact 1-to-1 raw-session mapping generated from session_catalog.csv. Source tree remains authoritative until target copy is verified.
session_2026-04-28_22-36-19,ds_legacy_dataset1,dataset1,gs://miamioh-resa-data/CapstoneData/raw-data/raw_session_extracts/dataset1/session_2026-04-28_22-36-19/,gs://miamioh-resa-data/CapstoneData/raw/sessions/ds_legacy_dataset1/session_2026-04-28_22-36-19/,session_root,planned,Exact 1-to-1 raw-session mapping generated from session_catalog.csv. Source tree remains authoritative until target copy is verified.
session_2026-04-28_22-37-54,ds_legacy_dataset1,dataset1,gs://miamioh-resa-data/CapstoneData/raw-data/raw_session_extracts/dataset1/session_2026-04-28_22-37-54/,gs://miamioh-resa-data/CapstoneData/raw/sessions/ds_legacy_dataset1/session_2026-04-28_22-37-54/,session_root,planned,Exact 1-to-1 raw-session mapping generated from session_catalog.csv. Source tree remains authoritative until target copy is verified.
session_2026-05-11_17-38-31,ds_legacy_dataset1,dataset1,gs://miamioh-resa-data/CapstoneData/raw-data/raw_session_extracts/dataset1/session_2026-05-11_17-38-31/,gs://miamioh-resa-data/CapstoneData/raw/sessions/ds_legacy_dataset1/session_2026-05-11_17-38-31/,session_root,planned,Exact 1-to-1 raw-session mapping generated from session_catalog.csv. Source tree remains authoritative until target copy is verified.
session_2026-05-11_17-38-53,ds_legacy_dataset1,dataset1,gs://miamioh-resa-data/CapstoneData/raw-data/raw_session_extracts/dataset1/session_2026-05-11_17-38-53/,gs://miamioh-resa-data/CapstoneData/raw/sessions/ds_legacy_dataset1/session_2026-05-11_17-38-53/,session_root,planned,Exact 1-to-1 raw-session mapping generated from session_catalog.csv. Source tree remains authoritative until target copy is verified.
session_2026-05-11_18-31-04,ds_legacy_dataset1,dataset1,gs://miamioh-resa-data/CapstoneData/raw-data/raw_session_extracts/dataset1/session_2026-05-11_18-31-04/,gs://miamioh-resa-data/CapstoneData/raw/sessions/ds_legacy_dataset1/session_2026-05-11_18-31-04/,session_root,planned,Exact 1-to-1 raw-session mapping generated from session_catalog.csv. Source tree remains authoritative until target copy is verified.
session_2026-05-11_18-34-08,ds_legacy_dataset1,dataset1,gs://miamioh-resa-data/CapstoneData/raw-data/raw_session_extracts/dataset1/session_2026-05-11_18-34-08/,gs://miamioh-resa-data/CapstoneData/raw/sessions/ds_legacy_dataset1/session_2026-05-11_18-34-08/,session_root,planned,Exact 1-to-1 raw-session mapping generated from session_catalog.csv. Source tree remains authoritative until target copy is verified.
session_2026-05-11_18-34-24,ds_legacy_dataset1,dataset1,gs://miamioh-resa-data/CapstoneData/raw-data/raw_session_extracts/dataset1/session_2026-05-11_18-34-24/,gs://miamioh-resa-data/CapstoneData/raw/sessions/ds_legacy_dataset1/session_2026-05-11_18-34-24/,session_root,planned,Exact 1-to-1 raw-session mapping generated from session_catalog.csv. Source tree remains authoritative until target copy is verified.
session_2026-05-11_18-34-42,ds_legacy_dataset1,dataset1,gs://miamioh-resa-data/CapstoneData/raw-data/raw_session_extracts/dataset1/session_2026-05-11_18-34-42/,gs://miamioh-resa-data/CapstoneData/raw/sessions/ds_legacy_dataset1/session_2026-05-11_18-34-42/,session_root,planned,Exact 1-to-1 raw-session mapping generated from session_catalog.csv. Source tree remains authoritative until target copy is verified.
session_2026-05-11_18-35-03,ds_legacy_dataset1,dataset1,gs://miamioh-resa-data/CapstoneData/raw-data/raw_session_extracts/dataset1/session_2026-05-11_18-35-03/,gs://miamioh-resa-data/CapstoneData/raw/sessions/ds_legacy_dataset1/session_2026-05-11_18-35-03/,session_root,planned,Exact 1-to-1 raw-session mapping generated from session_catalog.csv. Source tree remains authoritative until target copy is verified.
session_2026-05-11_18-35-23,ds_legacy_dataset1,dataset1,gs://miamioh-resa-data/CapstoneData/raw-data/raw_session_extracts/dataset1/session_2026-05-11_18-35-23/,gs://miamioh-resa-data/CapstoneData/raw/sessions/ds_legacy_dataset1/session_2026-05-11_18-35-23/,session_root,planned,Exact 1-to-1 raw-session mapping generated from session_catalog.csv. Source tree remains authoritative until target copy is verified.
session_2026-05-11_18-35-40,ds_legacy_dataset1,dataset1,gs://miamioh-resa-data/CapstoneData/raw-data/raw_session_extracts/dataset1/session_2026-05-11_18-35-40/,gs://miamioh-resa-data/CapstoneData/raw/sessions/ds_legacy_dataset1/session_2026-05-11_18-35-40/,session_root,planned,Exact 1-to-1 raw-session mapping generated from session_catalog.csv. Source tree remains authoritative until target copy is verified.
session_2026-05-11_18-35-57,ds_legacy_dataset1,dataset1,gs://miamioh-resa-data/CapstoneData/raw-data/raw_session_extracts/dataset1/session_2026-05-11_18-35-57/,gs://miamioh-resa-data/CapstoneData/raw/sessions/ds_legacy_dataset1/session_2026-05-11_18-35-57/,session_root,planned,Exact 1-to-1 raw-session mapping generated from session_catalog.csv. Source tree remains authoritative until target copy is verified.
session_2026-05-11_18-36-16,ds_legacy_dataset1,dataset1,gs://miamioh-resa-data/CapstoneData/raw-data/raw_session_extracts/dataset1/session_2026-05-11_18-36-16/,gs://miamioh-resa-data/CapstoneData/raw/sessions/ds_legacy_dataset1/session_2026-05-11_18-36-16/,session_root,planned,Exact 1-to-1 raw-session mapping generated from session_catalog.csv. Source tree remains authoritative until target copy is verified.
session_2026-05-11_18-42-43,ds_legacy_dataset1,dataset1,gs://miamioh-resa-data/CapstoneData/raw-data/raw_session_extracts/dataset1/session_2026-05-11_18-42-43/,gs://miamioh-resa-data/CapstoneData/raw/sessions/ds_legacy_dataset1/session_2026-05-11_18-42-43/,session_root,planned,Exact 1-to-1 raw-session mapping generated from session_catalog.csv. Source tree remains authoritative until target copy is verified.
session_2026-05-11_18-43-00,ds_legacy_dataset1,dataset1,gs://miamioh-resa-data/CapstoneData/raw-data/raw_session_extracts/dataset1/session_2026-05-11_18-43-00/,gs://miamioh-resa-data/CapstoneData/raw/sessions/ds_legacy_dataset1/session_2026-05-11_18-43-00/,session_root,planned,Exact 1-to-1 raw-session mapping generated from session_catalog.csv. Source tree remains authoritative until target copy is verified.
session_2026-05-11_18-43-16,ds_legacy_dataset1,dataset1,gs://miamioh-resa-data/CapstoneData/raw-data/raw_session_extracts/dataset1/session_2026-05-11_18-43-16/,gs://miamioh-resa-data/CapstoneData/raw/sessions/ds_legacy_dataset1/session_2026-05-11_18-43-16/,session_root,planned,Exact 1-to-1 raw-session mapping generated from session_catalog.csv. Source tree remains authoritative until target copy is verified.
session_2026-05-11_18-43-33,ds_legacy_dataset1,dataset1,gs://miamioh-resa-data/CapstoneData/raw-data/raw_session_extracts/dataset1/session_2026-05-11_18-43-33/,gs://miamioh-resa-data/CapstoneData/raw/sessions/ds_legacy_dataset1/session_2026-05-11_18-43-33/,session_root,planned,Exact 1-to-1 raw-session mapping generated from session_catalog.csv. Source tree remains authoritative until target copy is verified.
session_2026-05-11_18-43-57,ds_legacy_dataset1,dataset1,gs://miamioh-resa-data/CapstoneData/raw-data/raw_session_extracts/dataset1/session_2026-05-11_18-43-57/,gs://miamioh-resa-data/CapstoneData/raw/sessions/ds_legacy_dataset1/session_2026-05-11_18-43-57/,session_root,planned,Exact 1-to-1 raw-session mapping generated from session_catalog.csv. Source tree remains authoritative until target copy is verified.
session_2026-05-11_18-44-13,ds_legacy_dataset1,dataset1,gs://miamioh-resa-data/CapstoneData/raw-data/raw_session_extracts/dataset1/session_2026-05-11_18-44-13/,gs://miamioh-resa-data/CapstoneData/raw/sessions/ds_legacy_dataset1/session_2026-05-11_18-44-13/,session_root,planned,Exact 1-to-1 raw-session mapping generated from session_catalog.csv. Source tree remains authoritative until target copy is verified.
session_2026-05-11_18-44-31,ds_legacy_dataset1,dataset1,gs://miamioh-resa-data/CapstoneData/raw-data/raw_session_extracts/dataset1/session_2026-05-11_18-44-31/,gs://miamioh-resa-data/CapstoneData/raw/sessions/ds_legacy_dataset1/session_2026-05-11_18-44-31/,session_root,planned,Exact 1-to-1 raw-session mapping generated from session_catalog.csv. Source tree remains authoritative until target copy is verified.
session_2026-05-11_18-44-48,ds_legacy_dataset1,dataset1,gs://miamioh-resa-data/CapstoneData/raw-data/raw_session_extracts/dataset1/session_2026-05-11_18-44-48/,gs://miamioh-resa-data/CapstoneData/raw/sessions/ds_legacy_dataset1/session_2026-05-11_18-44-48/,session_root,planned,Exact 1-to-1 raw-session mapping generated from session_catalog.csv. Source tree remains authoritative until target copy is verified.
session_2026-05-11_18-57-24,ds_legacy_dataset1,dataset1,gs://miamioh-resa-data/CapstoneData/raw-data/raw_session_extracts/dataset1/session_2026-05-11_18-57-24/,gs://miamioh-resa-data/CapstoneData/raw/sessions/ds_legacy_dataset1/session_2026-05-11_18-57-24/,session_root,planned,Exact 1-to-1 raw-session mapping generated from session_catalog.csv. Source tree remains authoritative until target copy is verified.
session_2026-05-11_18-57-40,ds_legacy_dataset1,dataset1,gs://miamioh-resa-data/CapstoneData/raw-data/raw_session_extracts/dataset1/session_2026-05-11_18-57-40/,gs://miamioh-resa-data/CapstoneData/raw/sessions/ds_legacy_dataset1/session_2026-05-11_18-57-40/,session_root,planned,Exact 1-to-1 raw-session mapping generated from session_catalog.csv. Source tree remains authoritative until target copy is verified.
session_2026-05-11_18-57-57,ds_legacy_dataset1,dataset1,gs://miamioh-resa-data/CapstoneData/raw-data/raw_session_extracts/dataset1/session_2026-05-11_18-57-57/,gs://miamioh-resa-data/CapstoneData/raw/sessions/ds_legacy_dataset1/session_2026-05-11_18-57-57/,session_root,planned,Exact 1-to-1 raw-session mapping generated from session_catalog.csv. Source tree remains authoritative until target copy is verified.
session_2026-05-11_18-58-13,ds_legacy_dataset1,dataset1,gs://miamioh-resa-data/CapstoneData/raw-data/raw_session_extracts/dataset1/session_2026-05-11_18-58-13/,gs://miamioh-resa-data/CapstoneData/raw/sessions/ds_legacy_dataset1/session_2026-05-11_18-58-13/,session_root,planned,Exact 1-to-1 raw-session mapping generated from session_catalog.csv. Source tree remains authoritative until target copy is verified.
session_2026-05-11_18-58-31,ds_legacy_dataset1,dataset1,gs://miamioh-resa-data/CapstoneData/raw-data/raw_session_extracts/dataset1/session_2026-05-11_18-58-31/,gs://miamioh-resa-data/CapstoneData/raw/sessions/ds_legacy_dataset1/session_2026-05-11_18-58-31/,session_root,planned,Exact 1-to-1 raw-session mapping generated from session_catalog.csv. Source tree remains authoritative until target copy is verified.
session_2026-05-11_18-58-49,ds_legacy_dataset1,dataset1,gs://miamioh-resa-data/CapstoneData/raw-data/raw_session_extracts/dataset1/session_2026-05-11_18-58-49/,gs://miamioh-resa-data/CapstoneData/raw/sessions/ds_legacy_dataset1/session_2026-05-11_18-58-49/,session_root,planned,Exact 1-to-1 raw-session mapping generated from session_catalog.csv. Source tree remains authoritative until target copy is verified.
session_2026-05-11_18-59-08,ds_legacy_dataset1,dataset1,gs://miamioh-resa-data/CapstoneData/raw-data/raw_session_extracts/dataset1/session_2026-05-11_18-59-08/,gs://miamioh-resa-data/CapstoneData/raw/sessions/ds_legacy_dataset1/session_2026-05-11_18-59-08/,session_root,planned,Exact 1-to-1 raw-session mapping generated from session_catalog.csv. Source tree remains authoritative until target copy is verified.
session_2026-05-11_18-59-25,ds_legacy_dataset1,dataset1,gs://miamioh-resa-data/CapstoneData/raw-data/raw_session_extracts/dataset1/session_2026-05-11_18-59-25/,gs://miamioh-resa-data/CapstoneData/raw/sessions/ds_legacy_dataset1/session_2026-05-11_18-59-25/,session_root,planned,Exact 1-to-1 raw-session mapping generated from session_catalog.csv. Source tree remains authoritative until target copy is verified.
session_2026-05-11_19-02-54,ds_legacy_dataset1,dataset1,gs://miamioh-resa-data/CapstoneData/raw-data/raw_session_extracts/dataset1/session_2026-05-11_19-02-54/,gs://miamioh-resa-data/CapstoneData/raw/sessions/ds_legacy_dataset1/session_2026-05-11_19-02-54/,session_root,planned,Exact 1-to-1 raw-session mapping generated from session_catalog.csv. Source tree remains authoritative until target copy is verified.
session_2026-05-11_19-03-09,ds_legacy_dataset1,dataset1,gs://miamioh-resa-data/CapstoneData/raw-data/raw_session_extracts/dataset1/session_2026-05-11_19-03-09/,gs://miamioh-resa-data/CapstoneData/raw/sessions/ds_legacy_dataset1/session_2026-05-11_19-03-09/,session_root,planned,Exact 1-to-1 raw-session mapping generated from session_catalog.csv. Source tree remains authoritative until target copy is verified.
session_2026-05-11_19-03-26,ds_legacy_dataset1,dataset1,gs://miamioh-resa-data/CapstoneData/raw-data/raw_session_extracts/dataset1/session_2026-05-11_19-03-26/,gs://miamioh-resa-data/CapstoneData/raw/sessions/ds_legacy_dataset1/session_2026-05-11_19-03-26/,session_root,planned,Exact 1-to-1 raw-session mapping generated from session_catalog.csv. Source tree remains authoritative until target copy is verified.
session_2026-05-11_19-03-45,ds_legacy_dataset1,dataset1,gs://miamioh-resa-data/CapstoneData/raw-data/raw_session_extracts/dataset1/session_2026-05-11_19-03-45/,gs://miamioh-resa-data/CapstoneData/raw/sessions/ds_legacy_dataset1/session_2026-05-11_19-03-45/,session_root,planned,Exact 1-to-1 raw-session mapping generated from session_catalog.csv. Source tree remains authoritative until target copy is verified.
session_2026-05-11_19-04-04,ds_legacy_dataset1,dataset1,gs://miamioh-resa-data/CapstoneData/raw-data/raw_session_extracts/dataset1/session_2026-05-11_19-04-04/,gs://miamioh-resa-data/CapstoneData/raw/sessions/ds_legacy_dataset1/session_2026-05-11_19-04-04/,session_root,planned,Exact 1-to-1 raw-session mapping generated from session_catalog.csv. Source tree remains authoritative until target copy is verified.
session_2026-05-11_19-04-23,ds_legacy_dataset1,dataset1,gs://miamioh-resa-data/CapstoneData/raw-data/raw_session_extracts/dataset1/session_2026-05-11_19-04-23/,gs://miamioh-resa-data/CapstoneData/raw/sessions/ds_legacy_dataset1/session_2026-05-11_19-04-23/,session_root,planned,Exact 1-to-1 raw-session mapping generated from session_catalog.csv. Source tree remains authoritative until target copy is verified.
session_2026-05-11_19-04-48,ds_legacy_dataset1,dataset1,gs://miamioh-resa-data/CapstoneData/raw-data/raw_session_extracts/dataset1/session_2026-05-11_19-04-48/,gs://miamioh-resa-data/CapstoneData/raw/sessions/ds_legacy_dataset1/session_2026-05-11_19-04-48/,session_root,planned,Exact 1-to-1 raw-session mapping generated from session_catalog.csv. Source tree remains authoritative until target copy is verified.
session_2026-05-11_19-05-07,ds_legacy_dataset1,dataset1,gs://miamioh-resa-data/CapstoneData/raw-data/raw_session_extracts/dataset1/session_2026-05-11_19-05-07/,gs://miamioh-resa-data/CapstoneData/raw/sessions/ds_legacy_dataset1/session_2026-05-11_19-05-07/,session_root,planned,Exact 1-to-1 raw-session mapping generated from session_catalog.csv. Source tree remains authoritative until target copy is verified.
session_2026-05-11_19-10-59,ds_legacy_dataset1,dataset1,gs://miamioh-resa-data/CapstoneData/raw-data/raw_session_extracts/dataset1/session_2026-05-11_19-10-59/,gs://miamioh-resa-data/CapstoneData/raw/sessions/ds_legacy_dataset1/session_2026-05-11_19-10-59/,session_root,planned,Exact 1-to-1 raw-session mapping generated from session_catalog.csv. Source tree remains authoritative until target copy is verified.
session_2026-05-11_19-11-16,ds_legacy_dataset1,dataset1,gs://miamioh-resa-data/CapstoneData/raw-data/raw_session_extracts/dataset1/session_2026-05-11_19-11-16/,gs://miamioh-resa-data/CapstoneData/raw/sessions/ds_legacy_dataset1/session_2026-05-11_19-11-16/,session_root,planned,Exact 1-to-1 raw-session mapping generated from session_catalog.csv. Source tree remains authoritative until target copy is verified.
session_2026-05-11_19-11-35,ds_legacy_dataset1,dataset1,gs://miamioh-resa-data/CapstoneData/raw-data/raw_session_extracts/dataset1/session_2026-05-11_19-11-35/,gs://miamioh-resa-data/CapstoneData/raw/sessions/ds_legacy_dataset1/session_2026-05-11_19-11-35/,session_root,planned,Exact 1-to-1 raw-session mapping generated from session_catalog.csv. Source tree remains authoritative until target copy is verified.
session_2026-05-11_19-11-56,ds_legacy_dataset1,dataset1,gs://miamioh-resa-data/CapstoneData/raw-data/raw_session_extracts/dataset1/session_2026-05-11_19-11-56/,gs://miamioh-resa-data/CapstoneData/raw/sessions/ds_legacy_dataset1/session_2026-05-11_19-11-56/,session_root,planned,Exact 1-to-1 raw-session mapping generated from session_catalog.csv. Source tree remains authoritative until target copy is verified.
session_2026-05-11_19-12-15,ds_legacy_dataset1,dataset1,gs://miamioh-resa-data/CapstoneData/raw-data/raw_session_extracts/dataset1/session_2026-05-11_19-12-15/,gs://miamioh-resa-data/CapstoneData/raw/sessions/ds_legacy_dataset1/session_2026-05-11_19-12-15/,session_root,planned,Exact 1-to-1 raw-session mapping generated from session_catalog.csv. Source tree remains authoritative until target copy is verified.
session_2026-05-11_19-12-35,ds_legacy_dataset1,dataset1,gs://miamioh-resa-data/CapstoneData/raw-data/raw_session_extracts/dataset1/session_2026-05-11_19-12-35/,gs://miamioh-resa-data/CapstoneData/raw/sessions/ds_legacy_dataset1/session_2026-05-11_19-12-35/,session_root,planned,Exact 1-to-1 raw-session mapping generated from session_catalog.csv. Source tree remains authoritative until target copy is verified.
session_2026-05-11_19-12-53,ds_legacy_dataset1,dataset1,gs://miamioh-resa-data/CapstoneData/raw-data/raw_session_extracts/dataset1/session_2026-05-11_19-12-53/,gs://miamioh-resa-data/CapstoneData/raw/sessions/ds_legacy_dataset1/session_2026-05-11_19-12-53/,session_root,planned,Exact 1-to-1 raw-session mapping generated from session_catalog.csv. Source tree remains authoritative until target copy is verified.
session_2026-05-11_19-13-11,ds_legacy_dataset1,dataset1,gs://miamioh-resa-data/CapstoneData/raw-data/raw_session_extracts/dataset1/session_2026-05-11_19-13-11/,gs://miamioh-resa-data/CapstoneData/raw/sessions/ds_legacy_dataset1/session_2026-05-11_19-13-11/,session_root,planned,Exact 1-to-1 raw-session mapping generated from session_catalog.csv. Source tree remains authoritative until target copy is verified.
session_2026-05-11_19-23-00,ds_legacy_dataset1,dataset1,gs://miamioh-resa-data/CapstoneData/raw-data/raw_session_extracts/dataset1/session_2026-05-11_19-23-00/,gs://miamioh-resa-data/CapstoneData/raw/sessions/ds_legacy_dataset1/session_2026-05-11_19-23-00/,session_root,planned,Exact 1-to-1 raw-session mapping generated from session_catalog.csv. Source tree remains authoritative until target copy is verified.
session_2026-05-11_19-23-17,ds_legacy_dataset1,dataset1,gs://miamioh-resa-data/CapstoneData/raw-data/raw_session_extracts/dataset1/session_2026-05-11_19-23-17/,gs://miamioh-resa-data/CapstoneData/raw/sessions/ds_legacy_dataset1/session_2026-05-11_19-23-17/,session_root,planned,Exact 1-to-1 raw-session mapping generated from session_catalog.csv. Source tree remains authoritative until target copy is verified.
session_2026-05-11_19-23-39,ds_legacy_dataset1,dataset1,gs://miamioh-resa-data/CapstoneData/raw-data/raw_session_extracts/dataset1/session_2026-05-11_19-23-39/,gs://miamioh-resa-data/CapstoneData/raw/sessions/ds_legacy_dataset1/session_2026-05-11_19-23-39/,session_root,planned,Exact 1-to-1 raw-session mapping generated from session_catalog.csv. Source tree remains authoritative until target copy is verified.
session_2026-05-11_19-23-58,ds_legacy_dataset1,dataset1,gs://miamioh-resa-data/CapstoneData/raw-data/raw_session_extracts/dataset1/session_2026-05-11_19-23-58/,gs://miamioh-resa-data/CapstoneData/raw/sessions/ds_legacy_dataset1/session_2026-05-11_19-23-58/,session_root,planned,Exact 1-to-1 raw-session mapping generated from session_catalog.csv. Source tree remains authoritative until target copy is verified.
session_2026-05-11_19-24-18,ds_legacy_dataset1,dataset1,gs://miamioh-resa-data/CapstoneData/raw-data/raw_session_extracts/dataset1/session_2026-05-11_19-24-18/,gs://miamioh-resa-data/CapstoneData/raw/sessions/ds_legacy_dataset1/session_2026-05-11_19-24-18/,session_root,planned,Exact 1-to-1 raw-session mapping generated from session_catalog.csv. Source tree remains authoritative until target copy is verified.
session_2026-05-11_19-24-34,ds_legacy_dataset1,dataset1,gs://miamioh-resa-data/CapstoneData/raw-data/raw_session_extracts/dataset1/session_2026-05-11_19-24-34/,gs://miamioh-resa-data/CapstoneData/raw/sessions/ds_legacy_dataset1/session_2026-05-11_19-24-34/,session_root,planned,Exact 1-to-1 raw-session mapping generated from session_catalog.csv. Source tree remains authoritative until target copy is verified.
session_2026-05-11_19-26-35,ds_legacy_dataset1,dataset1,gs://miamioh-resa-data/CapstoneData/raw-data/raw_session_extracts/dataset1/session_2026-05-11_19-26-35/,gs://miamioh-resa-data/CapstoneData/raw/sessions/ds_legacy_dataset1/session_2026-05-11_19-26-35/,session_root,planned,Exact 1-to-1 raw-session mapping generated from session_catalog.csv. Source tree remains authoritative until target copy is verified.
session_2026-05-11_17-38-31,ds_legacy_dataset2,dataset2,gs://miamioh-resa-data/CapstoneData/raw-data/raw_session_extracts/dataset2/session_2026-05-11_17-38-31/,gs://miamioh-resa-data/CapstoneData/raw/sessions/ds_legacy_dataset2/session_2026-05-11_17-38-31/,session_root,planned,Exact 1-to-1 raw-session mapping generated from session_catalog.csv. Source tree remains authoritative until target copy is verified.
session_2026-05-11_17-38-53,ds_legacy_dataset2,dataset2,gs://miamioh-resa-data/CapstoneData/raw-data/raw_session_extracts/dataset2/session_2026-05-11_17-38-53/,gs://miamioh-resa-data/CapstoneData/raw/sessions/ds_legacy_dataset2/session_2026-05-11_17-38-53/,session_root,planned,Exact 1-to-1 raw-session mapping generated from session_catalog.csv. Source tree remains authoritative until target copy is verified.
session_2026-05-11_18-31-04,ds_legacy_dataset2,dataset2,gs://miamioh-resa-data/CapstoneData/raw-data/raw_session_extracts/dataset2/session_2026-05-11_18-31-04/,gs://miamioh-resa-data/CapstoneData/raw/sessions/ds_legacy_dataset2/session_2026-05-11_18-31-04/,session_root,planned,Exact 1-to-1 raw-session mapping generated from session_catalog.csv. Source tree remains authoritative until target copy is verified.
session_2026-05-11_18-34-08,ds_legacy_dataset2,dataset2,gs://miamioh-resa-data/CapstoneData/raw-data/raw_session_extracts/dataset2/session_2026-05-11_18-34-08/,gs://miamioh-resa-data/CapstoneData/raw/sessions/ds_legacy_dataset2/session_2026-05-11_18-34-08/,session_root,planned,Exact 1-to-1 raw-session mapping generated from session_catalog.csv. Source tree remains authoritative until target copy is verified.
session_2026-05-11_18-34-24,ds_legacy_dataset2,dataset2,gs://miamioh-resa-data/CapstoneData/raw-data/raw_session_extracts/dataset2/session_2026-05-11_18-34-24/,gs://miamioh-resa-data/CapstoneData/raw/sessions/ds_legacy_dataset2/session_2026-05-11_18-34-24/,session_root,planned,Exact 1-to-1 raw-session mapping generated from session_catalog.csv. Source tree remains authoritative until target copy is verified.
session_2026-05-11_18-34-42,ds_legacy_dataset2,dataset2,gs://miamioh-resa-data/CapstoneData/raw-data/raw_session_extracts/dataset2/session_2026-05-11_18-34-42/,gs://miamioh-resa-data/CapstoneData/raw/sessions/ds_legacy_dataset2/session_2026-05-11_18-34-42/,session_root,planned,Exact 1-to-1 raw-session mapping generated from session_catalog.csv. Source tree remains authoritative until target copy is verified.
session_2026-05-11_18-35-03,ds_legacy_dataset2,dataset2,gs://miamioh-resa-data/CapstoneData/raw-data/raw_session_extracts/dataset2/session_2026-05-11_18-35-03/,gs://miamioh-resa-data/CapstoneData/raw/sessions/ds_legacy_dataset2/session_2026-05-11_18-35-03/,session_root,planned,Exact 1-to-1 raw-session mapping generated from session_catalog.csv. Source tree remains authoritative until target copy is verified.
session_2026-05-11_18-35-23,ds_legacy_dataset2,dataset2,gs://miamioh-resa-data/CapstoneData/raw-data/raw_session_extracts/dataset2/session_2026-05-11_18-35-23/,gs://miamioh-resa-data/CapstoneData/raw/sessions/ds_legacy_dataset2/session_2026-05-11_18-35-23/,session_root,planned,Exact 1-to-1 raw-session mapping generated from session_catalog.csv. Source tree remains authoritative until target copy is verified.
session_2026-05-11_18-35-40,ds_legacy_dataset2,dataset2,gs://miamioh-resa-data/CapstoneData/raw-data/raw_session_extracts/dataset2/session_2026-05-11_18-35-40/,gs://miamioh-resa-data/CapstoneData/raw/sessions/ds_legacy_dataset2/session_2026-05-11_18-35-40/,session_root,planned,Exact 1-to-1 raw-session mapping generated from session_catalog.csv. Source tree remains authoritative until target copy is verified.
session_2026-05-11_18-35-57,ds_legacy_dataset2,dataset2,gs://miamioh-resa-data/CapstoneData/raw-data/raw_session_extracts/dataset2/session_2026-05-11_18-35-57/,gs://miamioh-resa-data/CapstoneData/raw/sessions/ds_legacy_dataset2/session_2026-05-11_18-35-57/,session_root,planned,Exact 1-to-1 raw-session mapping generated from session_catalog.csv. Source tree remains authoritative until target copy is verified.
session_2026-05-11_18-36-16,ds_legacy_dataset2,dataset2,gs://miamioh-resa-data/CapstoneData/raw-data/raw_session_extracts/dataset2/session_2026-05-11_18-36-16/,gs://miamioh-resa-data/CapstoneData/raw/sessions/ds_legacy_dataset2/session_2026-05-11_18-36-16/,session_root,planned,Exact 1-to-1 raw-session mapping generated from session_catalog.csv. Source tree remains authoritative until target copy is verified.
session_2026-05-11_18-42-43,ds_legacy_dataset2,dataset2,gs://miamioh-resa-data/CapstoneData/raw-data/raw_session_extracts/dataset2/session_2026-05-11_18-42-43/,gs://miamioh-resa-data/CapstoneData/raw/sessions/ds_legacy_dataset2/session_2026-05-11_18-42-43/,session_root,planned,Exact 1-to-1 raw-session mapping generated from session_catalog.csv. Source tree remains authoritative until target copy is verified.
session_2026-05-11_18-43-00,ds_legacy_dataset2,dataset2,gs://miamioh-resa-data/CapstoneData/raw-data/raw_session_extracts/dataset2/session_2026-05-11_18-43-00/,gs://miamioh-resa-data/CapstoneData/raw/sessions/ds_legacy_dataset2/session_2026-05-11_18-43-00/,session_root,planned,Exact 1-to-1 raw-session mapping generated from session_catalog.csv. Source tree remains authoritative until target copy is verified.
session_2026-05-11_18-43-16,ds_legacy_dataset2,dataset2,gs://miamioh-resa-data/CapstoneData/raw-data/raw_session_extracts/dataset2/session_2026-05-11_18-43-16/,gs://miamioh-resa-data/CapstoneData/raw/sessions/ds_legacy_dataset2/session_2026-05-11_18-43-16/,session_root,planned,Exact 1-to-1 raw-session mapping generated from session_catalog.csv. Source tree remains authoritative until target copy is verified.
session_2026-05-11_18-43-33,ds_legacy_dataset2,dataset2,gs://miamioh-resa-data/CapstoneData/raw-data/raw_session_extracts/dataset2/session_2026-05-11_18-43-33/,gs://miamioh-resa-data/CapstoneData/raw/sessions/ds_legacy_dataset2/session_2026-05-11_18-43-33/,session_root,planned,Exact 1-to-1 raw-session mapping generated from session_catalog.csv. Source tree remains authoritative until target copy is verified.
session_2026-05-11_18-43-57,ds_legacy_dataset2,dataset2,gs://miamioh-resa-data/CapstoneData/raw-data/raw_session_extracts/dataset2/session_2026-05-11_18-43-57/,gs://miamioh-resa-data/CapstoneData/raw/sessions/ds_legacy_dataset2/session_2026-05-11_18-43-57/,session_root,planned,Exact 1-to-1 raw-session mapping generated from session_catalog.csv. Source tree remains authoritative until target copy is verified.
session_2026-05-11_18-44-13,ds_legacy_dataset2,dataset2,gs://miamioh-resa-data/CapstoneData/raw-data/raw_session_extracts/dataset2/session_2026-05-11_18-44-13/,gs://miamioh-resa-data/CapstoneData/raw/sessions/ds_legacy_dataset2/session_2026-05-11_18-44-13/,session_root,planned,Exact 1-to-1 raw-session mapping generated from session_catalog.csv. Source tree remains authoritative until target copy is verified.
session_2026-05-11_18-44-31,ds_legacy_dataset2,dataset2,gs://miamioh-resa-data/CapstoneData/raw-data/raw_session_extracts/dataset2/session_2026-05-11_18-44-31/,gs://miamioh-resa-data/CapstoneData/raw/sessions/ds_legacy_dataset2/session_2026-05-11_18-44-31/,session_root,planned,Exact 1-to-1 raw-session mapping generated from session_catalog.csv. Source tree remains authoritative until target copy is verified.
session_2026-05-11_18-44-48,ds_legacy_dataset2,dataset2,gs://miamioh-resa-data/CapstoneData/raw-data/raw_session_extracts/dataset2/session_2026-05-11_18-44-48/,gs://miamioh-resa-data/CapstoneData/raw/sessions/ds_legacy_dataset2/session_2026-05-11_18-44-48/,session_root,planned,Exact 1-to-1 raw-session mapping generated from session_catalog.csv. Source tree remains authoritative until target copy is verified.
session_2026-05-11_18-57-24,ds_legacy_dataset2,dataset2,gs://miamioh-resa-data/CapstoneData/raw-data/raw_session_extracts/dataset2/session_2026-05-11_18-57-24/,gs://miamioh-resa-data/CapstoneData/raw/sessions/ds_legacy_dataset2/session_2026-05-11_18-57-24/,session_root,planned,Exact 1-to-1 raw-session mapping generated from session_catalog.csv. Source tree remains authoritative until target copy is verified.
session_2026-05-11_18-57-40,ds_legacy_dataset2,dataset2,gs://miamioh-resa-data/CapstoneData/raw-data/raw_session_extracts/dataset2/session_2026-05-11_18-57-40/,gs://miamioh-resa-data/CapstoneData/raw/sessions/ds_legacy_dataset2/session_2026-05-11_18-57-40/,session_root,planned,Exact 1-to-1 raw-session mapping generated from session_catalog.csv. Source tree remains authoritative until target copy is verified.
session_2026-05-11_18-57-57,ds_legacy_dataset2,dataset2,gs://miamioh-resa-data/CapstoneData/raw-data/raw_session_extracts/dataset2/session_2026-05-11_18-57-57/,gs://miamioh-resa-data/CapstoneData/raw/sessions/ds_legacy_dataset2/session_2026-05-11_18-57-57/,session_root,planned,Exact 1-to-1 raw-session mapping generated from session_catalog.csv. Source tree remains authoritative until target copy is verified.
session_2026-05-11_18-58-13,ds_legacy_dataset2,dataset2,gs://miamioh-resa-data/CapstoneData/raw-data/raw_session_extracts/dataset2/session_2026-05-11_18-58-13/,gs://miamioh-resa-data/CapstoneData/raw/sessions/ds_legacy_dataset2/session_2026-05-11_18-58-13/,session_root,planned,Exact 1-to-1 raw-session mapping generated from session_catalog.csv. Source tree remains authoritative until target copy is verified.
session_2026-05-11_18-58-31,ds_legacy_dataset2,dataset2,gs://miamioh-resa-data/CapstoneData/raw-data/raw_session_extracts/dataset2/session_2026-05-11_18-58-31/,gs://miamioh-resa-data/CapstoneData/raw/sessions/ds_legacy_dataset2/session_2026-05-11_18-58-31/,session_root,planned,Exact 1-to-1 raw-session mapping generated from session_catalog.csv. Source tree remains authoritative until target copy is verified.
session_2026-05-11_18-58-49,ds_legacy_dataset2,dataset2,gs://miamioh-resa-data/CapstoneData/raw-data/raw_session_extracts/dataset2/session_2026-05-11_18-58-49/,gs://miamioh-resa-data/CapstoneData/raw/sessions/ds_legacy_dataset2/session_2026-05-11_18-58-49/,session_root,planned,Exact 1-to-1 raw-session mapping generated from session_catalog.csv. Source tree remains authoritative until target copy is verified.
session_2026-05-11_18-59-08,ds_legacy_dataset2,dataset2,gs://miamioh-resa-data/CapstoneData/raw-data/raw_session_extracts/dataset2/session_2026-05-11_18-59-08/,gs://miamioh-resa-data/CapstoneData/raw/sessions/ds_legacy_dataset2/session_2026-05-11_18-59-08/,session_root,planned,Exact 1-to-1 raw-session mapping generated from session_catalog.csv. Source tree remains authoritative until target copy is verified.
session_2026-05-11_18-59-25,ds_legacy_dataset2,dataset2,gs://miamioh-resa-data/CapstoneData/raw-data/raw_session_extracts/dataset2/session_2026-05-11_18-59-25/,gs://miamioh-resa-data/CapstoneData/raw/sessions/ds_legacy_dataset2/session_2026-05-11_18-59-25/,session_root,planned,Exact 1-to-1 raw-session mapping generated from session_catalog.csv. Source tree remains authoritative until target copy is verified.
session_2026-05-11_19-02-54,ds_legacy_dataset2,dataset2,gs://miamioh-resa-data/CapstoneData/raw-data/raw_session_extracts/dataset2/session_2026-05-11_19-02-54/,gs://miamioh-resa-data/CapstoneData/raw/sessions/ds_legacy_dataset2/session_2026-05-11_19-02-54/,session_root,planned,Exact 1-to-1 raw-session mapping generated from session_catalog.csv. Source tree remains authoritative until target copy is verified.
session_2026-05-11_19-03-09,ds_legacy_dataset2,dataset2,gs://miamioh-resa-data/CapstoneData/raw-data/raw_session_extracts/dataset2/session_2026-05-11_19-03-09/,gs://miamioh-resa-data/CapstoneData/raw/sessions/ds_legacy_dataset2/session_2026-05-11_19-03-09/,session_root,planned,Exact 1-to-1 raw-session mapping generated from session_catalog.csv. Source tree remains authoritative until target copy is verified.
session_2026-05-11_19-03-26,ds_legacy_dataset2,dataset2,gs://miamioh-resa-data/CapstoneData/raw-data/raw_session_extracts/dataset2/session_2026-05-11_19-03-26/,gs://miamioh-resa-data/CapstoneData/raw/sessions/ds_legacy_dataset2/session_2026-05-11_19-03-26/,session_root,planned,Exact 1-to-1 raw-session mapping generated from session_catalog.csv. Source tree remains authoritative until target copy is verified.
session_2026-05-11_19-03-45,ds_legacy_dataset2,dataset2,gs://miamioh-resa-data/CapstoneData/raw-data/raw_session_extracts/dataset2/session_2026-05-11_19-03-45/,gs://miamioh-resa-data/CapstoneData/raw/sessions/ds_legacy_dataset2/session_2026-05-11_19-03-45/,session_root,planned,Exact 1-to-1 raw-session mapping generated from session_catalog.csv. Source tree remains authoritative until target copy is verified.
session_2026-05-11_19-04-04,ds_legacy_dataset2,dataset2,gs://miamioh-resa-data/CapstoneData/raw-data/raw_session_extracts/dataset2/session_2026-05-11_19-04-04/,gs://miamioh-resa-data/CapstoneData/raw/sessions/ds_legacy_dataset2/session_2026-05-11_19-04-04/,session_root,planned,Exact 1-to-1 raw-session mapping generated from session_catalog.csv. Source tree remains authoritative until target copy is verified.
session_2026-05-11_19-04-23,ds_legacy_dataset2,dataset2,gs://miamioh-resa-data/CapstoneData/raw-data/raw_session_extracts/dataset2/session_2026-05-11_19-04-23/,gs://miamioh-resa-data/CapstoneData/raw/sessions/ds_legacy_dataset2/session_2026-05-11_19-04-23/,session_root,planned,Exact 1-to-1 raw-session mapping generated from session_catalog.csv. Source tree remains authoritative until target copy is verified.
session_2026-05-11_19-04-48,ds_legacy_dataset2,dataset2,gs://miamioh-resa-data/CapstoneData/raw-data/raw_session_extracts/dataset2/session_2026-05-11_19-04-48/,gs://miamioh-resa-data/CapstoneData/raw/sessions/ds_legacy_dataset2/session_2026-05-11_19-04-48/,session_root,planned,Exact 1-to-1 raw-session mapping generated from session_catalog.csv. Source tree remains authoritative until target copy is verified.
session_2026-05-11_19-05-07,ds_legacy_dataset2,dataset2,gs://miamioh-resa-data/CapstoneData/raw-data/raw_session_extracts/dataset2/session_2026-05-11_19-05-07/,gs://miamioh-resa-data/CapstoneData/raw/sessions/ds_legacy_dataset2/session_2026-05-11_19-05-07/,session_root,planned,Exact 1-to-1 raw-session mapping generated from session_catalog.csv. Source tree remains authoritative until target copy is verified.
session_2026-05-11_19-10-59,ds_legacy_dataset2,dataset2,gs://miamioh-resa-data/CapstoneData/raw-data/raw_session_extracts/dataset2/session_2026-05-11_19-10-59/,gs://miamioh-resa-data/CapstoneData/raw/sessions/ds_legacy_dataset2/session_2026-05-11_19-10-59/,session_root,planned,Exact 1-to-1 raw-session mapping generated from session_catalog.csv. Source tree remains authoritative until target copy is verified.
session_2026-05-11_19-11-16,ds_legacy_dataset2,dataset2,gs://miamioh-resa-data/CapstoneData/raw-data/raw_session_extracts/dataset2/session_2026-05-11_19-11-16/,gs://miamioh-resa-data/CapstoneData/raw/sessions/ds_legacy_dataset2/session_2026-05-11_19-11-16/,session_root,planned,Exact 1-to-1 raw-session mapping generated from session_catalog.csv. Source tree remains authoritative until target copy is verified.
session_2026-05-11_19-11-35,ds_legacy_dataset2,dataset2,gs://miamioh-resa-data/CapstoneData/raw-data/raw_session_extracts/dataset2/session_2026-05-11_19-11-35/,gs://miamioh-resa-data/CapstoneData/raw/sessions/ds_legacy_dataset2/session_2026-05-11_19-11-35/,session_root,planned,Exact 1-to-1 raw-session mapping generated from session_catalog.csv. Source tree remains authoritative until target copy is verified.
session_2026-05-11_19-11-56,ds_legacy_dataset2,dataset2,gs://miamioh-resa-data/CapstoneData/raw-data/raw_session_extracts/dataset2/session_2026-05-11_19-11-56/,gs://miamioh-resa-data/CapstoneData/raw/sessions/ds_legacy_dataset2/session_2026-05-11_19-11-56/,session_root,planned,Exact 1-to-1 raw-session mapping generated from session_catalog.csv. Source tree remains authoritative until target copy is verified.
session_2026-05-11_19-12-15,ds_legacy_dataset2,dataset2,gs://miamioh-resa-data/CapstoneData/raw-data/raw_session_extracts/dataset2/session_2026-05-11_19-12-15/,gs://miamioh-resa-data/CapstoneData/raw/sessions/ds_legacy_dataset2/session_2026-05-11_19-12-15/,session_root,planned,Exact 1-to-1 raw-session mapping generated from session_catalog.csv. Source tree remains authoritative until target copy is verified.
session_2026-05-11_19-12-35,ds_legacy_dataset2,dataset2,gs://miamioh-resa-data/CapstoneData/raw-data/raw_session_extracts/dataset2/session_2026-05-11_19-12-35/,gs://miamioh-resa-data/CapstoneData/raw/sessions/ds_legacy_dataset2/session_2026-05-11_19-12-35/,session_root,planned,Exact 1-to-1 raw-session mapping generated from session_catalog.csv. Source tree remains authoritative until target copy is verified.
session_2026-05-11_19-12-53,ds_legacy_dataset2,dataset2,gs://miamioh-resa-data/CapstoneData/raw-data/raw_session_extracts/dataset2/session_2026-05-11_19-12-53/,gs://miamioh-resa-data/CapstoneData/raw/sessions/ds_legacy_dataset2/session_2026-05-11_19-12-53/,session_root,planned,Exact 1-to-1 raw-session mapping generated from session_catalog.csv. Source tree remains authoritative until target copy is verified.
session_2026-05-11_19-13-11,ds_legacy_dataset2,dataset2,gs://miamioh-resa-data/CapstoneData/raw-data/raw_session_extracts/dataset2/session_2026-05-11_19-13-11/,gs://miamioh-resa-data/CapstoneData/raw/sessions/ds_legacy_dataset2/session_2026-05-11_19-13-11/,session_root,planned,Exact 1-to-1 raw-session mapping generated from session_catalog.csv. Source tree remains authoritative until target copy is verified.
session_2026-05-11_19-23-00,ds_legacy_dataset2,dataset2,gs://miamioh-resa-data/CapstoneData/raw-data/raw_session_extracts/dataset2/session_2026-05-11_19-23-00/,gs://miamioh-resa-data/CapstoneData/raw/sessions/ds_legacy_dataset2/session_2026-05-11_19-23-00/,session_root,planned,Exact 1-to-1 raw-session mapping generated from session_catalog.csv. Source tree remains authoritative until target copy is verified.
session_2026-05-11_19-23-17,ds_legacy_dataset2,dataset2,gs://miamioh-resa-data/CapstoneData/raw-data/raw_session_extracts/dataset2/session_2026-05-11_19-23-17/,gs://miamioh-resa-data/CapstoneData/raw/sessions/ds_legacy_dataset2/session_2026-05-11_19-23-17/,session_root,planned,Exact 1-to-1 raw-session mapping generated from session_catalog.csv. Source tree remains authoritative until target copy is verified.
session_2026-05-11_19-23-39,ds_legacy_dataset2,dataset2,gs://miamioh-resa-data/CapstoneData/raw-data/raw_session_extracts/dataset2/session_2026-05-11_19-23-39/,gs://miamioh-resa-data/CapstoneData/raw/sessions/ds_legacy_dataset2/session_2026-05-11_19-23-39/,session_root,planned,Exact 1-to-1 raw-session mapping generated from session_catalog.csv. Source tree remains authoritative until target copy is verified.
session_2026-05-11_19-23-58,ds_legacy_dataset2,dataset2,gs://miamioh-resa-data/CapstoneData/raw-data/raw_session_extracts/dataset2/session_2026-05-11_19-23-58/,gs://miamioh-resa-data/CapstoneData/raw/sessions/ds_legacy_dataset2/session_2026-05-11_19-23-58/,session_root,planned,Exact 1-to-1 raw-session mapping generated from session_catalog.csv. Source tree remains authoritative until target copy is verified.
session_2026-05-11_19-24-18,ds_legacy_dataset2,dataset2,gs://miamioh-resa-data/CapstoneData/raw-data/raw_session_extracts/dataset2/session_2026-05-11_19-24-18/,gs://miamioh-resa-data/CapstoneData/raw/sessions/ds_legacy_dataset2/session_2026-05-11_19-24-18/,session_root,planned,Exact 1-to-1 raw-session mapping generated from session_catalog.csv. Source tree remains authoritative until target copy is verified.
session_2026-05-11_19-24-34,ds_legacy_dataset2,dataset2,gs://miamioh-resa-data/CapstoneData/raw-data/raw_session_extracts/dataset2/session_2026-05-11_19-24-34/,gs://miamioh-resa-data/CapstoneData/raw/sessions/ds_legacy_dataset2/session_2026-05-11_19-24-34/,session_root,planned,Exact 1-to-1 raw-session mapping generated from session_catalog.csv. Source tree remains authoritative until target copy is verified.
session_2026-05-11_19-26-35,ds_legacy_dataset2,dataset2,gs://miamioh-resa-data/CapstoneData/raw-data/raw_session_extracts/dataset2/session_2026-05-11_19-26-35/,gs://miamioh-resa-data/CapstoneData/raw/sessions/ds_legacy_dataset2/session_2026-05-11_19-26-35/,session_root,planned,Exact 1-to-1 raw-session mapping generated from session_catalog.csv. Source tree remains authoritative until target copy is verified.
session_2026-04-21_23-31-18,ds_legacy_dataset3,dataset3,gs://miamioh-resa-data/CapstoneData/raw-data/raw_session_extracts/dataset3/session_2026-04-21_23-31-18/,gs://miamioh-resa-data/CapstoneData/raw/sessions/ds_legacy_dataset3/session_2026-04-21_23-31-18/,session_root,planned,Exact 1-to-1 raw-session mapping generated from session_catalog.csv. Source tree remains authoritative until target copy is verified.
session_2026-04-21_23-50-09,ds_legacy_dataset3,dataset3,gs://miamioh-resa-data/CapstoneData/raw-data/raw_session_extracts/dataset3/session_2026-04-21_23-50-09/,gs://miamioh-resa-data/CapstoneData/raw/sessions/ds_legacy_dataset3/session_2026-04-21_23-50-09/,session_root,planned,Exact 1-to-1 raw-session mapping generated from session_catalog.csv. Source tree remains authoritative until target copy is verified.
session_2026-04-21_23-56-02,ds_legacy_dataset3,dataset3,gs://miamioh-resa-data/CapstoneData/raw-data/raw_session_extracts/dataset3/session_2026-04-21_23-56-02/,gs://miamioh-resa-data/CapstoneData/raw/sessions/ds_legacy_dataset3/session_2026-04-21_23-56-02/,session_root,planned,Exact 1-to-1 raw-session mapping generated from session_catalog.csv. Source tree remains authoritative until target copy is verified.
session_2026-04-21_23-58-28,ds_legacy_dataset3,dataset3,gs://miamioh-resa-data/CapstoneData/raw-data/raw_session_extracts/dataset3/session_2026-04-21_23-58-28/,gs://miamioh-resa-data/CapstoneData/raw/sessions/ds_legacy_dataset3/session_2026-04-21_23-58-28/,session_root,planned,Exact 1-to-1 raw-session mapping generated from session_catalog.csv. Source tree remains authoritative until target copy is verified.
session_2026-04-22_00-05-07,ds_legacy_dataset3,dataset3,gs://miamioh-resa-data/CapstoneData/raw-data/raw_session_extracts/dataset3/session_2026-04-22_00-05-07/,gs://miamioh-resa-data/CapstoneData/raw/sessions/ds_legacy_dataset3/session_2026-04-22_00-05-07/,session_root,planned,Exact 1-to-1 raw-session mapping generated from session_catalog.csv. Source tree remains authoritative until target copy is verified.
session_2026-04-22_00-05-30,ds_legacy_dataset3,dataset3,gs://miamioh-resa-data/CapstoneData/raw-data/raw_session_extracts/dataset3/session_2026-04-22_00-05-30/,gs://miamioh-resa-data/CapstoneData/raw/sessions/ds_legacy_dataset3/session_2026-04-22_00-05-30/,session_root,planned,Exact 1-to-1 raw-session mapping generated from session_catalog.csv. Source tree remains authoritative until target copy is verified.
session_2026-04-22_00-05-53,ds_legacy_dataset3,dataset3,gs://miamioh-resa-data/CapstoneData/raw-data/raw_session_extracts/dataset3/session_2026-04-22_00-05-53/,gs://miamioh-resa-data/CapstoneData/raw/sessions/ds_legacy_dataset3/session_2026-04-22_00-05-53/,session_root,planned,Exact 1-to-1 raw-session mapping generated from session_catalog.csv. Source tree remains authoritative until target copy is verified.
session_2026-04-22_00-06-16,ds_legacy_dataset3,dataset3,gs://miamioh-resa-data/CapstoneData/raw-data/raw_session_extracts/dataset3/session_2026-04-22_00-06-16/,gs://miamioh-resa-data/CapstoneData/raw/sessions/ds_legacy_dataset3/session_2026-04-22_00-06-16/,session_root,planned,Exact 1-to-1 raw-session mapping generated from session_catalog.csv. Source tree remains authoritative until target copy is verified.
session_2026-04-22_00-06-38,ds_legacy_dataset3,dataset3,gs://miamioh-resa-data/CapstoneData/raw-data/raw_session_extracts/dataset3/session_2026-04-22_00-06-38/,gs://miamioh-resa-data/CapstoneData/raw/sessions/ds_legacy_dataset3/session_2026-04-22_00-06-38/,session_root,planned,Exact 1-to-1 raw-session mapping generated from session_catalog.csv. Source tree remains authoritative until target copy is verified.
session_2026-04-22_00-07-01,ds_legacy_dataset3,dataset3,gs://miamioh-resa-data/CapstoneData/raw-data/raw_session_extracts/dataset3/session_2026-04-22_00-07-01/,gs://miamioh-resa-data/CapstoneData/raw/sessions/ds_legacy_dataset3/session_2026-04-22_00-07-01/,session_root,planned,Exact 1-to-1 raw-session mapping generated from session_catalog.csv. Source tree remains authoritative until target copy is verified.
session_2026-04-22_00-10-43,ds_legacy_dataset3,dataset3,gs://miamioh-resa-data/CapstoneData/raw-data/raw_session_extracts/dataset3/session_2026-04-22_00-10-43/,gs://miamioh-resa-data/CapstoneData/raw/sessions/ds_legacy_dataset3/session_2026-04-22_00-10-43/,session_root,planned,Exact 1-to-1 raw-session mapping generated from session_catalog.csv. Source tree remains authoritative until target copy is verified.
session_2026-04-22_00-11-06,ds_legacy_dataset3,dataset3,gs://miamioh-resa-data/CapstoneData/raw-data/raw_session_extracts/dataset3/session_2026-04-22_00-11-06/,gs://miamioh-resa-data/CapstoneData/raw/sessions/ds_legacy_dataset3/session_2026-04-22_00-11-06/,session_root,planned,Exact 1-to-1 raw-session mapping generated from session_catalog.csv. Source tree remains authoritative until target copy is verified.
session_2026-04-22_00-11-29,ds_legacy_dataset3,dataset3,gs://miamioh-resa-data/CapstoneData/raw-data/raw_session_extracts/dataset3/session_2026-04-22_00-11-29/,gs://miamioh-resa-data/CapstoneData/raw/sessions/ds_legacy_dataset3/session_2026-04-22_00-11-29/,session_root,planned,Exact 1-to-1 raw-session mapping generated from session_catalog.csv. Source tree remains authoritative until target copy is verified.
session_2026-04-22_00-11-52,ds_legacy_dataset3,dataset3,gs://miamioh-resa-data/CapstoneData/raw-data/raw_session_extracts/dataset3/session_2026-04-22_00-11-52/,gs://miamioh-resa-data/CapstoneData/raw/sessions/ds_legacy_dataset3/session_2026-04-22_00-11-52/,session_root,planned,Exact 1-to-1 raw-session mapping generated from session_catalog.csv. Source tree remains authoritative until target copy is verified.
session_2026-04-22_00-12-14,ds_legacy_dataset3,dataset3,gs://miamioh-resa-data/CapstoneData/raw-data/raw_session_extracts/dataset3/session_2026-04-22_00-12-14/,gs://miamioh-resa-data/CapstoneData/raw/sessions/ds_legacy_dataset3/session_2026-04-22_00-12-14/,session_root,planned,Exact 1-to-1 raw-session mapping generated from session_catalog.csv. Source tree remains authoritative until target copy is verified.
session_2026-04-22_00-12-37,ds_legacy_dataset3,dataset3,gs://miamioh-resa-data/CapstoneData/raw-data/raw_session_extracts/dataset3/session_2026-04-22_00-12-37/,gs://miamioh-resa-data/CapstoneData/raw/sessions/ds_legacy_dataset3/session_2026-04-22_00-12-37/,session_root,planned,Exact 1-to-1 raw-session mapping generated from session_catalog.csv. Source tree remains authoritative until target copy is verified.
session_2026-04-22_00-13-00,ds_legacy_dataset3,dataset3,gs://miamioh-resa-data/CapstoneData/raw-data/raw_session_extracts/dataset3/session_2026-04-22_00-13-00/,gs://miamioh-resa-data/CapstoneData/raw/sessions/ds_legacy_dataset3/session_2026-04-22_00-13-00/,session_root,planned,Exact 1-to-1 raw-session mapping generated from session_catalog.csv. Source tree remains authoritative until target copy is verified.
session_2026-04-22_00-15-10,ds_legacy_dataset3,dataset3,gs://miamioh-resa-data/CapstoneData/raw-data/raw_session_extracts/dataset3/session_2026-04-22_00-15-10/,gs://miamioh-resa-data/CapstoneData/raw/sessions/ds_legacy_dataset3/session_2026-04-22_00-15-10/,session_root,planned,Exact 1-to-1 raw-session mapping generated from session_catalog.csv. Source tree remains authoritative until target copy is verified.
session_2026-04-22_00-15-33,ds_legacy_dataset3,dataset3,gs://miamioh-resa-data/CapstoneData/raw-data/raw_session_extracts/dataset3/session_2026-04-22_00-15-33/,gs://miamioh-resa-data/CapstoneData/raw/sessions/ds_legacy_dataset3/session_2026-04-22_00-15-33/,session_root,planned,Exact 1-to-1 raw-session mapping generated from session_catalog.csv. Source tree remains authoritative until target copy is verified.
session_2026-04-22_00-15-56,ds_legacy_dataset3,dataset3,gs://miamioh-resa-data/CapstoneData/raw-data/raw_session_extracts/dataset3/session_2026-04-22_00-15-56/,gs://miamioh-resa-data/CapstoneData/raw/sessions/ds_legacy_dataset3/session_2026-04-22_00-15-56/,session_root,planned,Exact 1-to-1 raw-session mapping generated from session_catalog.csv. Source tree remains authoritative until target copy is verified.
session_2026-04-22_00-16-19,ds_legacy_dataset3,dataset3,gs://miamioh-resa-data/CapstoneData/raw-data/raw_session_extracts/dataset3/session_2026-04-22_00-16-19/,gs://miamioh-resa-data/CapstoneData/raw/sessions/ds_legacy_dataset3/session_2026-04-22_00-16-19/,session_root,planned,Exact 1-to-1 raw-session mapping generated from session_catalog.csv. Source tree remains authoritative until target copy is verified.
session_2026-04-22_00-16-41,ds_legacy_dataset3,dataset3,gs://miamioh-resa-data/CapstoneData/raw-data/raw_session_extracts/dataset3/session_2026-04-22_00-16-41/,gs://miamioh-resa-data/CapstoneData/raw/sessions/ds_legacy_dataset3/session_2026-04-22_00-16-41/,session_root,planned,Exact 1-to-1 raw-session mapping generated from session_catalog.csv. Source tree remains authoritative until target copy is verified.
session_2026-04-22_00-17-04,ds_legacy_dataset3,dataset3,gs://miamioh-resa-data/CapstoneData/raw-data/raw_session_extracts/dataset3/session_2026-04-22_00-17-04/,gs://miamioh-resa-data/CapstoneData/raw/sessions/ds_legacy_dataset3/session_2026-04-22_00-17-04/,session_root,planned,Exact 1-to-1 raw-session mapping generated from session_catalog.csv. Source tree remains authoritative until target copy is verified.
session_2026-04-22_00-17-27,ds_legacy_dataset3,dataset3,gs://miamioh-resa-data/CapstoneData/raw-data/raw_session_extracts/dataset3/session_2026-04-22_00-17-27/,gs://miamioh-resa-data/CapstoneData/raw/sessions/ds_legacy_dataset3/session_2026-04-22_00-17-27/,session_root,planned,Exact 1-to-1 raw-session mapping generated from session_catalog.csv. Source tree remains authoritative until target copy is verified.
session_2026-04-22_00-17-50,ds_legacy_dataset3,dataset3,gs://miamioh-resa-data/CapstoneData/raw-data/raw_session_extracts/dataset3/session_2026-04-22_00-17-50/,gs://miamioh-resa-data/CapstoneData/raw/sessions/ds_legacy_dataset3/session_2026-04-22_00-17-50/,session_root,planned,Exact 1-to-1 raw-session mapping generated from session_catalog.csv. Source tree remains authoritative until target copy is verified.
session_2026-04-22_00-18-12,ds_legacy_dataset3,dataset3,gs://miamioh-resa-data/CapstoneData/raw-data/raw_session_extracts/dataset3/session_2026-04-22_00-18-12/,gs://miamioh-resa-data/CapstoneData/raw/sessions/ds_legacy_dataset3/session_2026-04-22_00-18-12/,session_root,planned,Exact 1-to-1 raw-session mapping generated from session_catalog.csv. Source tree remains authoritative until target copy is verified.
session_2026-04-22_00-18-35,ds_legacy_dataset3,dataset3,gs://miamioh-resa-data/CapstoneData/raw-data/raw_session_extracts/dataset3/session_2026-04-22_00-18-35/,gs://miamioh-resa-data/CapstoneData/raw/sessions/ds_legacy_dataset3/session_2026-04-22_00-18-35/,session_root,planned,Exact 1-to-1 raw-session mapping generated from session_catalog.csv. Source tree remains authoritative until target copy is verified.
session_2026-04-22_00-18-58,ds_legacy_dataset3,dataset3,gs://miamioh-resa-data/CapstoneData/raw-data/raw_session_extracts/dataset3/session_2026-04-22_00-18-58/,gs://miamioh-resa-data/CapstoneData/raw/sessions/ds_legacy_dataset3/session_2026-04-22_00-18-58/,session_root,planned,Exact 1-to-1 raw-session mapping generated from session_catalog.csv. Source tree remains authoritative until target copy is verified.
session_2026-04-22_00-23-06,ds_legacy_dataset3,dataset3,gs://miamioh-resa-data/CapstoneData/raw-data/raw_session_extracts/dataset3/session_2026-04-22_00-23-06/,gs://miamioh-resa-data/CapstoneData/raw/sessions/ds_legacy_dataset3/session_2026-04-22_00-23-06/,session_root,planned,Exact 1-to-1 raw-session mapping generated from session_catalog.csv. Source tree remains authoritative until target copy is verified.
session_2026-04-22_00-23-44,ds_legacy_dataset3,dataset3,gs://miamioh-resa-data/CapstoneData/raw-data/raw_session_extracts/dataset3/session_2026-04-22_00-23-44/,gs://miamioh-resa-data/CapstoneData/raw/sessions/ds_legacy_dataset3/session_2026-04-22_00-23-44/,session_root,planned,Exact 1-to-1 raw-session mapping generated from session_catalog.csv. Source tree remains authoritative until target copy is verified.
session_2026-04-22_00-24-22,ds_legacy_dataset3,dataset3,gs://miamioh-resa-data/CapstoneData/raw-data/raw_session_extracts/dataset3/session_2026-04-22_00-24-22/,gs://miamioh-resa-data/CapstoneData/raw/sessions/ds_legacy_dataset3/session_2026-04-22_00-24-22/,session_root,planned,Exact 1-to-1 raw-session mapping generated from session_catalog.csv. Source tree remains authoritative until target copy is verified.
session_2026-04-22_00-24-59,ds_legacy_dataset3,dataset3,gs://miamioh-resa-data/CapstoneData/raw-data/raw_session_extracts/dataset3/session_2026-04-22_00-24-59/,gs://miamioh-resa-data/CapstoneData/raw/sessions/ds_legacy_dataset3/session_2026-04-22_00-24-59/,session_root,planned,Exact 1-to-1 raw-session mapping generated from session_catalog.csv. Source tree remains authoritative until target copy is verified.
session_2026-04-22_00-25-37,ds_legacy_dataset3,dataset3,gs://miamioh-resa-data/CapstoneData/raw-data/raw_session_extracts/dataset3/session_2026-04-22_00-25-37/,gs://miamioh-resa-data/CapstoneData/raw/sessions/ds_legacy_dataset3/session_2026-04-22_00-25-37/,session_root,planned,Exact 1-to-1 raw-session mapping generated from session_catalog.csv. Source tree remains authoritative until target copy is verified.
session_2026-04-22_00-26-15,ds_legacy_dataset3,dataset3,gs://miamioh-resa-data/CapstoneData/raw-data/raw_session_extracts/dataset3/session_2026-04-22_00-26-15/,gs://miamioh-resa-data/CapstoneData/raw/sessions/ds_legacy_dataset3/session_2026-04-22_00-26-15/,session_root,planned,Exact 1-to-1 raw-session mapping generated from session_catalog.csv. Source tree remains authoritative until target copy is verified.
session_2026-04-22_00-35-34,ds_legacy_dataset3,dataset3,gs://miamioh-resa-data/CapstoneData/raw-data/raw_session_extracts/dataset3/session_2026-04-22_00-35-34/,gs://miamioh-resa-data/CapstoneData/raw/sessions/ds_legacy_dataset3/session_2026-04-22_00-35-34/,session_root,planned,Exact 1-to-1 raw-session mapping generated from session_catalog.csv. Source tree remains authoritative until target copy is verified.
session_2026-04-22_00-36-13,ds_legacy_dataset3,dataset3,gs://miamioh-resa-data/CapstoneData/raw-data/raw_session_extracts/dataset3/session_2026-04-22_00-36-13/,gs://miamioh-resa-data/CapstoneData/raw/sessions/ds_legacy_dataset3/session_2026-04-22_00-36-13/,session_root,planned,Exact 1-to-1 raw-session mapping generated from session_catalog.csv. Source tree remains authoritative until target copy is verified.
session_2026-04-22_00-37-33,ds_legacy_dataset3,dataset3,gs://miamioh-resa-data/CapstoneData/raw-data/raw_session_extracts/dataset3/session_2026-04-22_00-37-33/,gs://miamioh-resa-data/CapstoneData/raw/sessions/ds_legacy_dataset3/session_2026-04-22_00-37-33/,session_root,planned,Exact 1-to-1 raw-session mapping generated from session_catalog.csv. Source tree remains authoritative until target copy is verified.
session_2026-04-22_00-38-12,ds_legacy_dataset3,dataset3,gs://miamioh-resa-data/CapstoneData/raw-data/raw_session_extracts/dataset3/session_2026-04-22_00-38-12/,gs://miamioh-resa-data/CapstoneData/raw/sessions/ds_legacy_dataset3/session_2026-04-22_00-38-12/,session_root,planned,Exact 1-to-1 raw-session mapping generated from session_catalog.csv. Source tree remains authoritative until target copy is verified.
session_2026-04-22_14-42-49,ds_legacy_dataset3,dataset3,gs://miamioh-resa-data/CapstoneData/raw-data/raw_session_extracts/dataset3/session_2026-04-22_14-42-49/,gs://miamioh-resa-data/CapstoneData/raw/sessions/ds_legacy_dataset3/session_2026-04-22_14-42-49/,session_root,planned,Exact 1-to-1 raw-session mapping generated from session_catalog.csv. Source tree remains authoritative until target copy is verified.
session_2026-04-22_14-54-14,ds_legacy_dataset3,dataset3,gs://miamioh-resa-data/CapstoneData/raw-data/raw_session_extracts/dataset3/session_2026-04-22_14-54-14/,gs://miamioh-resa-data/CapstoneData/raw/sessions/ds_legacy_dataset3/session_2026-04-22_14-54-14/,session_root,planned,Exact 1-to-1 raw-session mapping generated from session_catalog.csv. Source tree remains authoritative until target copy is verified.
session_2026-04-22_14-54-52,ds_legacy_dataset3,dataset3,gs://miamioh-resa-data/CapstoneData/raw-data/raw_session_extracts/dataset3/session_2026-04-22_14-54-52/,gs://miamioh-resa-data/CapstoneData/raw/sessions/ds_legacy_dataset3/session_2026-04-22_14-54-52/,session_root,planned,Exact 1-to-1 raw-session mapping generated from session_catalog.csv. Source tree remains authoritative until target copy is verified.
session_2026-04-22_14-57-08,ds_legacy_dataset3,dataset3,gs://miamioh-resa-data/CapstoneData/raw-data/raw_session_extracts/dataset3/session_2026-04-22_14-57-08/,gs://miamioh-resa-data/CapstoneData/raw/sessions/ds_legacy_dataset3/session_2026-04-22_14-57-08/,session_root,planned,Exact 1-to-1 raw-session mapping generated from session_catalog.csv. Source tree remains authoritative until target copy is verified.
session_2026-04-22_14-57-46,ds_legacy_dataset3,dataset3,gs://miamioh-resa-data/CapstoneData/raw-data/raw_session_extracts/dataset3/session_2026-04-22_14-57-46/,gs://miamioh-resa-data/CapstoneData/raw/sessions/ds_legacy_dataset3/session_2026-04-22_14-57-46/,session_root,planned,Exact 1-to-1 raw-session mapping generated from session_catalog.csv. Source tree remains authoritative until target copy is verified.
session_2026-04-22_14-58-24,ds_legacy_dataset3,dataset3,gs://miamioh-resa-data/CapstoneData/raw-data/raw_session_extracts/dataset3/session_2026-04-22_14-58-24/,gs://miamioh-resa-data/CapstoneData/raw/sessions/ds_legacy_dataset3/session_2026-04-22_14-58-24/,session_root,planned,Exact 1-to-1 raw-session mapping generated from session_catalog.csv. Source tree remains authoritative until target copy is verified.
session_2026-04-22_14-59-01,ds_legacy_dataset3,dataset3,gs://miamioh-resa-data/CapstoneData/raw-data/raw_session_extracts/dataset3/session_2026-04-22_14-59-01/,gs://miamioh-resa-data/CapstoneData/raw/sessions/ds_legacy_dataset3/session_2026-04-22_14-59-01/,session_root,planned,Exact 1-to-1 raw-session mapping generated from session_catalog.csv. Source tree remains authoritative until target copy is verified.
session_2026-04-22_14-59-39,ds_legacy_dataset3,dataset3,gs://miamioh-resa-data/CapstoneData/raw-data/raw_session_extracts/dataset3/session_2026-04-22_14-59-39/,gs://miamioh-resa-data/CapstoneData/raw/sessions/ds_legacy_dataset3/session_2026-04-22_14-59-39/,session_root,planned,Exact 1-to-1 raw-session mapping generated from session_catalog.csv. Source tree remains authoritative until target copy is verified.
session_2026-04-22_15-00-17,ds_legacy_dataset3,dataset3,gs://miamioh-resa-data/CapstoneData/raw-data/raw_session_extracts/dataset3/session_2026-04-22_15-00-17/,gs://miamioh-resa-data/CapstoneData/raw/sessions/ds_legacy_dataset3/session_2026-04-22_15-00-17/,session_root,planned,Exact 1-to-1 raw-session mapping generated from session_catalog.csv. Source tree remains authoritative until target copy is verified.
session_2026-04-22_15-00-55,ds_legacy_dataset3,dataset3,gs://miamioh-resa-data/CapstoneData/raw-data/raw_session_extracts/dataset3/session_2026-04-22_15-00-55/,gs://miamioh-resa-data/CapstoneData/raw/sessions/ds_legacy_dataset3/session_2026-04-22_15-00-55/,session_root,planned,Exact 1-to-1 raw-session mapping generated from session_catalog.csv. Source tree remains authoritative until target copy is verified.
session_2026-04-22_15-01-32,ds_legacy_dataset3,dataset3,gs://miamioh-resa-data/CapstoneData/raw-data/raw_session_extracts/dataset3/session_2026-04-22_15-01-32/,gs://miamioh-resa-data/CapstoneData/raw/sessions/ds_legacy_dataset3/session_2026-04-22_15-01-32/,session_root,planned,Exact 1-to-1 raw-session mapping generated from session_catalog.csv. Source tree remains authoritative until target copy is verified.
session_2026-04-22_15-02-10,ds_legacy_dataset3,dataset3,gs://miamioh-resa-data/CapstoneData/raw-data/raw_session_extracts/dataset3/session_2026-04-22_15-02-10/,gs://miamioh-resa-data/CapstoneData/raw/sessions/ds_legacy_dataset3/session_2026-04-22_15-02-10/,session_root,planned,Exact 1-to-1 raw-session mapping generated from session_catalog.csv. Source tree remains authoritative until target copy is verified.
session_2026-04-22_15-06-31,ds_legacy_dataset3,dataset3,gs://miamioh-resa-data/CapstoneData/raw-data/raw_session_extracts/dataset3/session_2026-04-22_15-06-31/,gs://miamioh-resa-data/CapstoneData/raw/sessions/ds_legacy_dataset3/session_2026-04-22_15-06-31/,session_root,planned,Exact 1-to-1 raw-session mapping generated from session_catalog.csv. Source tree remains authoritative until target copy is verified.
session_2026-04-22_15-07-09,ds_legacy_dataset3,dataset3,gs://miamioh-resa-data/CapstoneData/raw-data/raw_session_extracts/dataset3/session_2026-04-22_15-07-09/,gs://miamioh-resa-data/CapstoneData/raw/sessions/ds_legacy_dataset3/session_2026-04-22_15-07-09/,session_root,planned,Exact 1-to-1 raw-session mapping generated from session_catalog.csv. Source tree remains authoritative until target copy is verified.
session_2026-04-22_15-07-46,ds_legacy_dataset3,dataset3,gs://miamioh-resa-data/CapstoneData/raw-data/raw_session_extracts/dataset3/session_2026-04-22_15-07-46/,gs://miamioh-resa-data/CapstoneData/raw/sessions/ds_legacy_dataset3/session_2026-04-22_15-07-46/,session_root,planned,Exact 1-to-1 raw-session mapping generated from session_catalog.csv. Source tree remains authoritative until target copy is verified.
session_2026-04-22_15-08-24,ds_legacy_dataset3,dataset3,gs://miamioh-resa-data/CapstoneData/raw-data/raw_session_extracts/dataset3/session_2026-04-22_15-08-24/,gs://miamioh-resa-data/CapstoneData/raw/sessions/ds_legacy_dataset3/session_2026-04-22_15-08-24/,session_root,planned,Exact 1-to-1 raw-session mapping generated from session_catalog.csv. Source tree remains authoritative until target copy is verified.
session_2026-04-22_15-09-02,ds_legacy_dataset3,dataset3,gs://miamioh-resa-data/CapstoneData/raw-data/raw_session_extracts/dataset3/session_2026-04-22_15-09-02/,gs://miamioh-resa-data/CapstoneData/raw/sessions/ds_legacy_dataset3/session_2026-04-22_15-09-02/,session_root,planned,Exact 1-to-1 raw-session mapping generated from session_catalog.csv. Source tree remains authoritative until target copy is verified.
session_2026-04-22_15-09-40,ds_legacy_dataset3,dataset3,gs://miamioh-resa-data/CapstoneData/raw-data/raw_session_extracts/dataset3/session_2026-04-22_15-09-40/,gs://miamioh-resa-data/CapstoneData/raw/sessions/ds_legacy_dataset3/session_2026-04-22_15-09-40/,session_root,planned,Exact 1-to-1 raw-session mapping generated from session_catalog.csv. Source tree remains authoritative until target copy is verified.
session_2026-04-22_15-10-17,ds_legacy_dataset3,dataset3,gs://miamioh-resa-data/CapstoneData/raw-data/raw_session_extracts/dataset3/session_2026-04-22_15-10-17/,gs://miamioh-resa-data/CapstoneData/raw/sessions/ds_legacy_dataset3/session_2026-04-22_15-10-17/,session_root,planned,Exact 1-to-1 raw-session mapping generated from session_catalog.csv. Source tree remains authoritative until target copy is verified.
session_2026-04-22_15-10-56,ds_legacy_dataset3,dataset3,gs://miamioh-resa-data/CapstoneData/raw-data/raw_session_extracts/dataset3/session_2026-04-22_15-10-56/,gs://miamioh-resa-data/CapstoneData/raw/sessions/ds_legacy_dataset3/session_2026-04-22_15-10-56/,session_root,planned,Exact 1-to-1 raw-session mapping generated from session_catalog.csv. Source tree remains authoritative until target copy is verified.
session_2026-04-22_15-11-33,ds_legacy_dataset3,dataset3,gs://miamioh-resa-data/CapstoneData/raw-data/raw_session_extracts/dataset3/session_2026-04-22_15-11-33/,gs://miamioh-resa-data/CapstoneData/raw/sessions/ds_legacy_dataset3/session_2026-04-22_15-11-33/,session_root,planned,Exact 1-to-1 raw-session mapping generated from session_catalog.csv. Source tree remains authoritative until target copy is verified.
session_2026-04-22_15-12-11,ds_legacy_dataset3,dataset3,gs://miamioh-resa-data/CapstoneData/raw-data/raw_session_extracts/dataset3/session_2026-04-22_15-12-11/,gs://miamioh-resa-data/CapstoneData/raw/sessions/ds_legacy_dataset3/session_2026-04-22_15-12-11/,session_root,planned,Exact 1-to-1 raw-session mapping generated from session_catalog.csv. Source tree remains authoritative until target copy is verified.
session_2026-04-22_15-12-49,ds_legacy_dataset3,dataset3,gs://miamioh-resa-data/CapstoneData/raw-data/raw_session_extracts/dataset3/session_2026-04-22_15-12-49/,gs://miamioh-resa-data/CapstoneData/raw/sessions/ds_legacy_dataset3/session_2026-04-22_15-12-49/,session_root,planned,Exact 1-to-1 raw-session mapping generated from session_catalog.csv. Source tree remains authoritative until target copy is verified.
session_2026-04-22_15-13-52,ds_legacy_dataset3,dataset3,gs://miamioh-resa-data/CapstoneData/raw-data/raw_session_extracts/dataset3/session_2026-04-22_15-13-52/,gs://miamioh-resa-data/CapstoneData/raw/sessions/ds_legacy_dataset3/session_2026-04-22_15-13-52/,session_root,planned,Exact 1-to-1 raw-session mapping generated from session_catalog.csv. Source tree remains authoritative until target copy is verified.
session_2026-04-22_15-14-30,ds_legacy_dataset3,dataset3,gs://miamioh-resa-data/CapstoneData/raw-data/raw_session_extracts/dataset3/session_2026-04-22_15-14-30/,gs://miamioh-resa-data/CapstoneData/raw/sessions/ds_legacy_dataset3/session_2026-04-22_15-14-30/,session_root,planned,Exact 1-to-1 raw-session mapping generated from session_catalog.csv. Source tree remains authoritative until target copy is verified.
session_2026-04-22_15-18-57,ds_legacy_dataset3,dataset3,gs://miamioh-resa-data/CapstoneData/raw-data/raw_session_extracts/dataset3/session_2026-04-22_15-18-57/,gs://miamioh-resa-data/CapstoneData/raw/sessions/ds_legacy_dataset3/session_2026-04-22_15-18-57/,session_root,planned,Exact 1-to-1 raw-session mapping generated from session_catalog.csv. Source tree remains authoritative until target copy is verified.
session_2026-04-22_15-19-36,ds_legacy_dataset3,dataset3,gs://miamioh-resa-data/CapstoneData/raw-data/raw_session_extracts/dataset3/session_2026-04-22_15-19-36/,gs://miamioh-resa-data/CapstoneData/raw/sessions/ds_legacy_dataset3/session_2026-04-22_15-19-36/,session_root,planned,Exact 1-to-1 raw-session mapping generated from session_catalog.csv. Source tree remains authoritative until target copy is verified.
session_2026-05-11_17-38-31,ds_legacy_dataset3,dataset3,gs://miamioh-resa-data/CapstoneData/raw-data/raw_session_extracts/dataset3/session_2026-05-11_17-38-31/,gs://miamioh-resa-data/CapstoneData/raw/sessions/ds_legacy_dataset3/session_2026-05-11_17-38-31/,session_root,planned,Exact 1-to-1 raw-session mapping generated from session_catalog.csv. Source tree remains authoritative until target copy is verified.
session_2026-05-11_17-38-53,ds_legacy_dataset3,dataset3,gs://miamioh-resa-data/CapstoneData/raw-data/raw_session_extracts/dataset3/session_2026-05-11_17-38-53/,gs://miamioh-resa-data/CapstoneData/raw/sessions/ds_legacy_dataset3/session_2026-05-11_17-38-53/,session_root,planned,Exact 1-to-1 raw-session mapping generated from session_catalog.csv. Source tree remains authoritative until target copy is verified.
session_2026-05-11_18-31-04,ds_legacy_dataset3,dataset3,gs://miamioh-resa-data/CapstoneData/raw-data/raw_session_extracts/dataset3/session_2026-05-11_18-31-04/,gs://miamioh-resa-data/CapstoneData/raw/sessions/ds_legacy_dataset3/session_2026-05-11_18-31-04/,session_root,planned,Exact 1-to-1 raw-session mapping generated from session_catalog.csv. Source tree remains authoritative until target copy is verified.
session_2026-05-11_18-34-08,ds_legacy_dataset3,dataset3,gs://miamioh-resa-data/CapstoneData/raw-data/raw_session_extracts/dataset3/session_2026-05-11_18-34-08/,gs://miamioh-resa-data/CapstoneData/raw/sessions/ds_legacy_dataset3/session_2026-05-11_18-34-08/,session_root,planned,Exact 1-to-1 raw-session mapping generated from session_catalog.csv. Source tree remains authoritative until target copy is verified.
session_2026-05-11_18-34-24,ds_legacy_dataset3,dataset3,gs://miamioh-resa-data/CapstoneData/raw-data/raw_session_extracts/dataset3/session_2026-05-11_18-34-24/,gs://miamioh-resa-data/CapstoneData/raw/sessions/ds_legacy_dataset3/session_2026-05-11_18-34-24/,session_root,planned,Exact 1-to-1 raw-session mapping generated from session_catalog.csv. Source tree remains authoritative until target copy is verified.
session_2026-05-11_18-34-42,ds_legacy_dataset3,dataset3,gs://miamioh-resa-data/CapstoneData/raw-data/raw_session_extracts/dataset3/session_2026-05-11_18-34-42/,gs://miamioh-resa-data/CapstoneData/raw/sessions/ds_legacy_dataset3/session_2026-05-11_18-34-42/,session_root,planned,Exact 1-to-1 raw-session mapping generated from session_catalog.csv. Source tree remains authoritative until target copy is verified.
session_2026-04-10_21-54-46,ds_legacy_dataset4,dataset4,gs://miamioh-resa-data/CapstoneData/raw-data/raw_session_extracts/dataset4/session_2026-04-10_21-54-46/,gs://miamioh-resa-data/CapstoneData/raw/sessions/ds_legacy_dataset4/session_2026-04-10_21-54-46/,session_root,planned,Exact 1-to-1 raw-session mapping generated from session_catalog.csv. Source tree remains authoritative until target copy is verified.
session_2026-04-10_21-55-41,ds_legacy_dataset4,dataset4,gs://miamioh-resa-data/CapstoneData/raw-data/raw_session_extracts/dataset4/session_2026-04-10_21-55-41/,gs://miamioh-resa-data/CapstoneData/raw/sessions/ds_legacy_dataset4/session_2026-04-10_21-55-41/,session_root,planned,Exact 1-to-1 raw-session mapping generated from session_catalog.csv. Source tree remains authoritative until target copy is verified.
session_2026-04-10_21-58-24,ds_legacy_dataset4,dataset4,gs://miamioh-resa-data/CapstoneData/raw-data/raw_session_extracts/dataset4/session_2026-04-10_21-58-24/,gs://miamioh-resa-data/CapstoneData/raw/sessions/ds_legacy_dataset4/session_2026-04-10_21-58-24/,session_root,planned,Exact 1-to-1 raw-session mapping generated from session_catalog.csv. Source tree remains authoritative until target copy is verified.
session_2026-04-10_22-00-15,ds_legacy_dataset4,dataset4,gs://miamioh-resa-data/CapstoneData/raw-data/raw_session_extracts/dataset4/session_2026-04-10_22-00-15/,gs://miamioh-resa-data/CapstoneData/raw/sessions/ds_legacy_dataset4/session_2026-04-10_22-00-15/,session_root,planned,Exact 1-to-1 raw-session mapping generated from session_catalog.csv. Source tree remains authoritative until target copy is verified.
session_2026-04-10_22-01-37,ds_legacy_dataset4,dataset4,gs://miamioh-resa-data/CapstoneData/raw-data/raw_session_extracts/dataset4/session_2026-04-10_22-01-37/,gs://miamioh-resa-data/CapstoneData/raw/sessions/ds_legacy_dataset4/session_2026-04-10_22-01-37/,session_root,planned,Exact 1-to-1 raw-session mapping generated from session_catalog.csv. Source tree remains authoritative until target copy is verified.
session_2026-04-10_22-12-27,ds_legacy_dataset4,dataset4,gs://miamioh-resa-data/CapstoneData/raw-data/raw_session_extracts/dataset4/session_2026-04-10_22-12-27/,gs://miamioh-resa-data/CapstoneData/raw/sessions/ds_legacy_dataset4/session_2026-04-10_22-12-27/,session_root,planned,Exact 1-to-1 raw-session mapping generated from session_catalog.csv. Source tree remains authoritative until target copy is verified.
session_2026-04-10_22-13-44,ds_legacy_dataset4,dataset4,gs://miamioh-resa-data/CapstoneData/raw-data/raw_session_extracts/dataset4/session_2026-04-10_22-13-44/,gs://miamioh-resa-data/CapstoneData/raw/sessions/ds_legacy_dataset4/session_2026-04-10_22-13-44/,session_root,planned,Exact 1-to-1 raw-session mapping generated from session_catalog.csv. Source tree remains authoritative until target copy is verified.
session_2026-04-10_22-14-54,ds_legacy_dataset4,dataset4,gs://miamioh-resa-data/CapstoneData/raw-data/raw_session_extracts/dataset4/session_2026-04-10_22-14-54/,gs://miamioh-resa-data/CapstoneData/raw/sessions/ds_legacy_dataset4/session_2026-04-10_22-14-54/,session_root,planned,Exact 1-to-1 raw-session mapping generated from session_catalog.csv. Source tree remains authoritative until target copy is verified.
session_2026-04-10_22-15-38,ds_legacy_dataset4,dataset4,gs://miamioh-resa-data/CapstoneData/raw-data/raw_session_extracts/dataset4/session_2026-04-10_22-15-38/,gs://miamioh-resa-data/CapstoneData/raw/sessions/ds_legacy_dataset4/session_2026-04-10_22-15-38/,session_root,planned,Exact 1-to-1 raw-session mapping generated from session_catalog.csv. Source tree remains authoritative until target copy is verified.
session_2026-04-10_22-16-47,ds_legacy_dataset4,dataset4,gs://miamioh-resa-data/CapstoneData/raw-data/raw_session_extracts/dataset4/session_2026-04-10_22-16-47/,gs://miamioh-resa-data/CapstoneData/raw/sessions/ds_legacy_dataset4/session_2026-04-10_22-16-47/,session_root,planned,Exact 1-to-1 raw-session mapping generated from session_catalog.csv. Source tree remains authoritative until target copy is verified.
session_2026-04-10_22-17-48,ds_legacy_dataset4,dataset4,gs://miamioh-resa-data/CapstoneData/raw-data/raw_session_extracts/dataset4/session_2026-04-10_22-17-48/,gs://miamioh-resa-data/CapstoneData/raw/sessions/ds_legacy_dataset4/session_2026-04-10_22-17-48/,session_root,planned,Exact 1-to-1 raw-session mapping generated from session_catalog.csv. Source tree remains authoritative until target copy is verified.
session_2026-04-10_22-21-15,ds_legacy_dataset4,dataset4,gs://miamioh-resa-data/CapstoneData/raw-data/raw_session_extracts/dataset4/session_2026-04-10_22-21-15/,gs://miamioh-resa-data/CapstoneData/raw/sessions/ds_legacy_dataset4/session_2026-04-10_22-21-15/,session_root,planned,Exact 1-to-1 raw-session mapping generated from session_catalog.csv. Source tree remains authoritative until target copy is verified.
session_2026-04-10_22-23-37,ds_legacy_dataset4,dataset4,gs://miamioh-resa-data/CapstoneData/raw-data/raw_session_extracts/dataset4/session_2026-04-10_22-23-37/,gs://miamioh-resa-data/CapstoneData/raw/sessions/ds_legacy_dataset4/session_2026-04-10_22-23-37/,session_root,planned,Exact 1-to-1 raw-session mapping generated from session_catalog.csv. Source tree remains authoritative until target copy is verified.
session_2026-04-10_22-24-12,ds_legacy_dataset4,dataset4,gs://miamioh-resa-data/CapstoneData/raw-data/raw_session_extracts/dataset4/session_2026-04-10_22-24-12/,gs://miamioh-resa-data/CapstoneData/raw/sessions/ds_legacy_dataset4/session_2026-04-10_22-24-12/,session_root,planned,Exact 1-to-1 raw-session mapping generated from session_catalog.csv. Source tree remains authoritative until target copy is verified.
session_2026-04-10_22-27-23,ds_legacy_dataset4,dataset4,gs://miamioh-resa-data/CapstoneData/raw-data/raw_session_extracts/dataset4/session_2026-04-10_22-27-23/,gs://miamioh-resa-data/CapstoneData/raw/sessions/ds_legacy_dataset4/session_2026-04-10_22-27-23/,session_root,planned,Exact 1-to-1 raw-session mapping generated from session_catalog.csv. Source tree remains authoritative until target copy is verified.
session_2026-04-10_22-28-03,ds_legacy_dataset4,dataset4,gs://miamioh-resa-data/CapstoneData/raw-data/raw_session_extracts/dataset4/session_2026-04-10_22-28-03/,gs://miamioh-resa-data/CapstoneData/raw/sessions/ds_legacy_dataset4/session_2026-04-10_22-28-03/,session_root,planned,Exact 1-to-1 raw-session mapping generated from session_catalog.csv. Source tree remains authoritative until target copy is verified.
session_2026-04-10_22-28-41,ds_legacy_dataset4,dataset4,gs://miamioh-resa-data/CapstoneData/raw-data/raw_session_extracts/dataset4/session_2026-04-10_22-28-41/,gs://miamioh-resa-data/CapstoneData/raw/sessions/ds_legacy_dataset4/session_2026-04-10_22-28-41/,session_root,planned,Exact 1-to-1 raw-session mapping generated from session_catalog.csv. Source tree remains authoritative until target copy is verified.
session_2026-04-10_22-29-21,ds_legacy_dataset4,dataset4,gs://miamioh-resa-data/CapstoneData/raw-data/raw_session_extracts/dataset4/session_2026-04-10_22-29-21/,gs://miamioh-resa-data/CapstoneData/raw/sessions/ds_legacy_dataset4/session_2026-04-10_22-29-21/,session_root,planned,Exact 1-to-1 raw-session mapping generated from session_catalog.csv. Source tree remains authoritative until target copy is verified.
session_2026-04-10_22-30-18,ds_legacy_dataset4,dataset4,gs://miamioh-resa-data/CapstoneData/raw-data/raw_session_extracts/dataset4/session_2026-04-10_22-30-18/,gs://miamioh-resa-data/CapstoneData/raw/sessions/ds_legacy_dataset4/session_2026-04-10_22-30-18/,session_root,planned,Exact 1-to-1 raw-session mapping generated from session_catalog.csv. Source tree remains authoritative until target copy is verified.
session_2026-04-10_22-31-55,ds_legacy_dataset4,dataset4,gs://miamioh-resa-data/CapstoneData/raw-data/raw_session_extracts/dataset4/session_2026-04-10_22-31-55/,gs://miamioh-resa-data/CapstoneData/raw/sessions/ds_legacy_dataset4/session_2026-04-10_22-31-55/,session_root,planned,Exact 1-to-1 raw-session mapping generated from session_catalog.csv. Source tree remains authoritative until target copy is verified.
session_2026-04-10_22-33-07,ds_legacy_dataset4,dataset4,gs://miamioh-resa-data/CapstoneData/raw-data/raw_session_extracts/dataset4/session_2026-04-10_22-33-07/,gs://miamioh-resa-data/CapstoneData/raw/sessions/ds_legacy_dataset4/session_2026-04-10_22-33-07/,session_root,planned,Exact 1-to-1 raw-session mapping generated from session_catalog.csv. Source tree remains authoritative until target copy is verified.
session_2026-04-10_22-34-06,ds_legacy_dataset4,dataset4,gs://miamioh-resa-data/CapstoneData/raw-data/raw_session_extracts/dataset4/session_2026-04-10_22-34-06/,gs://miamioh-resa-data/CapstoneData/raw/sessions/ds_legacy_dataset4/session_2026-04-10_22-34-06/,session_root,planned,Exact 1-to-1 raw-session mapping generated from session_catalog.csv. Source tree remains authoritative until target copy is verified.
session_2026-04-10_22-39-58,ds_legacy_dataset4,dataset4,gs://miamioh-resa-data/CapstoneData/raw-data/raw_session_extracts/dataset4/session_2026-04-10_22-39-58/,gs://miamioh-resa-data/CapstoneData/raw/sessions/ds_legacy_dataset4/session_2026-04-10_22-39-58/,session_root,planned,Exact 1-to-1 raw-session mapping generated from session_catalog.csv. Source tree remains authoritative until target copy is verified.
session_2026-04-10_22-42-40,ds_legacy_dataset4,dataset4,gs://miamioh-resa-data/CapstoneData/raw-data/raw_session_extracts/dataset4/session_2026-04-10_22-42-40/,gs://miamioh-resa-data/CapstoneData/raw/sessions/ds_legacy_dataset4/session_2026-04-10_22-42-40/,session_root,planned,Exact 1-to-1 raw-session mapping generated from session_catalog.csv. Source tree remains authoritative until target copy is verified.
session_2026-04-10_22-43-38,ds_legacy_dataset4,dataset4,gs://miamioh-resa-data/CapstoneData/raw-data/raw_session_extracts/dataset4/session_2026-04-10_22-43-38/,gs://miamioh-resa-data/CapstoneData/raw/sessions/ds_legacy_dataset4/session_2026-04-10_22-43-38/,session_root,planned,Exact 1-to-1 raw-session mapping generated from session_catalog.csv. Source tree remains authoritative until target copy is verified.
session_2026-04-10_22-44-07,ds_legacy_dataset4,dataset4,gs://miamioh-resa-data/CapstoneData/raw-data/raw_session_extracts/dataset4/session_2026-04-10_22-44-07/,gs://miamioh-resa-data/CapstoneData/raw/sessions/ds_legacy_dataset4/session_2026-04-10_22-44-07/,session_root,planned,Exact 1-to-1 raw-session mapping generated from session_catalog.csv. Source tree remains authoritative until target copy is verified.
session_2026-04-10_22-46-27,ds_legacy_dataset4,dataset4,gs://miamioh-resa-data/CapstoneData/raw-data/raw_session_extracts/dataset4/session_2026-04-10_22-46-27/,gs://miamioh-resa-data/CapstoneData/raw/sessions/ds_legacy_dataset4/session_2026-04-10_22-46-27/,session_root,planned,Exact 1-to-1 raw-session mapping generated from session_catalog.csv. Source tree remains authoritative until target copy is verified.
session_2026-04-10_22-47-56,ds_legacy_dataset4,dataset4,gs://miamioh-resa-data/CapstoneData/raw-data/raw_session_extracts/dataset4/session_2026-04-10_22-47-56/,gs://miamioh-resa-data/CapstoneData/raw/sessions/ds_legacy_dataset4/session_2026-04-10_22-47-56/,session_root,planned,Exact 1-to-1 raw-session mapping generated from session_catalog.csv. Source tree remains authoritative until target copy is verified.
session_2026-04-10_22-56-45,ds_legacy_dataset4,dataset4,gs://miamioh-resa-data/CapstoneData/raw-data/raw_session_extracts/dataset4/session_2026-04-10_22-56-45/,gs://miamioh-resa-data/CapstoneData/raw/sessions/ds_legacy_dataset4/session_2026-04-10_22-56-45/,session_root,planned,Exact 1-to-1 raw-session mapping generated from session_catalog.csv. Source tree remains authoritative until target copy is verified.
session_2026-04-10_22-58-42,ds_legacy_dataset4,dataset4,gs://miamioh-resa-data/CapstoneData/raw-data/raw_session_extracts/dataset4/session_2026-04-10_22-58-42/,gs://miamioh-resa-data/CapstoneData/raw/sessions/ds_legacy_dataset4/session_2026-04-10_22-58-42/,session_root,planned,Exact 1-to-1 raw-session mapping generated from session_catalog.csv. Source tree remains authoritative until target copy is verified.
session_2026-04-10_23-01-15,ds_legacy_dataset4,dataset4,gs://miamioh-resa-data/CapstoneData/raw-data/raw_session_extracts/dataset4/session_2026-04-10_23-01-15/,gs://miamioh-resa-data/CapstoneData/raw/sessions/ds_legacy_dataset4/session_2026-04-10_23-01-15/,session_root,planned,Exact 1-to-1 raw-session mapping generated from session_catalog.csv. Source tree remains authoritative until target copy is verified.
session_2026-04-10_23-04-38,ds_legacy_dataset4,dataset4,gs://miamioh-resa-data/CapstoneData/raw-data/raw_session_extracts/dataset4/session_2026-04-10_23-04-38/,gs://miamioh-resa-data/CapstoneData/raw/sessions/ds_legacy_dataset4/session_2026-04-10_23-04-38/,session_root,planned,Exact 1-to-1 raw-session mapping generated from session_catalog.csv. Source tree remains authoritative until target copy is verified.
session_2026-04-10_23-05-52,ds_legacy_dataset4,dataset4,gs://miamioh-resa-data/CapstoneData/raw-data/raw_session_extracts/dataset4/session_2026-04-10_23-05-52/,gs://miamioh-resa-data/CapstoneData/raw/sessions/ds_legacy_dataset4/session_2026-04-10_23-05-52/,session_root,planned,Exact 1-to-1 raw-session mapping generated from session_catalog.csv. Source tree remains authoritative until target copy is verified.
session_2026-04-11_23-40-56,ds_legacy_dataset4,dataset4,gs://miamioh-resa-data/CapstoneData/raw-data/raw_session_extracts/dataset4/session_2026-04-11_23-40-56/,gs://miamioh-resa-data/CapstoneData/raw/sessions/ds_legacy_dataset4/session_2026-04-11_23-40-56/,session_root,planned,Exact 1-to-1 raw-session mapping generated from session_catalog.csv. Source tree remains authoritative until target copy is verified.
session_2026-04-11_23-41-33,ds_legacy_dataset4,dataset4,gs://miamioh-resa-data/CapstoneData/raw-data/raw_session_extracts/dataset4/session_2026-04-11_23-41-33/,gs://miamioh-resa-data/CapstoneData/raw/sessions/ds_legacy_dataset4/session_2026-04-11_23-41-33/,session_root,planned,Exact 1-to-1 raw-session mapping generated from session_catalog.csv. Source tree remains authoritative until target copy is verified.
session_2026-04-11_23-42-01,ds_legacy_dataset4,dataset4,gs://miamioh-resa-data/CapstoneData/raw-data/raw_session_extracts/dataset4/session_2026-04-11_23-42-01/,gs://miamioh-resa-data/CapstoneData/raw/sessions/ds_legacy_dataset4/session_2026-04-11_23-42-01/,session_root,planned,Exact 1-to-1 raw-session mapping generated from session_catalog.csv. Source tree remains authoritative until target copy is verified.
session_2026-04-11_23-42-41,ds_legacy_dataset4,dataset4,gs://miamioh-resa-data/CapstoneData/raw-data/raw_session_extracts/dataset4/session_2026-04-11_23-42-41/,gs://miamioh-resa-data/CapstoneData/raw/sessions/ds_legacy_dataset4/session_2026-04-11_23-42-41/,session_root,planned,Exact 1-to-1 raw-session mapping generated from session_catalog.csv. Source tree remains authoritative until target copy is verified.
session_2026-04-11_23-43-11,ds_legacy_dataset4,dataset4,gs://miamioh-resa-data/CapstoneData/raw-data/raw_session_extracts/dataset4/session_2026-04-11_23-43-11/,gs://miamioh-resa-data/CapstoneData/raw/sessions/ds_legacy_dataset4/session_2026-04-11_23-43-11/,session_root,planned,Exact 1-to-1 raw-session mapping generated from session_catalog.csv. Source tree remains authoritative until target copy is verified.
session_2026-04-11_23-44-38,ds_legacy_dataset4,dataset4,gs://miamioh-resa-data/CapstoneData/raw-data/raw_session_extracts/dataset4/session_2026-04-11_23-44-38/,gs://miamioh-resa-data/CapstoneData/raw/sessions/ds_legacy_dataset4/session_2026-04-11_23-44-38/,session_root,planned,Exact 1-to-1 raw-session mapping generated from session_catalog.csv. Source tree remains authoritative until target copy is verified.
session_2026-04-11_23-45-23,ds_legacy_dataset4,dataset4,gs://miamioh-resa-data/CapstoneData/raw-data/raw_session_extracts/dataset4/session_2026-04-11_23-45-23/,gs://miamioh-resa-data/CapstoneData/raw/sessions/ds_legacy_dataset4/session_2026-04-11_23-45-23/,session_root,planned,Exact 1-to-1 raw-session mapping generated from session_catalog.csv. Source tree remains authoritative until target copy is verified.
session_2026-04-11_23-47-40,ds_legacy_dataset4,dataset4,gs://miamioh-resa-data/CapstoneData/raw-data/raw_session_extracts/dataset4/session_2026-04-11_23-47-40/,gs://miamioh-resa-data/CapstoneData/raw/sessions/ds_legacy_dataset4/session_2026-04-11_23-47-40/,session_root,planned,Exact 1-to-1 raw-session mapping generated from session_catalog.csv. Source tree remains authoritative until target copy is verified.
session_2026-04-11_23-48-28,ds_legacy_dataset4,dataset4,gs://miamioh-resa-data/CapstoneData/raw-data/raw_session_extracts/dataset4/session_2026-04-11_23-48-28/,gs://miamioh-resa-data/CapstoneData/raw/sessions/ds_legacy_dataset4/session_2026-04-11_23-48-28/,session_root,planned,Exact 1-to-1 raw-session mapping generated from session_catalog.csv. Source tree remains authoritative until target copy is verified.
session_2026-04-11_23-48-59,ds_legacy_dataset4,dataset4,gs://miamioh-resa-data/CapstoneData/raw-data/raw_session_extracts/dataset4/session_2026-04-11_23-48-59/,gs://miamioh-resa-data/CapstoneData/raw/sessions/ds_legacy_dataset4/session_2026-04-11_23-48-59/,session_root,planned,Exact 1-to-1 raw-session mapping generated from session_catalog.csv. Source tree remains authoritative until target copy is verified.
session_2026-04-11_23-50-15,ds_legacy_dataset4,dataset4,gs://miamioh-resa-data/CapstoneData/raw-data/raw_session_extracts/dataset4/session_2026-04-11_23-50-15/,gs://miamioh-resa-data/CapstoneData/raw/sessions/ds_legacy_dataset4/session_2026-04-11_23-50-15/,session_root,planned,Exact 1-to-1 raw-session mapping generated from session_catalog.csv. Source tree remains authoritative until target copy is verified.
session_2026-04-11_23-50-42,ds_legacy_dataset4,dataset4,gs://miamioh-resa-data/CapstoneData/raw-data/raw_session_extracts/dataset4/session_2026-04-11_23-50-42/,gs://miamioh-resa-data/CapstoneData/raw/sessions/ds_legacy_dataset4/session_2026-04-11_23-50-42/,session_root,planned,Exact 1-to-1 raw-session mapping generated from session_catalog.csv. Source tree remains authoritative until target copy is verified.
session_2026-04-11_23-51-08,ds_legacy_dataset4,dataset4,gs://miamioh-resa-data/CapstoneData/raw-data/raw_session_extracts/dataset4/session_2026-04-11_23-51-08/,gs://miamioh-resa-data/CapstoneData/raw/sessions/ds_legacy_dataset4/session_2026-04-11_23-51-08/,session_root,planned,Exact 1-to-1 raw-session mapping generated from session_catalog.csv. Source tree remains authoritative until target copy is verified.
session_2026-04-11_23-51-35,ds_legacy_dataset4,dataset4,gs://miamioh-resa-data/CapstoneData/raw-data/raw_session_extracts/dataset4/session_2026-04-11_23-51-35/,gs://miamioh-resa-data/CapstoneData/raw/sessions/ds_legacy_dataset4/session_2026-04-11_23-51-35/,session_root,planned,Exact 1-to-1 raw-session mapping generated from session_catalog.csv. Source tree remains authoritative until target copy is verified.
session_2026-04-11_23-52-07,ds_legacy_dataset4,dataset4,gs://miamioh-resa-data/CapstoneData/raw-data/raw_session_extracts/dataset4/session_2026-04-11_23-52-07/,gs://miamioh-resa-data/CapstoneData/raw/sessions/ds_legacy_dataset4/session_2026-04-11_23-52-07/,session_root,planned,Exact 1-to-1 raw-session mapping generated from session_catalog.csv. Source tree remains authoritative until target copy is verified.
session_2026-04-11_23-52-32,ds_legacy_dataset4,dataset4,gs://miamioh-resa-data/CapstoneData/raw-data/raw_session_extracts/dataset4/session_2026-04-11_23-52-32/,gs://miamioh-resa-data/CapstoneData/raw/sessions/ds_legacy_dataset4/session_2026-04-11_23-52-32/,session_root,planned,Exact 1-to-1 raw-session mapping generated from session_catalog.csv. Source tree remains authoritative until target copy is verified.
session_2026-04-11_23-53-23,ds_legacy_dataset4,dataset4,gs://miamioh-resa-data/CapstoneData/raw-data/raw_session_extracts/dataset4/session_2026-04-11_23-53-23/,gs://miamioh-resa-data/CapstoneData/raw/sessions/ds_legacy_dataset4/session_2026-04-11_23-53-23/,session_root,planned,Exact 1-to-1 raw-session mapping generated from session_catalog.csv. Source tree remains authoritative until target copy is verified.
session_2026-04-11_23-55-28,ds_legacy_dataset4,dataset4,gs://miamioh-resa-data/CapstoneData/raw-data/raw_session_extracts/dataset4/session_2026-04-11_23-55-28/,gs://miamioh-resa-data/CapstoneData/raw/sessions/ds_legacy_dataset4/session_2026-04-11_23-55-28/,session_root,planned,Exact 1-to-1 raw-session mapping generated from session_catalog.csv. Source tree remains authoritative until target copy is verified.
session_2026-04-11_23-56-06,ds_legacy_dataset4,dataset4,gs://miamioh-resa-data/CapstoneData/raw-data/raw_session_extracts/dataset4/session_2026-04-11_23-56-06/,gs://miamioh-resa-data/CapstoneData/raw/sessions/ds_legacy_dataset4/session_2026-04-11_23-56-06/,session_root,planned,Exact 1-to-1 raw-session mapping generated from session_catalog.csv. Source tree remains authoritative until target copy is verified.
session_2026-04-12_00-00-25,ds_legacy_dataset4,dataset4,gs://miamioh-resa-data/CapstoneData/raw-data/raw_session_extracts/dataset4/session_2026-04-12_00-00-25/,gs://miamioh-resa-data/CapstoneData/raw/sessions/ds_legacy_dataset4/session_2026-04-12_00-00-25/,session_root,planned,Exact 1-to-1 raw-session mapping generated from session_catalog.csv. Source tree remains authoritative until target copy is verified.
session_2026-04-12_00-00-55,ds_legacy_dataset4,dataset4,gs://miamioh-resa-data/CapstoneData/raw-data/raw_session_extracts/dataset4/session_2026-04-12_00-00-55/,gs://miamioh-resa-data/CapstoneData/raw/sessions/ds_legacy_dataset4/session_2026-04-12_00-00-55/,session_root,planned,Exact 1-to-1 raw-session mapping generated from session_catalog.csv. Source tree remains authoritative until target copy is verified.
session_2026-04-12_00-02-10,ds_legacy_dataset4,dataset4,gs://miamioh-resa-data/CapstoneData/raw-data/raw_session_extracts/dataset4/session_2026-04-12_00-02-10/,gs://miamioh-resa-data/CapstoneData/raw/sessions/ds_legacy_dataset4/session_2026-04-12_00-02-10/,session_root,planned,Exact 1-to-1 raw-session mapping generated from session_catalog.csv. Source tree remains authoritative until target copy is verified.
session_2026-07-20_18-40-56,ds_buildingunknown_2026-07-20,imu,/mnt/d/Data/imu/session_2026-07-20_18-40-56,gs://miamioh-resa-data/CapstoneData/raw/sessions/ds_buildingunknown_2026-07-20/session_2026-07-20_18-40-56/,session_root,complete,Copied and file-level verified 2026-08-30 (see raw_copy_verification_new_sessions_2026-08-30.json).
session_2026-07-20_18-41-11,ds_buildingunknown_2026-07-20,imu,/mnt/d/Data/imu/session_2026-07-20_18-41-11,gs://miamioh-resa-data/CapstoneData/raw/sessions/ds_buildingunknown_2026-07-20/session_2026-07-20_18-41-11/,session_root,complete,Copied and file-level verified 2026-08-30 (see raw_copy_verification_new_sessions_2026-08-30.json).
session_2026-07-20_18-41-27,ds_buildingunknown_2026-07-20,imu,/mnt/d/Data/imu/session_2026-07-20_18-41-27,gs://miamioh-resa-data/CapstoneData/raw/sessions/ds_buildingunknown_2026-07-20/session_2026-07-20_18-41-27/,session_root,complete,Copied and file-level verified 2026-08-30 (see raw_copy_verification_new_sessions_2026-08-30.json).
session_2026-07-20_18-41-42,ds_buildingunknown_2026-07-20,imu,/mnt/d/Data/imu/session_2026-07-20_18-41-42,gs://miamioh-resa-data/CapstoneData/raw/sessions/ds_buildingunknown_2026-07-20/session_2026-07-20_18-41-42/,session_root,complete,Copied and file-level verified 2026-08-30 (see raw_copy_verification_new_sessions_2026-08-30.json).
session_2026-07-20_18-41-58,ds_buildingunknown_2026-07-20,imu,/mnt/d/Data/imu/session_2026-07-20_18-41-58,gs://miamioh-resa-data/CapstoneData/raw/sessions/ds_buildingunknown_2026-07-20/session_2026-07-20_18-41-58/,session_root,complete,Copied and file-level verified 2026-08-30 (see raw_copy_verification_new_sessions_2026-08-30.json).
session_2026-07-20_18-42-13,ds_buildingunknown_2026-07-20,imu,/mnt/d/Data/imu/session_2026-07-20_18-42-13,gs://miamioh-resa-data/CapstoneData/raw/sessions/ds_buildingunknown_2026-07-20/session_2026-07-20_18-42-13/,session_root,complete,Copied and file-level verified 2026-08-30 (see raw_copy_verification_new_sessions_2026-08-30.json).
session_2026-07-20_18-43-39,ds_buildingunknown_2026-07-20,imu,/mnt/d/Data/imu/session_2026-07-20_18-43-39,gs://miamioh-resa-data/CapstoneData/raw/sessions/ds_buildingunknown_2026-07-20/session_2026-07-20_18-43-39/,session_root,complete,Copied and file-level verified 2026-08-30 (see raw_copy_verification_new_sessions_2026-08-30.json).
session_2026-07-20_18-43-55,ds_buildingunknown_2026-07-20,imu,/mnt/d/Data/imu/session_2026-07-20_18-43-55,gs://miamioh-resa-data/CapstoneData/raw/sessions/ds_buildingunknown_2026-07-20/session_2026-07-20_18-43-55/,session_root,complete,Copied and file-level verified 2026-08-30 (see raw_copy_verification_new_sessions_2026-08-30.json).
session_2026-07-20_18-44-10,ds_buildingunknown_2026-07-20,imu,/mnt/d/Data/imu/session_2026-07-20_18-44-10,gs://miamioh-resa-data/CapstoneData/raw/sessions/ds_buildingunknown_2026-07-20/session_2026-07-20_18-44-10/,session_root,complete,Copied and file-level verified 2026-08-30 (see raw_copy_verification_new_sessions_2026-08-30.json).
session_2026-07-20_18-44-26,ds_buildingunknown_2026-07-20,imu,/mnt/d/Data/imu/session_2026-07-20_18-44-26,gs://miamioh-resa-data/CapstoneData/raw/sessions/ds_buildingunknown_2026-07-20/session_2026-07-20_18-44-26/,session_root,complete,Copied and file-level verified 2026-08-30 (see raw_copy_verification_new_sessions_2026-08-30.json).
session_2026-07-20_18-44-41,ds_buildingunknown_2026-07-20,imu,/mnt/d/Data/imu/session_2026-07-20_18-44-41,gs://miamioh-resa-data/CapstoneData/raw/sessions/ds_buildingunknown_2026-07-20/session_2026-07-20_18-44-41/,session_root,complete,Copied and file-level verified 2026-08-30 (see raw_copy_verification_new_sessions_2026-08-30.json).
session_2026-07-20_18-44-57,ds_buildingunknown_2026-07-20,imu,/mnt/d/Data/imu/session_2026-07-20_18-44-57,gs://miamioh-resa-data/CapstoneData/raw/sessions/ds_buildingunknown_2026-07-20/session_2026-07-20_18-44-57/,session_root,complete,Copied and file-level verified 2026-08-30 (see raw_copy_verification_new_sessions_2026-08-30.json).
session_2026-07-20_18-45-12,ds_buildingunknown_2026-07-20,imu,/mnt/d/Data/imu/session_2026-07-20_18-45-12,gs://miamioh-resa-data/CapstoneData/raw/sessions/ds_buildingunknown_2026-07-20/session_2026-07-20_18-45-12/,session_root,complete,Copied and file-level verified 2026-08-30 (see raw_copy_verification_new_sessions_2026-08-30.json).
session_2026-07-20_18-45-28,ds_buildingunknown_2026-07-20,imu,/mnt/d/Data/imu/session_2026-07-20_18-45-28,gs://miamioh-resa-data/CapstoneData/raw/sessions/ds_buildingunknown_2026-07-20/session_2026-07-20_18-45-28/,session_root,complete,Copied and file-level verified 2026-08-30 (see raw_copy_verification_new_sessions_2026-08-30.json).
session_2026-07-20_18-45-59,ds_buildingunknown_2026-07-20,imu,/mnt/d/Data/imu/session_2026-07-20_18-45-59,gs://miamioh-resa-data/CapstoneData/raw/sessions/ds_buildingunknown_2026-07-20/session_2026-07-20_18-45-59/,session_root,complete,Copied and file-level verified 2026-08-30 (see raw_copy_verification_new_sessions_2026-08-30.json).
session_2026-07-20_18-46-15,ds_buildingunknown_2026-07-20,imu,/mnt/d/Data/imu/session_2026-07-20_18-46-15,gs://miamioh-resa-data/CapstoneData/raw/sessions/ds_buildingunknown_2026-07-20/session_2026-07-20_18-46-15/,session_root,complete,Copied and file-level verified 2026-08-30 (see raw_copy_verification_new_sessions_2026-08-30.json).
session_2026-07-20_18-46-30,ds_buildingunknown_2026-07-20,imu,/mnt/d/Data/imu/session_2026-07-20_18-46-30,gs://miamioh-resa-data/CapstoneData/raw/sessions/ds_buildingunknown_2026-07-20/session_2026-07-20_18-46-30/,session_root,complete,Copied and file-level verified 2026-08-30 (see raw_copy_verification_new_sessions_2026-08-30.json).
session_2026-07-20_18-46-46,ds_buildingunknown_2026-07-20,imu,/mnt/d/Data/imu/session_2026-07-20_18-46-46,gs://miamioh-resa-data/CapstoneData/raw/sessions/ds_buildingunknown_2026-07-20/session_2026-07-20_18-46-46/,session_root,complete,Copied and file-level verified 2026-08-30 (see raw_copy_verification_new_sessions_2026-08-30.json).
session_2026-07-20_18-47-01,ds_buildingunknown_2026-07-20,imu,/mnt/d/Data/imu/session_2026-07-20_18-47-01,gs://miamioh-resa-data/CapstoneData/raw/sessions/ds_buildingunknown_2026-07-20/session_2026-07-20_18-47-01/,session_root,complete,Copied and file-level verified 2026-08-30 (see raw_copy_verification_new_sessions_2026-08-30.json).
session_2026-07-20_18-47-17,ds_buildingunknown_2026-07-20,imu,/mnt/d/Data/imu/session_2026-07-20_18-47-17,gs://miamioh-resa-data/CapstoneData/raw/sessions/ds_buildingunknown_2026-07-20/session_2026-07-20_18-47-17/,session_root,complete,Copied and file-level verified 2026-08-30 (see raw_copy_verification_new_sessions_2026-08-30.json).
session_2026-07-20_18-47-33,ds_buildingunknown_2026-07-20,imu,/mnt/d/Data/imu/session_2026-07-20_18-47-33,gs://miamioh-resa-data/CapstoneData/raw/sessions/ds_buildingunknown_2026-07-20/session_2026-07-20_18-47-33/,session_root,complete,Copied and file-level verified 2026-08-30 (see raw_copy_verification_new_sessions_2026-08-30.json).
session_2026-07-20_18-47-48,ds_buildingunknown_2026-07-20,imu,/mnt/d/Data/imu/session_2026-07-20_18-47-48,gs://miamioh-resa-data/CapstoneData/raw/sessions/ds_buildingunknown_2026-07-20/session_2026-07-20_18-47-48/,session_root,complete,Copied and file-level verified 2026-08-30 (see raw_copy_verification_new_sessions_2026-08-30.json).
session_2026-07-20_18-49-27,ds_buildingunknown_2026-07-20,imu,/mnt/d/Data/imu/session_2026-07-20_18-49-27,gs://miamioh-resa-data/CapstoneData/raw/sessions/ds_buildingunknown_2026-07-20/session_2026-07-20_18-49-27/,session_root,complete,Copied and file-level verified 2026-08-30 (see raw_copy_verification_new_sessions_2026-08-30.json).
session_2026-07-20_18-49-43,ds_buildingunknown_2026-07-20,imu,/mnt/d/Data/imu/session_2026-07-20_18-49-43,gs://miamioh-resa-data/CapstoneData/raw/sessions/ds_buildingunknown_2026-07-20/session_2026-07-20_18-49-43/,session_root,complete,Copied and file-level verified 2026-08-30 (see raw_copy_verification_new_sessions_2026-08-30.json).
session_2026-07-20_18-49-58,ds_buildingunknown_2026-07-20,imu,/mnt/d/Data/imu/session_2026-07-20_18-49-58,gs://miamioh-resa-data/CapstoneData/raw/sessions/ds_buildingunknown_2026-07-20/session_2026-07-20_18-49-58/,session_root,complete,Copied and file-level verified 2026-08-30 (see raw_copy_verification_new_sessions_2026-08-30.json).
session_2026-07-20_18-50-14,ds_buildingunknown_2026-07-20,imu,/mnt/d/Data/imu/session_2026-07-20_18-50-14,gs://miamioh-resa-data/CapstoneData/raw/sessions/ds_buildingunknown_2026-07-20/session_2026-07-20_18-50-14/,session_root,complete,Copied and file-level verified 2026-08-30 (see raw_copy_verification_new_sessions_2026-08-30.json).
session_2026-07-20_18-50-29,ds_buildingunknown_2026-07-20,imu,/mnt/d/Data/imu/session_2026-07-20_18-50-29,gs://miamioh-resa-data/CapstoneData/raw/sessions/ds_buildingunknown_2026-07-20/session_2026-07-20_18-50-29/,session_root,complete,Copied and file-level verified 2026-08-30 (see raw_copy_verification_new_sessions_2026-08-30.json).
session_2026-07-20_18-50-45,ds_buildingunknown_2026-07-20,imu,/mnt/d/Data/imu/session_2026-07-20_18-50-45,gs://miamioh-resa-data/CapstoneData/raw/sessions/ds_buildingunknown_2026-07-20/session_2026-07-20_18-50-45/,session_root,complete,Copied and file-level verified 2026-08-30 (see raw_copy_verification_new_sessions_2026-08-30.json).
session_2026-07-20_18-51-00,ds_buildingunknown_2026-07-20,imu,/mnt/d/Data/imu/session_2026-07-20_18-51-00,gs://miamioh-resa-data/CapstoneData/raw/sessions/ds_buildingunknown_2026-07-20/session_2026-07-20_18-51-00/,session_root,complete,Copied and file-level verified 2026-08-30 (see raw_copy_verification_new_sessions_2026-08-30.json).
session_2026-07-20_18-51-17,ds_buildingunknown_2026-07-20,imu,/mnt/d/Data/imu/session_2026-07-20_18-51-17,gs://miamioh-resa-data/CapstoneData/raw/sessions/ds_buildingunknown_2026-07-20/session_2026-07-20_18-51-17/,session_root,complete,Copied and file-level verified 2026-08-30 (see raw_copy_verification_new_sessions_2026-08-30.json).
session_2026-07-20_18-51-58,ds_buildingunknown_2026-07-20,imu,/mnt/d/Data/imu/session_2026-07-20_18-51-58,gs://miamioh-resa-data/CapstoneData/raw/sessions/ds_buildingunknown_2026-07-20/session_2026-07-20_18-51-58/,session_root,complete,Copied and file-level verified 2026-08-30 (see raw_copy_verification_new_sessions_2026-08-30.json).
session_2026-07-20_18-52-13,ds_buildingunknown_2026-07-20,imu,/mnt/d/Data/imu/session_2026-07-20_18-52-13,gs://miamioh-resa-data/CapstoneData/raw/sessions/ds_buildingunknown_2026-07-20/session_2026-07-20_18-52-13/,session_root,complete,Copied and file-level verified 2026-08-30 (see raw_copy_verification_new_sessions_2026-08-30.json).
session_2026-07-20_18-52-29,ds_buildingunknown_2026-07-20,imu,/mnt/d/Data/imu/session_2026-07-20_18-52-29,gs://miamioh-resa-data/CapstoneData/raw/sessions/ds_buildingunknown_2026-07-20/session_2026-07-20_18-52-29/,session_root,complete,Copied and file-level verified 2026-08-30 (see raw_copy_verification_new_sessions_2026-08-30.json).
session_2026-07-20_18-52-44,ds_buildingunknown_2026-07-20,imu,/mnt/d/Data/imu/session_2026-07-20_18-52-44,gs://miamioh-resa-data/CapstoneData/raw/sessions/ds_buildingunknown_2026-07-20/session_2026-07-20_18-52-44/,session_root,complete,Copied and file-level verified 2026-08-30 (see raw_copy_verification_new_sessions_2026-08-30.json).
session_2026-07-20_18-53-00,ds_buildingunknown_2026-07-20,imu,/mnt/d/Data/imu/session_2026-07-20_18-53-00,gs://miamioh-resa-data/CapstoneData/raw/sessions/ds_buildingunknown_2026-07-20/session_2026-07-20_18-53-00/,session_root,complete,Copied and file-level verified 2026-08-30 (see raw_copy_verification_new_sessions_2026-08-30.json).
session_2026-07-20_18-53-15,ds_buildingunknown_2026-07-20,imu,/mnt/d/Data/imu/session_2026-07-20_18-53-15,gs://miamioh-resa-data/CapstoneData/raw/sessions/ds_buildingunknown_2026-07-20/session_2026-07-20_18-53-15/,session_root,complete,Copied and file-level verified 2026-08-30 (see raw_copy_verification_new_sessions_2026-08-30.json).
session_2026-07-20_18-53-31,ds_buildingunknown_2026-07-20,imu,/mnt/d/Data/imu/session_2026-07-20_18-53-31,gs://miamioh-resa-data/CapstoneData/raw/sessions/ds_buildingunknown_2026-07-20/session_2026-07-20_18-53-31/,session_root,complete,Copied and file-level verified 2026-08-30 (see raw_copy_verification_new_sessions_2026-08-30.json).
session_2026-07-20_18-53-46,ds_buildingunknown_2026-07-20,imu,/mnt/d/Data/imu/session_2026-07-20_18-53-46,gs://miamioh-resa-data/CapstoneData/raw/sessions/ds_buildingunknown_2026-07-20/session_2026-07-20_18-53-46/,session_root,complete,Copied and file-level verified 2026-08-30 (see raw_copy_verification_new_sessions_2026-08-30.json).
session_2026-07-20_18-54-19,ds_buildingunknown_2026-07-20,imu,/mnt/d/Data/imu/session_2026-07-20_18-54-19,gs://miamioh-resa-data/CapstoneData/raw/sessions/ds_buildingunknown_2026-07-20/session_2026-07-20_18-54-19/,session_root,complete,Copied and file-level verified 2026-08-30 (see raw_copy_verification_new_sessions_2026-08-30.json).
session_2026-07-20_18-54-34,ds_buildingunknown_2026-07-20,imu,/mnt/d/Data/imu/session_2026-07-20_18-54-34,gs://miamioh-resa-data/CapstoneData/raw/sessions/ds_buildingunknown_2026-07-20/session_2026-07-20_18-54-34/,session_root,complete,Copied and file-level verified 2026-08-30 (see raw_copy_verification_new_sessions_2026-08-30.json).
session_2026-07-20_18-54-50,ds_buildingunknown_2026-07-20,imu,/mnt/d/Data/imu/session_2026-07-20_18-54-50,gs://miamioh-resa-data/CapstoneData/raw/sessions/ds_buildingunknown_2026-07-20/session_2026-07-20_18-54-50/,session_root,complete,Copied and file-level verified 2026-08-30 (see raw_copy_verification_new_sessions_2026-08-30.json).
session_2026-07-20_18-55-05,ds_buildingunknown_2026-07-20,imu,/mnt/d/Data/imu/session_2026-07-20_18-55-05,gs://miamioh-resa-data/CapstoneData/raw/sessions/ds_buildingunknown_2026-07-20/session_2026-07-20_18-55-05/,session_root,complete,Copied and file-level verified 2026-08-30 (see raw_copy_verification_new_sessions_2026-08-30.json).
session_2026-07-20_18-55-21,ds_buildingunknown_2026-07-20,imu,/mnt/d/Data/imu/session_2026-07-20_18-55-21,gs://miamioh-resa-data/CapstoneData/raw/sessions/ds_buildingunknown_2026-07-20/session_2026-07-20_18-55-21/,session_root,complete,Copied and file-level verified 2026-08-30 (see raw_copy_verification_new_sessions_2026-08-30.json).
session_2026-07-20_18-55-37,ds_buildingunknown_2026-07-20,imu,/mnt/d/Data/imu/session_2026-07-20_18-55-37,gs://miamioh-resa-data/CapstoneData/raw/sessions/ds_buildingunknown_2026-07-20/session_2026-07-20_18-55-37/,session_root,complete,Copied and file-level verified 2026-08-30 (see raw_copy_verification_new_sessions_2026-08-30.json).
session_2026-07-20_18-55-52,ds_buildingunknown_2026-07-20,imu,/mnt/d/Data/imu/session_2026-07-20_18-55-52,gs://miamioh-resa-data/CapstoneData/raw/sessions/ds_buildingunknown_2026-07-20/session_2026-07-20_18-55-52/,session_root,complete,Copied and file-level verified 2026-08-30 (see raw_copy_verification_new_sessions_2026-08-30.json).
session_2026-07-20_18-56-08,ds_buildingunknown_2026-07-20,imu,/mnt/d/Data/imu/session_2026-07-20_18-56-08,gs://miamioh-resa-data/CapstoneData/raw/sessions/ds_buildingunknown_2026-07-20/session_2026-07-20_18-56-08/,session_root,complete,Copied and file-level verified 2026-08-30 (see raw_copy_verification_new_sessions_2026-08-30.json).
session_2026-07-20_18-57-07,ds_buildingunknown_2026-07-20,imu,/mnt/d/Data/imu/session_2026-07-20_18-57-07,gs://miamioh-resa-data/CapstoneData/raw/sessions/ds_buildingunknown_2026-07-20/session_2026-07-20_18-57-07/,session_root,complete,Copied and file-level verified 2026-08-30 (see raw_copy_verification_new_sessions_2026-08-30.json).
session_2026-07-20_18-57-23,ds_buildingunknown_2026-07-20,imu,/mnt/d/Data/imu/session_2026-07-20_18-57-23,gs://miamioh-resa-data/CapstoneData/raw/sessions/ds_buildingunknown_2026-07-20/session_2026-07-20_18-57-23/,session_root,complete,Copied and file-level verified 2026-08-30 (see raw_copy_verification_new_sessions_2026-08-30.json).
session_2026-07-20_18-57-38,ds_buildingunknown_2026-07-20,imu,/mnt/d/Data/imu/session_2026-07-20_18-57-38,gs://miamioh-resa-data/CapstoneData/raw/sessions/ds_buildingunknown_2026-07-20/session_2026-07-20_18-57-38/,session_root,complete,Copied and file-level verified 2026-08-30 (see raw_copy_verification_new_sessions_2026-08-30.json).
session_2026-07-20_18-57-54,ds_buildingunknown_2026-07-20,imu,/mnt/d/Data/imu/session_2026-07-20_18-57-54,gs://miamioh-resa-data/CapstoneData/raw/sessions/ds_buildingunknown_2026-07-20/session_2026-07-20_18-57-54/,session_root,complete,Copied and file-level verified 2026-08-30 (see raw_copy_verification_new_sessions_2026-08-30.json).
session_2026-07-20_18-58-09,ds_buildingunknown_2026-07-20,imu,/mnt/d/Data/imu/session_2026-07-20_18-58-09,gs://miamioh-resa-data/CapstoneData/raw/sessions/ds_buildingunknown_2026-07-20/session_2026-07-20_18-58-09/,session_root,complete,Copied and file-level verified 2026-08-30 (see raw_copy_verification_new_sessions_2026-08-30.json).
session_2026-07-20_18-58-25,ds_buildingunknown_2026-07-20,imu,/mnt/d/Data/imu/session_2026-07-20_18-58-25,gs://miamioh-resa-data/CapstoneData/raw/sessions/ds_buildingunknown_2026-07-20/session_2026-07-20_18-58-25/,session_root,complete,Copied and file-level verified 2026-08-30 (see raw_copy_verification_new_sessions_2026-08-30.json).
session_2026-07-20_18-58-40,ds_buildingunknown_2026-07-20,imu,/mnt/d/Data/imu/session_2026-07-20_18-58-40,gs://miamioh-resa-data/CapstoneData/raw/sessions/ds_buildingunknown_2026-07-20/session_2026-07-20_18-58-40/,session_root,complete,Copied and file-level verified 2026-08-30 (see raw_copy_verification_new_sessions_2026-08-30.json).
session_2026-07-20_18-58-55,ds_buildingunknown_2026-07-20,imu,/mnt/d/Data/imu/session_2026-07-20_18-58-55,gs://miamioh-resa-data/CapstoneData/raw/sessions/ds_buildingunknown_2026-07-20/session_2026-07-20_18-58-55/,session_root,complete,Copied and file-level verified 2026-08-30 (see raw_copy_verification_new_sessions_2026-08-30.json).
session_2026-07-20_18-59-29,ds_buildingunknown_2026-07-20,imu,/mnt/d/Data/imu/session_2026-07-20_18-59-29,gs://miamioh-resa-data/CapstoneData/raw/sessions/ds_buildingunknown_2026-07-20/session_2026-07-20_18-59-29/,session_root,complete,Copied and file-level verified 2026-08-30 (see raw_copy_verification_new_sessions_2026-08-30.json).
session_2026-07-20_18-59-45,ds_buildingunknown_2026-07-20,imu,/mnt/d/Data/imu/session_2026-07-20_18-59-45,gs://miamioh-resa-data/CapstoneData/raw/sessions/ds_buildingunknown_2026-07-20/session_2026-07-20_18-59-45/,session_root,complete,Copied and file-level verified 2026-08-30 (see raw_copy_verification_new_sessions_2026-08-30.json).
session_2026-07-20_19-00-00,ds_buildingunknown_2026-07-20,imu,/mnt/d/Data/imu/session_2026-07-20_19-00-00,gs://miamioh-resa-data/CapstoneData/raw/sessions/ds_buildingunknown_2026-07-20/session_2026-07-20_19-00-00/,session_root,complete,Copied and file-level verified 2026-08-30 (see raw_copy_verification_new_sessions_2026-08-30.json).
session_2026-07-20_19-00-16,ds_buildingunknown_2026-07-20,imu,/mnt/d/Data/imu/session_2026-07-20_19-00-16,gs://miamioh-resa-data/CapstoneData/raw/sessions/ds_buildingunknown_2026-07-20/session_2026-07-20_19-00-16/,session_root,complete,Copied and file-level verified 2026-08-30 (see raw_copy_verification_new_sessions_2026-08-30.json).
session_2026-07-20_19-00-31,ds_buildingunknown_2026-07-20,imu,/mnt/d/Data/imu/session_2026-07-20_19-00-31,gs://miamioh-resa-data/CapstoneData/raw/sessions/ds_buildingunknown_2026-07-20/session_2026-07-20_19-00-31/,session_root,complete,Copied and file-level verified 2026-08-30 (see raw_copy_verification_new_sessions_2026-08-30.json).
session_2026-07-20_19-00-47,ds_buildingunknown_2026-07-20,imu,/mnt/d/Data/imu/session_2026-07-20_19-00-47,gs://miamioh-resa-data/CapstoneData/raw/sessions/ds_buildingunknown_2026-07-20/session_2026-07-20_19-00-47/,session_root,complete,Copied and file-level verified 2026-08-30 (see raw_copy_verification_new_sessions_2026-08-30.json).
session_2026-07-20_19-01-02,ds_buildingunknown_2026-07-20,imu,/mnt/d/Data/imu/session_2026-07-20_19-01-02,gs://miamioh-resa-data/CapstoneData/raw/sessions/ds_buildingunknown_2026-07-20/session_2026-07-20_19-01-02/,session_root,complete,Copied and file-level verified 2026-08-30 (see raw_copy_verification_new_sessions_2026-08-30.json).
session_2026-07-20_19-01-18,ds_buildingunknown_2026-07-20,imu,/mnt/d/Data/imu/session_2026-07-20_19-01-18,gs://miamioh-resa-data/CapstoneData/raw/sessions/ds_buildingunknown_2026-07-20/session_2026-07-20_19-01-18/,session_root,complete,Copied and file-level verified 2026-08-30 (see raw_copy_verification_new_sessions_2026-08-30.json).
session_2026-07-20_19-01-52,ds_buildingunknown_2026-07-20,imu,/mnt/d/Data/imu/session_2026-07-20_19-01-52,gs://miamioh-resa-data/CapstoneData/raw/sessions/ds_buildingunknown_2026-07-20/session_2026-07-20_19-01-52/,session_root,complete,Copied and file-level verified 2026-08-30 (see raw_copy_verification_new_sessions_2026-08-30.json).
session_2026-07-20_19-02-08,ds_buildingunknown_2026-07-20,imu,/mnt/d/Data/imu/session_2026-07-20_19-02-08,gs://miamioh-resa-data/CapstoneData/raw/sessions/ds_buildingunknown_2026-07-20/session_2026-07-20_19-02-08/,session_root,complete,Copied and file-level verified 2026-08-30 (see raw_copy_verification_new_sessions_2026-08-30.json).
session_2026-07-20_19-02-23,ds_buildingunknown_2026-07-20,imu,/mnt/d/Data/imu/session_2026-07-20_19-02-23,gs://miamioh-resa-data/CapstoneData/raw/sessions/ds_buildingunknown_2026-07-20/session_2026-07-20_19-02-23/,session_root,complete,Copied and file-level verified 2026-08-30 (see raw_copy_verification_new_sessions_2026-08-30.json).
session_2026-07-20_19-02-39,ds_buildingunknown_2026-07-20,imu,/mnt/d/Data/imu/session_2026-07-20_19-02-39,gs://miamioh-resa-data/CapstoneData/raw/sessions/ds_buildingunknown_2026-07-20/session_2026-07-20_19-02-39/,session_root,complete,Copied and file-level verified 2026-08-30 (see raw_copy_verification_new_sessions_2026-08-30.json).
session_2026-07-20_19-02-54,ds_buildingunknown_2026-07-20,imu,/mnt/d/Data/imu/session_2026-07-20_19-02-54,gs://miamioh-resa-data/CapstoneData/raw/sessions/ds_buildingunknown_2026-07-20/session_2026-07-20_19-02-54/,session_root,complete,Copied and file-level verified 2026-08-30 (see raw_copy_verification_new_sessions_2026-08-30.json).
session_2026-07-20_19-03-10,ds_buildingunknown_2026-07-20,imu,/mnt/d/Data/imu/session_2026-07-20_19-03-10,gs://miamioh-resa-data/CapstoneData/raw/sessions/ds_buildingunknown_2026-07-20/session_2026-07-20_19-03-10/,session_root,complete,Copied and file-level verified 2026-08-30 (see raw_copy_verification_new_sessions_2026-08-30.json).
session_2026-07-20_19-03-25,ds_buildingunknown_2026-07-20,imu,/mnt/d/Data/imu/session_2026-07-20_19-03-25,gs://miamioh-resa-data/CapstoneData/raw/sessions/ds_buildingunknown_2026-07-20/session_2026-07-20_19-03-25/,session_root,complete,Copied and file-level verified 2026-08-30 (see raw_copy_verification_new_sessions_2026-08-30.json).
session_2026-07-20_19-03-41,ds_buildingunknown_2026-07-20,imu,/mnt/d/Data/imu/session_2026-07-20_19-03-41,gs://miamioh-resa-data/CapstoneData/raw/sessions/ds_buildingunknown_2026-07-20/session_2026-07-20_19-03-41/,session_root,complete,Copied and file-level verified 2026-08-30 (see raw_copy_verification_new_sessions_2026-08-30.json).
session_2026-07-20_19-04-35,ds_buildingunknown_2026-07-20,imu,/mnt/d/Data/imu/session_2026-07-20_19-04-35,gs://miamioh-resa-data/CapstoneData/raw/sessions/ds_buildingunknown_2026-07-20/session_2026-07-20_19-04-35/,session_root,complete,Copied and file-level verified 2026-08-30 (see raw_copy_verification_new_sessions_2026-08-30.json).
session_2026-07-20_19-04-50,ds_buildingunknown_2026-07-20,imu,/mnt/d/Data/imu/session_2026-07-20_19-04-50,gs://miamioh-resa-data/CapstoneData/raw/sessions/ds_buildingunknown_2026-07-20/session_2026-07-20_19-04-50/,session_root,complete,Copied and file-level verified 2026-08-30 (see raw_copy_verification_new_sessions_2026-08-30.json).
session_2026-07-20_19-05-06,ds_buildingunknown_2026-07-20,imu,/mnt/d/Data/imu/session_2026-07-20_19-05-06,gs://miamioh-resa-data/CapstoneData/raw/sessions/ds_buildingunknown_2026-07-20/session_2026-07-20_19-05-06/,session_root,complete,Copied and file-level verified 2026-08-30 (see raw_copy_verification_new_sessions_2026-08-30.json).
session_2026-07-20_19-05-21,ds_buildingunknown_2026-07-20,imu,/mnt/d/Data/imu/session_2026-07-20_19-05-21,gs://miamioh-resa-data/CapstoneData/raw/sessions/ds_buildingunknown_2026-07-20/session_2026-07-20_19-05-21/,session_root,complete,Copied and file-level verified 2026-08-30 (see raw_copy_verification_new_sessions_2026-08-30.json).
session_2026-07-20_19-05-37,ds_buildingunknown_2026-07-20,imu,/mnt/d/Data/imu/session_2026-07-20_19-05-37,gs://miamioh-resa-data/CapstoneData/raw/sessions/ds_buildingunknown_2026-07-20/session_2026-07-20_19-05-37/,session_root,complete,Copied and file-level verified 2026-08-30 (see raw_copy_verification_new_sessions_2026-08-30.json).
session_2026-07-20_19-05-52,ds_buildingunknown_2026-07-20,imu,/mnt/d/Data/imu/session_2026-07-20_19-05-52,gs://miamioh-resa-data/CapstoneData/raw/sessions/ds_buildingunknown_2026-07-20/session_2026-07-20_19-05-52/,session_root,complete,Copied and file-level verified 2026-08-30 (see raw_copy_verification_new_sessions_2026-08-30.json).
session_2026-07-20_19-06-08,ds_buildingunknown_2026-07-20,imu,/mnt/d/Data/imu/session_2026-07-20_19-06-08,gs://miamioh-resa-data/CapstoneData/raw/sessions/ds_buildingunknown_2026-07-20/session_2026-07-20_19-06-08/,session_root,complete,Copied and file-level verified 2026-08-30 (see raw_copy_verification_new_sessions_2026-08-30.json).
session_2026-07-20_19-06-23,ds_buildingunknown_2026-07-20,imu,/mnt/d/Data/imu/session_2026-07-20_19-06-23,gs://miamioh-resa-data/CapstoneData/raw/sessions/ds_buildingunknown_2026-07-20/session_2026-07-20_19-06-23/,session_root,complete,Copied and file-level verified 2026-08-30 (see raw_copy_verification_new_sessions_2026-08-30.json).
session_2026-07-20_19-07-14,ds_buildingunknown_2026-07-20,imu,/mnt/d/Data/imu/session_2026-07-20_19-07-14,gs://miamioh-resa-data/CapstoneData/raw/sessions/ds_buildingunknown_2026-07-20/session_2026-07-20_19-07-14/,session_root,complete,Copied and file-level verified 2026-08-30 (see raw_copy_verification_new_sessions_2026-08-30.json).
session_2026-07-20_19-07-30,ds_buildingunknown_2026-07-20,imu,/mnt/d/Data/imu/session_2026-07-20_19-07-30,gs://miamioh-resa-data/CapstoneData/raw/sessions/ds_buildingunknown_2026-07-20/session_2026-07-20_19-07-30/,session_root,complete,Copied and file-level verified 2026-08-30 (see raw_copy_verification_new_sessions_2026-08-30.json).
session_2026-07-20_19-07-45,ds_buildingunknown_2026-07-20,imu,/mnt/d/Data/imu/session_2026-07-20_19-07-45,gs://miamioh-resa-data/CapstoneData/raw/sessions/ds_buildingunknown_2026-07-20/session_2026-07-20_19-07-45/,session_root,complete,Copied and file-level verified 2026-08-30 (see raw_copy_verification_new_sessions_2026-08-30.json).
session_2026-07-20_19-08-01,ds_buildingunknown_2026-07-20,imu,/mnt/d/Data/imu/session_2026-07-20_19-08-01,gs://miamioh-resa-data/CapstoneData/raw/sessions/ds_buildingunknown_2026-07-20/session_2026-07-20_19-08-01/,session_root,complete,Copied and file-level verified 2026-08-30 (see raw_copy_verification_new_sessions_2026-08-30.json).
session_2026-07-20_19-08-16,ds_buildingunknown_2026-07-20,imu,/mnt/d/Data/imu/session_2026-07-20_19-08-16,gs://miamioh-resa-data/CapstoneData/raw/sessions/ds_buildingunknown_2026-07-20/session_2026-07-20_19-08-16/,session_root,complete,Copied and file-level verified 2026-08-30 (see raw_copy_verification_new_sessions_2026-08-30.json).
session_2026-07-20_19-08-32,ds_buildingunknown_2026-07-20,imu,/mnt/d/Data/imu/session_2026-07-20_19-08-32,gs://miamioh-resa-data/CapstoneData/raw/sessions/ds_buildingunknown_2026-07-20/session_2026-07-20_19-08-32/,session_root,complete,Copied and file-level verified 2026-08-30 (see raw_copy_verification_new_sessions_2026-08-30.json).
session_2026-07-20_19-09-02,ds_buildingunknown_2026-07-20,imu,/mnt/d/Data/imu/session_2026-07-20_19-09-02,gs://miamioh-resa-data/CapstoneData/raw/sessions/ds_buildingunknown_2026-07-20/session_2026-07-20_19-09-02/,session_root,complete,Copied and file-level verified 2026-08-30 (see raw_copy_verification_new_sessions_2026-08-30.json).
session_2026-07-20_19-09-17,ds_buildingunknown_2026-07-20,imu,/mnt/d/Data/imu/session_2026-07-20_19-09-17,gs://miamioh-resa-data/CapstoneData/raw/sessions/ds_buildingunknown_2026-07-20/session_2026-07-20_19-09-17/,session_root,complete,Copied and file-level verified 2026-08-30 (see raw_copy_verification_new_sessions_2026-08-30.json).
session_2026-07-20_19-09-33,ds_buildingunknown_2026-07-20,imu,/mnt/d/Data/imu/session_2026-07-20_19-09-33,gs://miamioh-resa-data/CapstoneData/raw/sessions/ds_buildingunknown_2026-07-20/session_2026-07-20_19-09-33/,session_root,complete,Copied and file-level verified 2026-08-30 (see raw_copy_verification_new_sessions_2026-08-30.json).
session_2026-07-20_19-09-48,ds_buildingunknown_2026-07-20,imu,/mnt/d/Data/imu/session_2026-07-20_19-09-48,gs://miamioh-resa-data/CapstoneData/raw/sessions/ds_buildingunknown_2026-07-20/session_2026-07-20_19-09-48/,session_root,complete,Copied and file-level verified 2026-08-30 (see raw_copy_verification_new_sessions_2026-08-30.json).
session_2026-07-20_19-10-04,ds_buildingunknown_2026-07-20,imu,/mnt/d/Data/imu/session_2026-07-20_19-10-04,gs://miamioh-resa-data/CapstoneData/raw/sessions/ds_buildingunknown_2026-07-20/session_2026-07-20_19-10-04/,session_root,complete,Copied and file-level verified 2026-08-30 (see raw_copy_verification_new_sessions_2026-08-30.json).
session_2026-07-20_19-10-19,ds_buildingunknown_2026-07-20,imu,/mnt/d/Data/imu/session_2026-07-20_19-10-19,gs://miamioh-resa-data/CapstoneData/raw/sessions/ds_buildingunknown_2026-07-20/session_2026-07-20_19-10-19/,session_root,complete,Copied and file-level verified 2026-08-30 (see raw_copy_verification_new_sessions_2026-08-30.json).
session_2026-07-20_19-10-35,ds_buildingunknown_2026-07-20,imu,/mnt/d/Data/imu/session_2026-07-20_19-10-35,gs://miamioh-resa-data/CapstoneData/raw/sessions/ds_buildingunknown_2026-07-20/session_2026-07-20_19-10-35/,session_root,complete,Copied and file-level verified 2026-08-30 (see raw_copy_verification_new_sessions_2026-08-30.json).
session_2026-07-20_19-10-50,ds_buildingunknown_2026-07-20,imu,/mnt/d/Data/imu/session_2026-07-20_19-10-50,gs://miamioh-resa-data/CapstoneData/raw/sessions/ds_buildingunknown_2026-07-20/session_2026-07-20_19-10-50/,session_root,complete,Copied and file-level verified 2026-08-30 (see raw_copy_verification_new_sessions_2026-08-30.json).
session_2026-07-20_19-11-23,ds_buildingunknown_2026-07-20,imu,/mnt/d/Data/imu/session_2026-07-20_19-11-23,gs://miamioh-resa-data/CapstoneData/raw/sessions/ds_buildingunknown_2026-07-20/session_2026-07-20_19-11-23/,session_root,complete,Copied and file-level verified 2026-08-30 (see raw_copy_verification_new_sessions_2026-08-30.json).
session_2026-07-20_19-11-39,ds_buildingunknown_2026-07-20,imu,/mnt/d/Data/imu/session_2026-07-20_19-11-39,gs://miamioh-resa-data/CapstoneData/raw/sessions/ds_buildingunknown_2026-07-20/session_2026-07-20_19-11-39/,session_root,complete,Copied and file-level verified 2026-08-30 (see raw_copy_verification_new_sessions_2026-08-30.json).
session_2026-07-20_19-11-54,ds_buildingunknown_2026-07-20,imu,/mnt/d/Data/imu/session_2026-07-20_19-11-54,gs://miamioh-resa-data/CapstoneData/raw/sessions/ds_buildingunknown_2026-07-20/session_2026-07-20_19-11-54/,session_root,complete,Copied and file-level verified 2026-08-30 (see raw_copy_verification_new_sessions_2026-08-30.json).
session_2026-07-20_19-12-10,ds_buildingunknown_2026-07-20,imu,/mnt/d/Data/imu/session_2026-07-20_19-12-10,gs://miamioh-resa-data/CapstoneData/raw/sessions/ds_buildingunknown_2026-07-20/session_2026-07-20_19-12-10/,session_root,complete,Copied and file-level verified 2026-08-30 (see raw_copy_verification_new_sessions_2026-08-30.json).
session_2026-07-20_19-12-25,ds_buildingunknown_2026-07-20,imu,/mnt/d/Data/imu/session_2026-07-20_19-12-25,gs://miamioh-resa-data/CapstoneData/raw/sessions/ds_buildingunknown_2026-07-20/session_2026-07-20_19-12-25/,session_root,complete,Copied and file-level verified 2026-08-30 (see raw_copy_verification_new_sessions_2026-08-30.json).
session_2026-07-20_19-12-41,ds_buildingunknown_2026-07-20,imu,/mnt/d/Data/imu/session_2026-07-20_19-12-41,gs://miamioh-resa-data/CapstoneData/raw/sessions/ds_buildingunknown_2026-07-20/session_2026-07-20_19-12-41/,session_root,complete,Copied and file-level verified 2026-08-30 (see raw_copy_verification_new_sessions_2026-08-30.json).
session_2026-07-20_19-12-56,ds_buildingunknown_2026-07-20,imu,/mnt/d/Data/imu/session_2026-07-20_19-12-56,gs://miamioh-resa-data/CapstoneData/raw/sessions/ds_buildingunknown_2026-07-20/session_2026-07-20_19-12-56/,session_root,complete,Copied and file-level verified 2026-08-30 (see raw_copy_verification_new_sessions_2026-08-30.json).
session_2026-07-20_19-13-12,ds_buildingunknown_2026-07-20,imu,/mnt/d/Data/imu/session_2026-07-20_19-13-12,gs://miamioh-resa-data/CapstoneData/raw/sessions/ds_buildingunknown_2026-07-20/session_2026-07-20_19-13-12/,session_root,complete,Copied and file-level verified 2026-08-30 (see raw_copy_verification_new_sessions_2026-08-30.json).
session_2026-07-20_19-13-47,ds_buildingunknown_2026-07-20,imu,/mnt/d/Data/imu/session_2026-07-20_19-13-47,gs://miamioh-resa-data/CapstoneData/raw/sessions/ds_buildingunknown_2026-07-20/session_2026-07-20_19-13-47/,session_root,complete,Copied and file-level verified 2026-08-30 (see raw_copy_verification_new_sessions_2026-08-30.json).
session_2026-07-20_19-14-03,ds_buildingunknown_2026-07-20,imu,/mnt/d/Data/imu/session_2026-07-20_19-14-03,gs://miamioh-resa-data/CapstoneData/raw/sessions/ds_buildingunknown_2026-07-20/session_2026-07-20_19-14-03/,session_root,complete,Copied and file-level verified 2026-08-30 (see raw_copy_verification_new_sessions_2026-08-30.json).
session_2026-07-20_19-14-18,ds_buildingunknown_2026-07-20,imu,/mnt/d/Data/imu/session_2026-07-20_19-14-18,gs://miamioh-resa-data/CapstoneData/raw/sessions/ds_buildingunknown_2026-07-20/session_2026-07-20_19-14-18/,session_root,complete,Copied and file-level verified 2026-08-30 (see raw_copy_verification_new_sessions_2026-08-30.json).
session_2026-07-20_19-14-34,ds_buildingunknown_2026-07-20,imu,/mnt/d/Data/imu/session_2026-07-20_19-14-34,gs://miamioh-resa-data/CapstoneData/raw/sessions/ds_buildingunknown_2026-07-20/session_2026-07-20_19-14-34/,session_root,complete,Copied and file-level verified 2026-08-30 (see raw_copy_verification_new_sessions_2026-08-30.json).
session_2026-07-20_19-14-49,ds_buildingunknown_2026-07-20,imu,/mnt/d/Data/imu/session_2026-07-20_19-14-49,gs://miamioh-resa-data/CapstoneData/raw/sessions/ds_buildingunknown_2026-07-20/session_2026-07-20_19-14-49/,session_root,complete,Copied and file-level verified 2026-08-30 (see raw_copy_verification_new_sessions_2026-08-30.json).
session_2026-07-20_19-15-05,ds_buildingunknown_2026-07-20,imu,/mnt/d/Data/imu/session_2026-07-20_19-15-05,gs://miamioh-resa-data/CapstoneData/raw/sessions/ds_buildingunknown_2026-07-20/session_2026-07-20_19-15-05/,session_root,complete,Copied and file-level verified 2026-08-30 (see raw_copy_verification_new_sessions_2026-08-30.json).
session_2026-07-20_19-15-20,ds_buildingunknown_2026-07-20,imu,/mnt/d/Data/imu/session_2026-07-20_19-15-20,gs://miamioh-resa-data/CapstoneData/raw/sessions/ds_buildingunknown_2026-07-20/session_2026-07-20_19-15-20/,session_root,complete,Copied and file-level verified 2026-08-30 (see raw_copy_verification_new_sessions_2026-08-30.json).
session_2026-07-20_19-15-36,ds_buildingunknown_2026-07-20,imu,/mnt/d/Data/imu/session_2026-07-20_19-15-36,gs://miamioh-resa-data/CapstoneData/raw/sessions/ds_buildingunknown_2026-07-20/session_2026-07-20_19-15-36/,session_root,complete,Copied and file-level verified 2026-08-30 (see raw_copy_verification_new_sessions_2026-08-30.json).
session_2026-07-21_16-31-28,ds_buildingunknown_2026-07-20,imu,/mnt/d/Data/imu/session_2026-07-21_16-31-28,gs://miamioh-resa-data/CapstoneData/raw/sessions/ds_buildingunknown_2026-07-20/session_2026-07-21_16-31-28/,session_root,complete,Copied and file-level verified 2026-08-30 (see raw_copy_verification_new_sessions_2026-08-30.json).
session_2026-07-21_16-31-43,ds_buildingunknown_2026-07-20,imu,/mnt/d/Data/imu/session_2026-07-21_16-31-43,gs://miamioh-resa-data/CapstoneData/raw/sessions/ds_buildingunknown_2026-07-20/session_2026-07-21_16-31-43/,session_root,complete,Copied and file-level verified 2026-08-30 (see raw_copy_verification_new_sessions_2026-08-30.json).
session_2026-07-21_16-31-59,ds_buildingunknown_2026-07-20,imu,/mnt/d/Data/imu/session_2026-07-21_16-31-59,gs://miamioh-resa-data/CapstoneData/raw/sessions/ds_buildingunknown_2026-07-20/session_2026-07-21_16-31-59/,session_root,complete,Copied and file-level verified 2026-08-30 (see raw_copy_verification_new_sessions_2026-08-30.json).
session_2026-07-21_16-32-14,ds_buildingunknown_2026-07-20,imu,/mnt/d/Data/imu/session_2026-07-21_16-32-14,gs://miamioh-resa-data/CapstoneData/raw/sessions/ds_buildingunknown_2026-07-20/session_2026-07-21_16-32-14/,session_root,complete,Copied and file-level verified 2026-08-30 (see raw_copy_verification_new_sessions_2026-08-30.json).
session_2026-07-21_16-32-30,ds_buildingunknown_2026-07-20,imu,/mnt/d/Data/imu/session_2026-07-21_16-32-30,gs://miamioh-resa-data/CapstoneData/raw/sessions/ds_buildingunknown_2026-07-20/session_2026-07-21_16-32-30/,session_root,complete,Copied and file-level verified 2026-08-30 (see raw_copy_verification_new_sessions_2026-08-30.json).
session_2026-07-21_16-32-45,ds_buildingunknown_2026-07-20,imu,/mnt/d/Data/imu/session_2026-07-21_16-32-45,gs://miamioh-resa-data/CapstoneData/raw/sessions/ds_buildingunknown_2026-07-20/session_2026-07-21_16-32-45/,session_root,complete,Copied and file-level verified 2026-08-30 (see raw_copy_verification_new_sessions_2026-08-30.json).
session_2026-07-21_16-33-01,ds_buildingunknown_2026-07-20,imu,/mnt/d/Data/imu/session_2026-07-21_16-33-01,gs://miamioh-resa-data/CapstoneData/raw/sessions/ds_buildingunknown_2026-07-20/session_2026-07-21_16-33-01/,session_root,complete,Copied and file-level verified 2026-08-30 (see raw_copy_verification_new_sessions_2026-08-30.json).
session_2026-07-21_16-33-16,ds_buildingunknown_2026-07-20,imu,/mnt/d/Data/imu/session_2026-07-21_16-33-16,gs://miamioh-resa-data/CapstoneData/raw/sessions/ds_buildingunknown_2026-07-20/session_2026-07-21_16-33-16/,session_root,complete,Copied and file-level verified 2026-08-30 (see raw_copy_verification_new_sessions_2026-08-30.json).
session_2026-07-21_16-33-57,ds_buildingunknown_2026-07-20,imu,/mnt/d/Data/imu/session_2026-07-21_16-33-57,gs://miamioh-resa-data/CapstoneData/raw/sessions/ds_buildingunknown_2026-07-20/session_2026-07-21_16-33-57/,session_root,complete,Copied and file-level verified 2026-08-30 (see raw_copy_verification_new_sessions_2026-08-30.json).
session_2026-07-21_16-34-13,ds_buildingunknown_2026-07-20,imu,/mnt/d/Data/imu/session_2026-07-21_16-34-13,gs://miamioh-resa-data/CapstoneData/raw/sessions/ds_buildingunknown_2026-07-20/session_2026-07-21_16-34-13/,session_root,complete,Copied and file-level verified 2026-08-30 (see raw_copy_verification_new_sessions_2026-08-30.json).
session_2026-07-21_16-34-29,ds_buildingunknown_2026-07-20,imu,/mnt/d/Data/imu/session_2026-07-21_16-34-29,gs://miamioh-resa-data/CapstoneData/raw/sessions/ds_buildingunknown_2026-07-20/session_2026-07-21_16-34-29/,session_root,complete,Copied and file-level verified 2026-08-30 (see raw_copy_verification_new_sessions_2026-08-30.json).
session_2026-07-21_16-34-44,ds_buildingunknown_2026-07-20,imu,/mnt/d/Data/imu/session_2026-07-21_16-34-44,gs://miamioh-resa-data/CapstoneData/raw/sessions/ds_buildingunknown_2026-07-20/session_2026-07-21_16-34-44/,session_root,complete,Copied and file-level verified 2026-08-30 (see raw_copy_verification_new_sessions_2026-08-30.json).
session_2026-07-21_16-34-59,ds_buildingunknown_2026-07-20,imu,/mnt/d/Data/imu/session_2026-07-21_16-34-59,gs://miamioh-resa-data/CapstoneData/raw/sessions/ds_buildingunknown_2026-07-20/session_2026-07-21_16-34-59/,session_root,complete,Copied and file-level verified 2026-08-30 (see raw_copy_verification_new_sessions_2026-08-30.json).
session_2026-07-21_16-35-15,ds_buildingunknown_2026-07-20,imu,/mnt/d/Data/imu/session_2026-07-21_16-35-15,gs://miamioh-resa-data/CapstoneData/raw/sessions/ds_buildingunknown_2026-07-20/session_2026-07-21_16-35-15/,session_root,complete,Copied and file-level verified 2026-08-30 (see raw_copy_verification_new_sessions_2026-08-30.json).
session_2026-07-21_16-35-31,ds_buildingunknown_2026-07-20,imu,/mnt/d/Data/imu/session_2026-07-21_16-35-31,gs://miamioh-resa-data/CapstoneData/raw/sessions/ds_buildingunknown_2026-07-20/session_2026-07-21_16-35-31/,session_root,complete,Copied and file-level verified 2026-08-30 (see raw_copy_verification_new_sessions_2026-08-30.json).
session_2026-07-21_16-35-46,ds_buildingunknown_2026-07-20,imu,/mnt/d/Data/imu/session_2026-07-21_16-35-46,gs://miamioh-resa-data/CapstoneData/raw/sessions/ds_buildingunknown_2026-07-20/session_2026-07-21_16-35-46/,session_root,complete,Copied and file-level verified 2026-08-30 (see raw_copy_verification_new_sessions_2026-08-30.json).
session_2026-07-21_16-36-17,ds_buildingunknown_2026-07-20,imu,/mnt/d/Data/imu/session_2026-07-21_16-36-17,gs://miamioh-resa-data/CapstoneData/raw/sessions/ds_buildingunknown_2026-07-20/session_2026-07-21_16-36-17/,session_root,complete,Copied and file-level verified 2026-08-30 (see raw_copy_verification_new_sessions_2026-08-30.json).
session_2026-07-21_16-36-32,ds_buildingunknown_2026-07-20,imu,/mnt/d/Data/imu/session_2026-07-21_16-36-32,gs://miamioh-resa-data/CapstoneData/raw/sessions/ds_buildingunknown_2026-07-20/session_2026-07-21_16-36-32/,session_root,complete,Copied and file-level verified 2026-08-30 (see raw_copy_verification_new_sessions_2026-08-30.json).
session_2026-07-21_16-36-48,ds_buildingunknown_2026-07-20,imu,/mnt/d/Data/imu/session_2026-07-21_16-36-48,gs://miamioh-resa-data/CapstoneData/raw/sessions/ds_buildingunknown_2026-07-20/session_2026-07-21_16-36-48/,session_root,complete,Copied and file-level verified 2026-08-30 (see raw_copy_verification_new_sessions_2026-08-30.json).
session_2026-07-21_16-37-03,ds_buildingunknown_2026-07-20,imu,/mnt/d/Data/imu/session_2026-07-21_16-37-03,gs://miamioh-resa-data/CapstoneData/raw/sessions/ds_buildingunknown_2026-07-20/session_2026-07-21_16-37-03/,session_root,complete,Copied and file-level verified 2026-08-30 (see raw_copy_verification_new_sessions_2026-08-30.json).
session_2026-07-21_16-37-19,ds_buildingunknown_2026-07-20,imu,/mnt/d/Data/imu/session_2026-07-21_16-37-19,gs://miamioh-resa-data/CapstoneData/raw/sessions/ds_buildingunknown_2026-07-20/session_2026-07-21_16-37-19/,session_root,complete,Copied and file-level verified 2026-08-30 (see raw_copy_verification_new_sessions_2026-08-30.json).
session_2026-07-21_16-37-34,ds_buildingunknown_2026-07-20,imu,/mnt/d/Data/imu/session_2026-07-21_16-37-34,gs://miamioh-resa-data/CapstoneData/raw/sessions/ds_buildingunknown_2026-07-20/session_2026-07-21_16-37-34/,session_root,complete,Copied and file-level verified 2026-08-30 (see raw_copy_verification_new_sessions_2026-08-30.json).
session_2026-07-21_16-37-50,ds_buildingunknown_2026-07-20,imu,/mnt/d/Data/imu/session_2026-07-21_16-37-50,gs://miamioh-resa-data/CapstoneData/raw/sessions/ds_buildingunknown_2026-07-20/session_2026-07-21_16-37-50/,session_root,complete,Copied and file-level verified 2026-08-30 (see raw_copy_verification_new_sessions_2026-08-30.json).
session_2026-07-21_16-38-05,ds_buildingunknown_2026-07-20,imu,/mnt/d/Data/imu/session_2026-07-21_16-38-05,gs://miamioh-resa-data/CapstoneData/raw/sessions/ds_buildingunknown_2026-07-20/session_2026-07-21_16-38-05/,session_root,complete,Copied and file-level verified 2026-08-30 (see raw_copy_verification_new_sessions_2026-08-30.json).
session_2026-07-21_16-38-36,ds_buildingunknown_2026-07-20,imu,/mnt/d/Data/imu/session_2026-07-21_16-38-36,gs://miamioh-resa-data/CapstoneData/raw/sessions/ds_buildingunknown_2026-07-20/session_2026-07-21_16-38-36/,session_root,complete,Copied and file-level verified 2026-08-30 (see raw_copy_verification_new_sessions_2026-08-30.json).
session_2026-07-21_16-38-51,ds_buildingunknown_2026-07-20,imu,/mnt/d/Data/imu/session_2026-07-21_16-38-51,gs://miamioh-resa-data/CapstoneData/raw/sessions/ds_buildingunknown_2026-07-20/session_2026-07-21_16-38-51/,session_root,complete,Copied and file-level verified 2026-08-30 (see raw_copy_verification_new_sessions_2026-08-30.json).
session_2026-07-21_16-39-07,ds_buildingunknown_2026-07-20,imu,/mnt/d/Data/imu/session_2026-07-21_16-39-07,gs://miamioh-resa-data/CapstoneData/raw/sessions/ds_buildingunknown_2026-07-20/session_2026-07-21_16-39-07/,session_root,complete,Copied and file-level verified 2026-08-30 (see raw_copy_verification_new_sessions_2026-08-30.json).
session_2026-07-21_16-39-23,ds_buildingunknown_2026-07-20,imu,/mnt/d/Data/imu/session_2026-07-21_16-39-23,gs://miamioh-resa-data/CapstoneData/raw/sessions/ds_buildingunknown_2026-07-20/session_2026-07-21_16-39-23/,session_root,complete,Copied and file-level verified 2026-08-30 (see raw_copy_verification_new_sessions_2026-08-30.json).
session_2026-07-21_16-39-39,ds_buildingunknown_2026-07-20,imu,/mnt/d/Data/imu/session_2026-07-21_16-39-39,gs://miamioh-resa-data/CapstoneData/raw/sessions/ds_buildingunknown_2026-07-20/session_2026-07-21_16-39-39/,session_root,complete,Copied and file-level verified 2026-08-30 (see raw_copy_verification_new_sessions_2026-08-30.json).
session_2026-07-21_16-39-54,ds_buildingunknown_2026-07-20,imu,/mnt/d/Data/imu/session_2026-07-21_16-39-54,gs://miamioh-resa-data/CapstoneData/raw/sessions/ds_buildingunknown_2026-07-20/session_2026-07-21_16-39-54/,session_root,complete,Copied and file-level verified 2026-08-30 (see raw_copy_verification_new_sessions_2026-08-30.json).
session_2026-07-21_16-40-10,ds_buildingunknown_2026-07-20,imu,/mnt/d/Data/imu/session_2026-07-21_16-40-10,gs://miamioh-resa-data/CapstoneData/raw/sessions/ds_buildingunknown_2026-07-20/session_2026-07-21_16-40-10/,session_root,complete,Copied and file-level verified 2026-08-30 (see raw_copy_verification_new_sessions_2026-08-30.json).
session_2026-07-21_16-40-25,ds_buildingunknown_2026-07-20,imu,/mnt/d/Data/imu/session_2026-07-21_16-40-25,gs://miamioh-resa-data/CapstoneData/raw/sessions/ds_buildingunknown_2026-07-20/session_2026-07-21_16-40-25/,session_root,complete,Copied and file-level verified 2026-08-30 (see raw_copy_verification_new_sessions_2026-08-30.json).
session_2026-07-21_16-40-55,ds_buildingunknown_2026-07-20,imu,/mnt/d/Data/imu/session_2026-07-21_16-40-55,gs://miamioh-resa-data/CapstoneData/raw/sessions/ds_buildingunknown_2026-07-20/session_2026-07-21_16-40-55/,session_root,complete,Copied and file-level verified 2026-08-30 (see raw_copy_verification_new_sessions_2026-08-30.json).
session_2026-07-21_16-41-10,ds_buildingunknown_2026-07-20,imu,/mnt/d/Data/imu/session_2026-07-21_16-41-10,gs://miamioh-resa-data/CapstoneData/raw/sessions/ds_buildingunknown_2026-07-20/session_2026-07-21_16-41-10/,session_root,complete,Copied and file-level verified 2026-08-30 (see raw_copy_verification_new_sessions_2026-08-30.json).
session_2026-07-21_16-41-26,ds_buildingunknown_2026-07-20,imu,/mnt/d/Data/imu/session_2026-07-21_16-41-26,gs://miamioh-resa-data/CapstoneData/raw/sessions/ds_buildingunknown_2026-07-20/session_2026-07-21_16-41-26/,session_root,complete,Copied and file-level verified 2026-08-30 (see raw_copy_verification_new_sessions_2026-08-30.json).
session_2026-07-21_16-41-41,ds_buildingunknown_2026-07-20,imu,/mnt/d/Data/imu/session_2026-07-21_16-41-41,gs://miamioh-resa-data/CapstoneData/raw/sessions/ds_buildingunknown_2026-07-20/session_2026-07-21_16-41-41/,session_root,complete,Copied and file-level verified 2026-08-30 (see raw_copy_verification_new_sessions_2026-08-30.json).
session_2026-07-21_16-41-57,ds_buildingunknown_2026-07-20,imu,/mnt/d/Data/imu/session_2026-07-21_16-41-57,gs://miamioh-resa-data/CapstoneData/raw/sessions/ds_buildingunknown_2026-07-20/session_2026-07-21_16-41-57/,session_root,complete,Copied and file-level verified 2026-08-30 (see raw_copy_verification_new_sessions_2026-08-30.json).
session_2026-07-21_16-42-12,ds_buildingunknown_2026-07-20,imu,/mnt/d/Data/imu/session_2026-07-21_16-42-12,gs://miamioh-resa-data/CapstoneData/raw/sessions/ds_buildingunknown_2026-07-20/session_2026-07-21_16-42-12/,session_root,complete,Copied and file-level verified 2026-08-30 (see raw_copy_verification_new_sessions_2026-08-30.json).
session_2026-07-21_16-42-28,ds_buildingunknown_2026-07-20,imu,/mnt/d/Data/imu/session_2026-07-21_16-42-28,gs://miamioh-resa-data/CapstoneData/raw/sessions/ds_buildingunknown_2026-07-20/session_2026-07-21_16-42-28/,session_root,complete,Copied and file-level verified 2026-08-30 (see raw_copy_verification_new_sessions_2026-08-30.json).
session_2026-07-21_16-42-43,ds_buildingunknown_2026-07-20,imu,/mnt/d/Data/imu/session_2026-07-21_16-42-43,gs://miamioh-resa-data/CapstoneData/raw/sessions/ds_buildingunknown_2026-07-20/session_2026-07-21_16-42-43/,session_root,complete,Copied and file-level verified 2026-08-30 (see raw_copy_verification_new_sessions_2026-08-30.json).
session_2026-07-21_16-43-18,ds_buildingunknown_2026-07-20,imu,/mnt/d/Data/imu/session_2026-07-21_16-43-18,gs://miamioh-resa-data/CapstoneData/raw/sessions/ds_buildingunknown_2026-07-20/session_2026-07-21_16-43-18/,session_root,complete,Copied and file-level verified 2026-08-30 (see raw_copy_verification_new_sessions_2026-08-30.json).
session_2026-07-21_16-43-34,ds_buildingunknown_2026-07-20,imu,/mnt/d/Data/imu/session_2026-07-21_16-43-34,gs://miamioh-resa-data/CapstoneData/raw/sessions/ds_buildingunknown_2026-07-20/session_2026-07-21_16-43-34/,session_root,complete,Copied and file-level verified 2026-08-30 (see raw_copy_verification_new_sessions_2026-08-30.json).
session_2026-07-21_16-43-49,ds_buildingunknown_2026-07-20,imu,/mnt/d/Data/imu/session_2026-07-21_16-43-49,gs://miamioh-resa-data/CapstoneData/raw/sessions/ds_buildingunknown_2026-07-20/session_2026-07-21_16-43-49/,session_root,complete,Copied and file-level verified 2026-08-30 (see raw_copy_verification_new_sessions_2026-08-30.json).
session_2026-07-21_16-44-05,ds_buildingunknown_2026-07-20,imu,/mnt/d/Data/imu/session_2026-07-21_16-44-05,gs://miamioh-resa-data/CapstoneData/raw/sessions/ds_buildingunknown_2026-07-20/session_2026-07-21_16-44-05/,session_root,complete,Copied and file-level verified 2026-08-30 (see raw_copy_verification_new_sessions_2026-08-30.json).
session_2026-07-21_16-44-20,ds_buildingunknown_2026-07-20,imu,/mnt/d/Data/imu/session_2026-07-21_16-44-20,gs://miamioh-resa-data/CapstoneData/raw/sessions/ds_buildingunknown_2026-07-20/session_2026-07-21_16-44-20/,session_root,complete,Copied and file-level verified 2026-08-30 (see raw_copy_verification_new_sessions_2026-08-30.json).
session_2026-07-21_16-44-36,ds_buildingunknown_2026-07-20,imu,/mnt/d/Data/imu/session_2026-07-21_16-44-36,gs://miamioh-resa-data/CapstoneData/raw/sessions/ds_buildingunknown_2026-07-20/session_2026-07-21_16-44-36/,session_root,complete,Copied and file-level verified 2026-08-30 (see raw_copy_verification_new_sessions_2026-08-30.json).
session_2026-07-21_16-44-51,ds_buildingunknown_2026-07-20,imu,/mnt/d/Data/imu/session_2026-07-21_16-44-51,gs://miamioh-resa-data/CapstoneData/raw/sessions/ds_buildingunknown_2026-07-20/session_2026-07-21_16-44-51/,session_root,complete,Copied and file-level verified 2026-08-30 (see raw_copy_verification_new_sessions_2026-08-30.json).
session_2026-07-21_16-45-07,ds_buildingunknown_2026-07-20,imu,/mnt/d/Data/imu/session_2026-07-21_16-45-07,gs://miamioh-resa-data/CapstoneData/raw/sessions/ds_buildingunknown_2026-07-20/session_2026-07-21_16-45-07/,session_root,complete,Copied and file-level verified 2026-08-30 (see raw_copy_verification_new_sessions_2026-08-30.json).
session_2026-07-21_16-45-38,ds_buildingunknown_2026-07-20,imu,/mnt/d/Data/imu/session_2026-07-21_16-45-38,gs://miamioh-resa-data/CapstoneData/raw/sessions/ds_buildingunknown_2026-07-20/session_2026-07-21_16-45-38/,session_root,complete,Copied and file-level verified 2026-08-30 (see raw_copy_verification_new_sessions_2026-08-30.json).
session_2026-07-21_16-45-54,ds_buildingunknown_2026-07-20,imu,/mnt/d/Data/imu/session_2026-07-21_16-45-54,gs://miamioh-resa-data/CapstoneData/raw/sessions/ds_buildingunknown_2026-07-20/session_2026-07-21_16-45-54/,session_root,complete,Copied and file-level verified 2026-08-30 (see raw_copy_verification_new_sessions_2026-08-30.json).
session_2026-07-21_16-46-09,ds_buildingunknown_2026-07-20,imu,/mnt/d/Data/imu/session_2026-07-21_16-46-09,gs://miamioh-resa-data/CapstoneData/raw/sessions/ds_buildingunknown_2026-07-20/session_2026-07-21_16-46-09/,session_root,complete,Copied and file-level verified 2026-08-30 (see raw_copy_verification_new_sessions_2026-08-30.json).
session_2026-07-21_16-46-25,ds_buildingunknown_2026-07-20,imu,/mnt/d/Data/imu/session_2026-07-21_16-46-25,gs://miamioh-resa-data/CapstoneData/raw/sessions/ds_buildingunknown_2026-07-20/session_2026-07-21_16-46-25/,session_root,complete,Copied and file-level verified 2026-08-30 (see raw_copy_verification_new_sessions_2026-08-30.json).
session_2026-07-21_16-46-40,ds_buildingunknown_2026-07-20,imu,/mnt/d/Data/imu/session_2026-07-21_16-46-40,gs://miamioh-resa-data/CapstoneData/raw/sessions/ds_buildingunknown_2026-07-20/session_2026-07-21_16-46-40/,session_root,complete,Copied and file-level verified 2026-08-30 (see raw_copy_verification_new_sessions_2026-08-30.json).
session_2026-07-21_16-46-56,ds_buildingunknown_2026-07-20,imu,/mnt/d/Data/imu/session_2026-07-21_16-46-56,gs://miamioh-resa-data/CapstoneData/raw/sessions/ds_buildingunknown_2026-07-20/session_2026-07-21_16-46-56/,session_root,complete,Copied and file-level verified 2026-08-30 (see raw_copy_verification_new_sessions_2026-08-30.json).
session_2026-07-21_16-47-11,ds_buildingunknown_2026-07-20,imu,/mnt/d/Data/imu/session_2026-07-21_16-47-11,gs://miamioh-resa-data/CapstoneData/raw/sessions/ds_buildingunknown_2026-07-20/session_2026-07-21_16-47-11/,session_root,complete,Copied and file-level verified 2026-08-30 (see raw_copy_verification_new_sessions_2026-08-30.json).
session_2026-07-21_16-47-27,ds_buildingunknown_2026-07-20,imu,/mnt/d/Data/imu/session_2026-07-21_16-47-27,gs://miamioh-resa-data/CapstoneData/raw/sessions/ds_buildingunknown_2026-07-20/session_2026-07-21_16-47-27/,session_root,complete,Copied and file-level verified 2026-08-30 (see raw_copy_verification_new_sessions_2026-08-30.json).
session_2026-07-21_16-47-59,ds_buildingunknown_2026-07-20,imu,/mnt/d/Data/imu/session_2026-07-21_16-47-59,gs://miamioh-resa-data/CapstoneData/raw/sessions/ds_buildingunknown_2026-07-20/session_2026-07-21_16-47-59/,session_root,complete,Copied and file-level verified 2026-08-30 (see raw_copy_verification_new_sessions_2026-08-30.json).
session_2026-07-21_16-48-15,ds_buildingunknown_2026-07-20,imu,/mnt/d/Data/imu/session_2026-07-21_16-48-15,gs://miamioh-resa-data/CapstoneData/raw/sessions/ds_buildingunknown_2026-07-20/session_2026-07-21_16-48-15/,session_root,complete,Copied and file-level verified 2026-08-30 (see raw_copy_verification_new_sessions_2026-08-30.json).
session_2026-07-21_16-48-30,ds_buildingunknown_2026-07-20,imu,/mnt/d/Data/imu/session_2026-07-21_16-48-30,gs://miamioh-resa-data/CapstoneData/raw/sessions/ds_buildingunknown_2026-07-20/session_2026-07-21_16-48-30/,session_root,complete,Copied and file-level verified 2026-08-30 (see raw_copy_verification_new_sessions_2026-08-30.json).
session_2026-07-21_16-48-46,ds_buildingunknown_2026-07-20,imu,/mnt/d/Data/imu/session_2026-07-21_16-48-46,gs://miamioh-resa-data/CapstoneData/raw/sessions/ds_buildingunknown_2026-07-20/session_2026-07-21_16-48-46/,session_root,complete,Copied and file-level verified 2026-08-30 (see raw_copy_verification_new_sessions_2026-08-30.json).
session_2026-07-21_16-49-01,ds_buildingunknown_2026-07-20,imu,/mnt/d/Data/imu/session_2026-07-21_16-49-01,gs://miamioh-resa-data/CapstoneData/raw/sessions/ds_buildingunknown_2026-07-20/session_2026-07-21_16-49-01/,session_root,complete,Copied and file-level verified 2026-08-30 (see raw_copy_verification_new_sessions_2026-08-30.json).
session_2026-07-21_16-49-17,ds_buildingunknown_2026-07-20,imu,/mnt/d/Data/imu/session_2026-07-21_16-49-17,gs://miamioh-resa-data/CapstoneData/raw/sessions/ds_buildingunknown_2026-07-20/session_2026-07-21_16-49-17/,session_root,complete,Copied and file-level verified 2026-08-30 (see raw_copy_verification_new_sessions_2026-08-30.json).
session_2026-07-21_16-49-32,ds_buildingunknown_2026-07-20,imu,/mnt/d/Data/imu/session_2026-07-21_16-49-32,gs://miamioh-resa-data/CapstoneData/raw/sessions/ds_buildingunknown_2026-07-20/session_2026-07-21_16-49-32/,session_root,complete,Copied and file-level verified 2026-08-30 (see raw_copy_verification_new_sessions_2026-08-30.json).
session_2026-07-21_16-49-48,ds_buildingunknown_2026-07-20,imu,/mnt/d/Data/imu/session_2026-07-21_16-49-48,gs://miamioh-resa-data/CapstoneData/raw/sessions/ds_buildingunknown_2026-07-20/session_2026-07-21_16-49-48/,session_root,complete,Copied and file-level verified 2026-08-30 (see raw_copy_verification_new_sessions_2026-08-30.json).
session_2026-07-21_16-50-20,ds_buildingunknown_2026-07-20,imu,/mnt/d/Data/imu/session_2026-07-21_16-50-20,gs://miamioh-resa-data/CapstoneData/raw/sessions/ds_buildingunknown_2026-07-20/session_2026-07-21_16-50-20/,session_root,complete,Copied and file-level verified 2026-08-30 (see raw_copy_verification_new_sessions_2026-08-30.json).
session_2026-07-21_16-50-36,ds_buildingunknown_2026-07-20,imu,/mnt/d/Data/imu/session_2026-07-21_16-50-36,gs://miamioh-resa-data/CapstoneData/raw/sessions/ds_buildingunknown_2026-07-20/session_2026-07-21_16-50-36/,session_root,complete,Copied and file-level verified 2026-08-30 (see raw_copy_verification_new_sessions_2026-08-30.json).
session_2026-07-21_16-50-51,ds_buildingunknown_2026-07-20,imu,/mnt/d/Data/imu/session_2026-07-21_16-50-51,gs://miamioh-resa-data/CapstoneData/raw/sessions/ds_buildingunknown_2026-07-20/session_2026-07-21_16-50-51/,session_root,complete,Copied and file-level verified 2026-08-30 (see raw_copy_verification_new_sessions_2026-08-30.json).
session_2026-07-21_16-51-07,ds_buildingunknown_2026-07-20,imu,/mnt/d/Data/imu/session_2026-07-21_16-51-07,gs://miamioh-resa-data/CapstoneData/raw/sessions/ds_buildingunknown_2026-07-20/session_2026-07-21_16-51-07/,session_root,complete,Copied and file-level verified 2026-08-30 (see raw_copy_verification_new_sessions_2026-08-30.json).
session_2026-07-21_16-51-22,ds_buildingunknown_2026-07-20,imu,/mnt/d/Data/imu/session_2026-07-21_16-51-22,gs://miamioh-resa-data/CapstoneData/raw/sessions/ds_buildingunknown_2026-07-20/session_2026-07-21_16-51-22/,session_root,complete,Copied and file-level verified 2026-08-30 (see raw_copy_verification_new_sessions_2026-08-30.json).
session_2026-07-21_16-51-38,ds_buildingunknown_2026-07-20,imu,/mnt/d/Data/imu/session_2026-07-21_16-51-38,gs://miamioh-resa-data/CapstoneData/raw/sessions/ds_buildingunknown_2026-07-20/session_2026-07-21_16-51-38/,session_root,complete,Copied and file-level verified 2026-08-30 (see raw_copy_verification_new_sessions_2026-08-30.json).
session_2026-07-21_16-51-53,ds_buildingunknown_2026-07-20,imu,/mnt/d/Data/imu/session_2026-07-21_16-51-53,gs://miamioh-resa-data/CapstoneData/raw/sessions/ds_buildingunknown_2026-07-20/session_2026-07-21_16-51-53/,session_root,complete,Copied and file-level verified 2026-08-30 (see raw_copy_verification_new_sessions_2026-08-30.json).
session_2026-07-21_16-52-09,ds_buildingunknown_2026-07-20,imu,/mnt/d/Data/imu/session_2026-07-21_16-52-09,gs://miamioh-resa-data/CapstoneData/raw/sessions/ds_buildingunknown_2026-07-20/session_2026-07-21_16-52-09/,session_root,complete,Copied and file-level verified 2026-08-30 (see raw_copy_verification_new_sessions_2026-08-30.json).
session_2026-07-21_16-52-39,ds_buildingunknown_2026-07-20,imu,/mnt/d/Data/imu/session_2026-07-21_16-52-39,gs://miamioh-resa-data/CapstoneData/raw/sessions/ds_buildingunknown_2026-07-20/session_2026-07-21_16-52-39/,session_root,complete,Copied and file-level verified 2026-08-30 (see raw_copy_verification_new_sessions_2026-08-30.json).
session_2026-07-21_16-52-54,ds_buildingunknown_2026-07-20,imu,/mnt/d/Data/imu/session_2026-07-21_16-52-54,gs://miamioh-resa-data/CapstoneData/raw/sessions/ds_buildingunknown_2026-07-20/session_2026-07-21_16-52-54/,session_root,complete,Copied and file-level verified 2026-08-30 (see raw_copy_verification_new_sessions_2026-08-30.json).
session_2026-07-21_16-53-10,ds_buildingunknown_2026-07-20,imu,/mnt/d/Data/imu/session_2026-07-21_16-53-10,gs://miamioh-resa-data/CapstoneData/raw/sessions/ds_buildingunknown_2026-07-20/session_2026-07-21_16-53-10/,session_root,complete,Copied and file-level verified 2026-08-30 (see raw_copy_verification_new_sessions_2026-08-30.json).
session_2026-07-21_16-53-25,ds_buildingunknown_2026-07-20,imu,/mnt/d/Data/imu/session_2026-07-21_16-53-25,gs://miamioh-resa-data/CapstoneData/raw/sessions/ds_buildingunknown_2026-07-20/session_2026-07-21_16-53-25/,session_root,complete,Copied and file-level verified 2026-08-30 (see raw_copy_verification_new_sessions_2026-08-30.json).
session_2026-07-21_16-53-41,ds_buildingunknown_2026-07-20,imu,/mnt/d/Data/imu/session_2026-07-21_16-53-41,gs://miamioh-resa-data/CapstoneData/raw/sessions/ds_buildingunknown_2026-07-20/session_2026-07-21_16-53-41/,session_root,complete,Copied and file-level verified 2026-08-30 (see raw_copy_verification_new_sessions_2026-08-30.json).
session_2026-07-21_16-53-56,ds_buildingunknown_2026-07-20,imu,/mnt/d/Data/imu/session_2026-07-21_16-53-56,gs://miamioh-resa-data/CapstoneData/raw/sessions/ds_buildingunknown_2026-07-20/session_2026-07-21_16-53-56/,session_root,complete,Copied and file-level verified 2026-08-30 (see raw_copy_verification_new_sessions_2026-08-30.json).
session_2026-07-21_16-54-12,ds_buildingunknown_2026-07-20,imu,/mnt/d/Data/imu/session_2026-07-21_16-54-12,gs://miamioh-resa-data/CapstoneData/raw/sessions/ds_buildingunknown_2026-07-20/session_2026-07-21_16-54-12/,session_root,complete,Copied and file-level verified 2026-08-30 (see raw_copy_verification_new_sessions_2026-08-30.json).
session_2026-07-21_16-54-28,ds_buildingunknown_2026-07-20,imu,/mnt/d/Data/imu/session_2026-07-21_16-54-28,gs://miamioh-resa-data/CapstoneData/raw/sessions/ds_buildingunknown_2026-07-20/session_2026-07-21_16-54-28/,session_root,complete,Copied and file-level verified 2026-08-30 (see raw_copy_verification_new_sessions_2026-08-30.json).
session_2026-07-21_16-54-56,ds_buildingunknown_2026-07-20,imu,/mnt/d/Data/imu/session_2026-07-21_16-54-56,gs://miamioh-resa-data/CapstoneData/raw/sessions/ds_buildingunknown_2026-07-20/session_2026-07-21_16-54-56/,session_root,complete,Copied and file-level verified 2026-08-30 (see raw_copy_verification_new_sessions_2026-08-30.json).
session_2026-07-21_16-55-12,ds_buildingunknown_2026-07-20,imu,/mnt/d/Data/imu/session_2026-07-21_16-55-12,gs://miamioh-resa-data/CapstoneData/raw/sessions/ds_buildingunknown_2026-07-20/session_2026-07-21_16-55-12/,session_root,complete,Copied and file-level verified 2026-08-30 (see raw_copy_verification_new_sessions_2026-08-30.json).
session_2026-07-21_16-55-27,ds_buildingunknown_2026-07-20,imu,/mnt/d/Data/imu/session_2026-07-21_16-55-27,gs://miamioh-resa-data/CapstoneData/raw/sessions/ds_buildingunknown_2026-07-20/session_2026-07-21_16-55-27/,session_root,complete,Copied and file-level verified 2026-08-30 (see raw_copy_verification_new_sessions_2026-08-30.json).
session_2026-07-21_16-55-43,ds_buildingunknown_2026-07-20,imu,/mnt/d/Data/imu/session_2026-07-21_16-55-43,gs://miamioh-resa-data/CapstoneData/raw/sessions/ds_buildingunknown_2026-07-20/session_2026-07-21_16-55-43/,session_root,complete,Copied and file-level verified 2026-08-30 (see raw_copy_verification_new_sessions_2026-08-30.json).
session_2026-07-21_16-55-58,ds_buildingunknown_2026-07-20,imu,/mnt/d/Data/imu/session_2026-07-21_16-55-58,gs://miamioh-resa-data/CapstoneData/raw/sessions/ds_buildingunknown_2026-07-20/session_2026-07-21_16-55-58/,session_root,complete,Copied and file-level verified 2026-08-30 (see raw_copy_verification_new_sessions_2026-08-30.json).
session_2026-07-21_16-56-14,ds_buildingunknown_2026-07-20,imu,/mnt/d/Data/imu/session_2026-07-21_16-56-14,gs://miamioh-resa-data/CapstoneData/raw/sessions/ds_buildingunknown_2026-07-20/session_2026-07-21_16-56-14/,session_root,complete,Copied and file-level verified 2026-08-30 (see raw_copy_verification_new_sessions_2026-08-30.json).
session_2026-07-21_16-56-29,ds_buildingunknown_2026-07-20,imu,/mnt/d/Data/imu/session_2026-07-21_16-56-29,gs://miamioh-resa-data/CapstoneData/raw/sessions/ds_buildingunknown_2026-07-20/session_2026-07-21_16-56-29/,session_root,complete,Copied and file-level verified 2026-08-30 (see raw_copy_verification_new_sessions_2026-08-30.json).
session_2026-07-21_16-56-45,ds_buildingunknown_2026-07-20,imu,/mnt/d/Data/imu/session_2026-07-21_16-56-45,gs://miamioh-resa-data/CapstoneData/raw/sessions/ds_buildingunknown_2026-07-20/session_2026-07-21_16-56-45/,session_root,complete,Copied and file-level verified 2026-08-30 (see raw_copy_verification_new_sessions_2026-08-30.json).
session_2026-07-21_16-57-15,ds_buildingunknown_2026-07-20,imu,/mnt/d/Data/imu/session_2026-07-21_16-57-15,gs://miamioh-resa-data/CapstoneData/raw/sessions/ds_buildingunknown_2026-07-20/session_2026-07-21_16-57-15/,session_root,complete,Copied and file-level verified 2026-08-30 (see raw_copy_verification_new_sessions_2026-08-30.json).
session_2026-07-21_16-57-31,ds_buildingunknown_2026-07-20,imu,/mnt/d/Data/imu/session_2026-07-21_16-57-31,gs://miamioh-resa-data/CapstoneData/raw/sessions/ds_buildingunknown_2026-07-20/session_2026-07-21_16-57-31/,session_root,complete,Copied and file-level verified 2026-08-30 (see raw_copy_verification_new_sessions_2026-08-30.json).
session_2026-07-21_16-57-46,ds_buildingunknown_2026-07-20,imu,/mnt/d/Data/imu/session_2026-07-21_16-57-46,gs://miamioh-resa-data/CapstoneData/raw/sessions/ds_buildingunknown_2026-07-20/session_2026-07-21_16-57-46/,session_root,complete,Copied and file-level verified 2026-08-30 (see raw_copy_verification_new_sessions_2026-08-30.json).
session_2026-07-21_16-58-02,ds_buildingunknown_2026-07-20,imu,/mnt/d/Data/imu/session_2026-07-21_16-58-02,gs://miamioh-resa-data/CapstoneData/raw/sessions/ds_buildingunknown_2026-07-20/session_2026-07-21_16-58-02/,session_root,complete,Copied and file-level verified 2026-08-30 (see raw_copy_verification_new_sessions_2026-08-30.json).
session_2026-07-21_16-58-17,ds_buildingunknown_2026-07-20,imu,/mnt/d/Data/imu/session_2026-07-21_16-58-17,gs://miamioh-resa-data/CapstoneData/raw/sessions/ds_buildingunknown_2026-07-20/session_2026-07-21_16-58-17/,session_root,complete,Copied and file-level verified 2026-08-30 (see raw_copy_verification_new_sessions_2026-08-30.json).
session_2026-07-21_16-58-33,ds_buildingunknown_2026-07-20,imu,/mnt/d/Data/imu/session_2026-07-21_16-58-33,gs://miamioh-resa-data/CapstoneData/raw/sessions/ds_buildingunknown_2026-07-20/session_2026-07-21_16-58-33/,session_root,complete,Copied and file-level verified 2026-08-30 (see raw_copy_verification_new_sessions_2026-08-30.json).
session_2026-07-21_16-58-48,ds_buildingunknown_2026-07-20,imu,/mnt/d/Data/imu/session_2026-07-21_16-58-48,gs://miamioh-resa-data/CapstoneData/raw/sessions/ds_buildingunknown_2026-07-20/session_2026-07-21_16-58-48/,session_root,complete,Copied and file-level verified 2026-08-30 (see raw_copy_verification_new_sessions_2026-08-30.json).
session_2026-07-21_16-59-04,ds_buildingunknown_2026-07-20,imu,/mnt/d/Data/imu/session_2026-07-21_16-59-04,gs://miamioh-resa-data/CapstoneData/raw/sessions/ds_buildingunknown_2026-07-20/session_2026-07-21_16-59-04/,session_root,complete,Copied and file-level verified 2026-08-30 (see raw_copy_verification_new_sessions_2026-08-30.json).
session_2026-07-21_16-59-34,ds_buildingunknown_2026-07-20,imu,/mnt/d/Data/imu/session_2026-07-21_16-59-34,gs://miamioh-resa-data/CapstoneData/raw/sessions/ds_buildingunknown_2026-07-20/session_2026-07-21_16-59-34/,session_root,complete,Copied and file-level verified 2026-08-30 (see raw_copy_verification_new_sessions_2026-08-30.json).
session_2026-07-21_16-59-49,ds_buildingunknown_2026-07-20,imu,/mnt/d/Data/imu/session_2026-07-21_16-59-49,gs://miamioh-resa-data/CapstoneData/raw/sessions/ds_buildingunknown_2026-07-20/session_2026-07-21_16-59-49/,session_root,complete,Copied and file-level verified 2026-08-30 (see raw_copy_verification_new_sessions_2026-08-30.json).
session_2026-07-21_17-00-05,ds_buildingunknown_2026-07-20,imu,/mnt/d/Data/imu/session_2026-07-21_17-00-05,gs://miamioh-resa-data/CapstoneData/raw/sessions/ds_buildingunknown_2026-07-20/session_2026-07-21_17-00-05/,session_root,complete,Copied and file-level verified 2026-08-30 (see raw_copy_verification_new_sessions_2026-08-30.json).
session_2026-07-21_17-00-20,ds_buildingunknown_2026-07-20,imu,/mnt/d/Data/imu/session_2026-07-21_17-00-20,gs://miamioh-resa-data/CapstoneData/raw/sessions/ds_buildingunknown_2026-07-20/session_2026-07-21_17-00-20/,session_root,complete,Copied and file-level verified 2026-08-30 (see raw_copy_verification_new_sessions_2026-08-30.json).
session_2026-07-21_17-00-36,ds_buildingunknown_2026-07-20,imu,/mnt/d/Data/imu/session_2026-07-21_17-00-36,gs://miamioh-resa-data/CapstoneData/raw/sessions/ds_buildingunknown_2026-07-20/session_2026-07-21_17-00-36/,session_root,complete,Copied and file-level verified 2026-08-30 (see raw_copy_verification_new_sessions_2026-08-30.json).
session_2026-07-21_17-00-51,ds_buildingunknown_2026-07-20,imu,/mnt/d/Data/imu/session_2026-07-21_17-00-51,gs://miamioh-resa-data/CapstoneData/raw/sessions/ds_buildingunknown_2026-07-20/session_2026-07-21_17-00-51/,session_root,complete,Copied and file-level verified 2026-08-30 (see raw_copy_verification_new_sessions_2026-08-30.json).
session_2026-07-21_17-01-07,ds_buildingunknown_2026-07-20,imu,/mnt/d/Data/imu/session_2026-07-21_17-01-07,gs://miamioh-resa-data/CapstoneData/raw/sessions/ds_buildingunknown_2026-07-20/session_2026-07-21_17-01-07/,session_root,complete,Copied and file-level verified 2026-08-30 (see raw_copy_verification_new_sessions_2026-08-30.json).
session_2026-07-21_17-01-22,ds_buildingunknown_2026-07-20,imu,/mnt/d/Data/imu/session_2026-07-21_17-01-22,gs://miamioh-resa-data/CapstoneData/raw/sessions/ds_buildingunknown_2026-07-20/session_2026-07-21_17-01-22/,session_root,complete,Copied and file-level verified 2026-08-30 (see raw_copy_verification_new_sessions_2026-08-30.json).
session_2026-07-21_17-01-52,ds_buildingunknown_2026-07-20,imu,/mnt/d/Data/imu/session_2026-07-21_17-01-52,gs://miamioh-resa-data/CapstoneData/raw/sessions/ds_buildingunknown_2026-07-20/session_2026-07-21_17-01-52/,session_root,complete,Copied and file-level verified 2026-08-30 (see raw_copy_verification_new_sessions_2026-08-30.json).
session_2026-07-21_17-02-08,ds_buildingunknown_2026-07-20,imu,/mnt/d/Data/imu/session_2026-07-21_17-02-08,gs://miamioh-resa-data/CapstoneData/raw/sessions/ds_buildingunknown_2026-07-20/session_2026-07-21_17-02-08/,session_root,complete,Copied and file-level verified 2026-08-30 (see raw_copy_verification_new_sessions_2026-08-30.json).
session_2026-07-21_17-02-23,ds_buildingunknown_2026-07-20,imu,/mnt/d/Data/imu/session_2026-07-21_17-02-23,gs://miamioh-resa-data/CapstoneData/raw/sessions/ds_buildingunknown_2026-07-20/session_2026-07-21_17-02-23/,session_root,complete,Copied and file-level verified 2026-08-30 (see raw_copy_verification_new_sessions_2026-08-30.json).
session_2026-07-21_17-02-39,ds_buildingunknown_2026-07-20,imu,/mnt/d/Data/imu/session_2026-07-21_17-02-39,gs://miamioh-resa-data/CapstoneData/raw/sessions/ds_buildingunknown_2026-07-20/session_2026-07-21_17-02-39/,session_root,complete,Copied and file-level verified 2026-08-30 (see raw_copy_verification_new_sessions_2026-08-30.json).
session_2026-07-21_17-02-54,ds_buildingunknown_2026-07-20,imu,/mnt/d/Data/imu/session_2026-07-21_17-02-54,gs://miamioh-resa-data/CapstoneData/raw/sessions/ds_buildingunknown_2026-07-20/session_2026-07-21_17-02-54/,session_root,complete,Copied and file-level verified 2026-08-30 (see raw_copy_verification_new_sessions_2026-08-30.json).
session_2026-07-21_17-03-10,ds_buildingunknown_2026-07-20,imu,/mnt/d/Data/imu/session_2026-07-21_17-03-10,gs://miamioh-resa-data/CapstoneData/raw/sessions/ds_buildingunknown_2026-07-20/session_2026-07-21_17-03-10/,session_root,complete,Copied and file-level verified 2026-08-30 (see raw_copy_verification_new_sessions_2026-08-30.json).
session_2026-07-21_17-03-25,ds_buildingunknown_2026-07-20,imu,/mnt/d/Data/imu/session_2026-07-21_17-03-25,gs://miamioh-resa-data/CapstoneData/raw/sessions/ds_buildingunknown_2026-07-20/session_2026-07-21_17-03-25/,session_root,complete,Copied and file-level verified 2026-08-30 (see raw_copy_verification_new_sessions_2026-08-30.json).
session_2026-07-21_17-03-41,ds_buildingunknown_2026-07-20,imu,/mnt/d/Data/imu/session_2026-07-21_17-03-41,gs://miamioh-resa-data/CapstoneData/raw/sessions/ds_buildingunknown_2026-07-20/session_2026-07-21_17-03-41/,session_root,complete,Copied and file-level verified 2026-08-30 (see raw_copy_verification_new_sessions_2026-08-30.json).
session_2026-07-21_17-04-15,ds_buildingunknown_2026-07-20,imu,/mnt/d/Data/imu/session_2026-07-21_17-04-15,gs://miamioh-resa-data/CapstoneData/raw/sessions/ds_buildingunknown_2026-07-20/session_2026-07-21_17-04-15/,session_root,complete,Copied and file-level verified 2026-08-30 (see raw_copy_verification_new_sessions_2026-08-30.json).
session_2026-07-21_17-04-31,ds_buildingunknown_2026-07-20,imu,/mnt/d/Data/imu/session_2026-07-21_17-04-31,gs://miamioh-resa-data/CapstoneData/raw/sessions/ds_buildingunknown_2026-07-20/session_2026-07-21_17-04-31/,session_root,complete,Copied and file-level verified 2026-08-30 (see raw_copy_verification_new_sessions_2026-08-30.json).
session_2026-07-21_17-04-46,ds_buildingunknown_2026-07-20,imu,/mnt/d/Data/imu/session_2026-07-21_17-04-46,gs://miamioh-resa-data/CapstoneData/raw/sessions/ds_buildingunknown_2026-07-20/session_2026-07-21_17-04-46/,session_root,complete,Copied and file-level verified 2026-08-30 (see raw_copy_verification_new_sessions_2026-08-30.json).
session_2026-07-21_17-05-02,ds_buildingunknown_2026-07-20,imu,/mnt/d/Data/imu/session_2026-07-21_17-05-02,gs://miamioh-resa-data/CapstoneData/raw/sessions/ds_buildingunknown_2026-07-20/session_2026-07-21_17-05-02/,session_root,complete,Copied and file-level verified 2026-08-30 (see raw_copy_verification_new_sessions_2026-08-30.json).
session_2026-07-21_17-05-17,ds_buildingunknown_2026-07-20,imu,/mnt/d/Data/imu/session_2026-07-21_17-05-17,gs://miamioh-resa-data/CapstoneData/raw/sessions/ds_buildingunknown_2026-07-20/session_2026-07-21_17-05-17/,session_root,complete,Copied and file-level verified 2026-08-30 (see raw_copy_verification_new_sessions_2026-08-30.json).
session_2026-07-21_17-05-33,ds_buildingunknown_2026-07-20,imu,/mnt/d/Data/imu/session_2026-07-21_17-05-33,gs://miamioh-resa-data/CapstoneData/raw/sessions/ds_buildingunknown_2026-07-20/session_2026-07-21_17-05-33/,session_root,complete,Copied and file-level verified 2026-08-30 (see raw_copy_verification_new_sessions_2026-08-30.json).
session_2026-07-21_17-05-48,ds_buildingunknown_2026-07-20,imu,/mnt/d/Data/imu/session_2026-07-21_17-05-48,gs://miamioh-resa-data/CapstoneData/raw/sessions/ds_buildingunknown_2026-07-20/session_2026-07-21_17-05-48/,session_root,complete,Copied and file-level verified 2026-08-30 (see raw_copy_verification_new_sessions_2026-08-30.json).
session_2026-07-21_17-06-04,ds_buildingunknown_2026-07-20,imu,/mnt/d/Data/imu/session_2026-07-21_17-06-04,gs://miamioh-resa-data/CapstoneData/raw/sessions/ds_buildingunknown_2026-07-20/session_2026-07-21_17-06-04/,session_root,complete,Copied and file-level verified 2026-08-30 (see raw_copy_verification_new_sessions_2026-08-30.json).
session_2026-07-21_17-06-55,ds_buildingunknown_2026-07-20,imu,/mnt/d/Data/imu/session_2026-07-21_17-06-55,gs://miamioh-resa-data/CapstoneData/raw/sessions/ds_buildingunknown_2026-07-20/session_2026-07-21_17-06-55/,session_root,complete,Copied and file-level verified 2026-08-30 (see raw_copy_verification_new_sessions_2026-08-30.json).
session_2026-07-21_17-07-10,ds_buildingunknown_2026-07-20,imu,/mnt/d/Data/imu/session_2026-07-21_17-07-10,gs://miamioh-resa-data/CapstoneData/raw/sessions/ds_buildingunknown_2026-07-20/session_2026-07-21_17-07-10/,session_root,complete,Copied and file-level verified 2026-08-30 (see raw_copy_verification_new_sessions_2026-08-30.json).
session_2026-07-21_17-07-26,ds_buildingunknown_2026-07-20,imu,/mnt/d/Data/imu/session_2026-07-21_17-07-26,gs://miamioh-resa-data/CapstoneData/raw/sessions/ds_buildingunknown_2026-07-20/session_2026-07-21_17-07-26/,session_root,complete,Copied and file-level verified 2026-08-30 (see raw_copy_verification_new_sessions_2026-08-30.json).
session_2026-07-21_17-07-41,ds_buildingunknown_2026-07-20,imu,/mnt/d/Data/imu/session_2026-07-21_17-07-41,gs://miamioh-resa-data/CapstoneData/raw/sessions/ds_buildingunknown_2026-07-20/session_2026-07-21_17-07-41/,session_root,complete,Copied and file-level verified 2026-08-30 (see raw_copy_verification_new_sessions_2026-08-30.json).
session_2026-07-21_17-07-58,ds_buildingunknown_2026-07-20,imu,/mnt/d/Data/imu/session_2026-07-21_17-07-58,gs://miamioh-resa-data/CapstoneData/raw/sessions/ds_buildingunknown_2026-07-20/session_2026-07-21_17-07-58/,session_root,complete,Copied and file-level verified 2026-08-30 (see raw_copy_verification_new_sessions_2026-08-30.json).
session_2026-07-21_17-08-13,ds_buildingunknown_2026-07-20,imu,/mnt/d/Data/imu/session_2026-07-21_17-08-13,gs://miamioh-resa-data/CapstoneData/raw/sessions/ds_buildingunknown_2026-07-20/session_2026-07-21_17-08-13/,session_root,complete,Copied and file-level verified 2026-08-30 (see raw_copy_verification_new_sessions_2026-08-30.json).
session_2026-07-21_17-08-29,ds_buildingunknown_2026-07-20,imu,/mnt/d/Data/imu/session_2026-07-21_17-08-29,gs://miamioh-resa-data/CapstoneData/raw/sessions/ds_buildingunknown_2026-07-20/session_2026-07-21_17-08-29/,session_root,complete,Copied and file-level verified 2026-08-30 (see raw_copy_verification_new_sessions_2026-08-30.json).
session_2026-07-21_17-08-44,ds_buildingunknown_2026-07-20,imu,/mnt/d/Data/imu/session_2026-07-21_17-08-44,gs://miamioh-resa-data/CapstoneData/raw/sessions/ds_buildingunknown_2026-07-20/session_2026-07-21_17-08-44/,session_root,complete,Copied and file-level verified 2026-08-30 (see raw_copy_verification_new_sessions_2026-08-30.json).
session_2026-07-21_17-09-14,ds_buildingunknown_2026-07-20,imu,/mnt/d/Data/imu/session_2026-07-21_17-09-14,gs://miamioh-resa-data/CapstoneData/raw/sessions/ds_buildingunknown_2026-07-20/session_2026-07-21_17-09-14/,session_root,complete,Copied and file-level verified 2026-08-30 (see raw_copy_verification_new_sessions_2026-08-30.json).
session_2026-07-21_17-09-29,ds_buildingunknown_2026-07-20,imu,/mnt/d/Data/imu/session_2026-07-21_17-09-29,gs://miamioh-resa-data/CapstoneData/raw/sessions/ds_buildingunknown_2026-07-20/session_2026-07-21_17-09-29/,session_root,complete,Copied and file-level verified 2026-08-30 (see raw_copy_verification_new_sessions_2026-08-30.json).
session_2026-07-21_17-09-45,ds_buildingunknown_2026-07-20,imu,/mnt/d/Data/imu/session_2026-07-21_17-09-45,gs://miamioh-resa-data/CapstoneData/raw/sessions/ds_buildingunknown_2026-07-20/session_2026-07-21_17-09-45/,session_root,complete,Copied and file-level verified 2026-08-30 (see raw_copy_verification_new_sessions_2026-08-30.json).
session_2026-07-21_17-10-00,ds_buildingunknown_2026-07-20,imu,/mnt/d/Data/imu/session_2026-07-21_17-10-00,gs://miamioh-resa-data/CapstoneData/raw/sessions/ds_buildingunknown_2026-07-20/session_2026-07-21_17-10-00/,session_root,complete,Copied and file-level verified 2026-08-30 (see raw_copy_verification_new_sessions_2026-08-30.json).
session_2026-07-21_17-10-16,ds_buildingunknown_2026-07-20,imu,/mnt/d/Data/imu/session_2026-07-21_17-10-16,gs://miamioh-resa-data/CapstoneData/raw/sessions/ds_buildingunknown_2026-07-20/session_2026-07-21_17-10-16/,session_root,complete,Copied and file-level verified 2026-08-30 (see raw_copy_verification_new_sessions_2026-08-30.json).
session_2026-07-21_17-10-31,ds_buildingunknown_2026-07-20,imu,/mnt/d/Data/imu/session_2026-07-21_17-10-31,gs://miamioh-resa-data/CapstoneData/raw/sessions/ds_buildingunknown_2026-07-20/session_2026-07-21_17-10-31/,session_root,complete,Copied and file-level verified 2026-08-30 (see raw_copy_verification_new_sessions_2026-08-30.json).
session_2026-07-21_17-10-47,ds_buildingunknown_2026-07-20,imu,/mnt/d/Data/imu/session_2026-07-21_17-10-47,gs://miamioh-resa-data/CapstoneData/raw/sessions/ds_buildingunknown_2026-07-20/session_2026-07-21_17-10-47/,session_root,complete,Copied and file-level verified 2026-08-30 (see raw_copy_verification_new_sessions_2026-08-30.json).
session_2026-07-21_17-11-02,ds_buildingunknown_2026-07-20,imu,/mnt/d/Data/imu/session_2026-07-21_17-11-02,gs://miamioh-resa-data/CapstoneData/raw/sessions/ds_buildingunknown_2026-07-20/session_2026-07-21_17-11-02/,session_root,complete,Copied and file-level verified 2026-08-30 (see raw_copy_verification_new_sessions_2026-08-30.json).
session_2026-07-21_17-11-49,ds_buildingunknown_2026-07-20,imu,/mnt/d/Data/imu/session_2026-07-21_17-11-49,gs://miamioh-resa-data/CapstoneData/raw/sessions/ds_buildingunknown_2026-07-20/session_2026-07-21_17-11-49/,session_root,complete,Copied and file-level verified 2026-08-30 (see raw_copy_verification_new_sessions_2026-08-30.json).
session_2026-07-21_17-12-05,ds_buildingunknown_2026-07-20,imu,/mnt/d/Data/imu/session_2026-07-21_17-12-05,gs://miamioh-resa-data/CapstoneData/raw/sessions/ds_buildingunknown_2026-07-20/session_2026-07-21_17-12-05/,session_root,complete,Copied and file-level verified 2026-08-30 (see raw_copy_verification_new_sessions_2026-08-30.json).
session_2026-07-21_17-12-20,ds_buildingunknown_2026-07-20,imu,/mnt/d/Data/imu/session_2026-07-21_17-12-20,gs://miamioh-resa-data/CapstoneData/raw/sessions/ds_buildingunknown_2026-07-20/session_2026-07-21_17-12-20/,session_root,complete,Copied and file-level verified 2026-08-30 (see raw_copy_verification_new_sessions_2026-08-30.json).
session_2026-07-21_17-12-36,ds_buildingunknown_2026-07-20,imu,/mnt/d/Data/imu/session_2026-07-21_17-12-36,gs://miamioh-resa-data/CapstoneData/raw/sessions/ds_buildingunknown_2026-07-20/session_2026-07-21_17-12-36/,session_root,complete,Copied and file-level verified 2026-08-30 (see raw_copy_verification_new_sessions_2026-08-30.json).
session_2026-07-21_17-12-51,ds_buildingunknown_2026-07-20,imu,/mnt/d/Data/imu/session_2026-07-21_17-12-51,gs://miamioh-resa-data/CapstoneData/raw/sessions/ds_buildingunknown_2026-07-20/session_2026-07-21_17-12-51/,session_root,complete,Copied and file-level verified 2026-08-30 (see raw_copy_verification_new_sessions_2026-08-30.json).
session_2026-07-21_17-13-07,ds_buildingunknown_2026-07-20,imu,/mnt/d/Data/imu/session_2026-07-21_17-13-07,gs://miamioh-resa-data/CapstoneData/raw/sessions/ds_buildingunknown_2026-07-20/session_2026-07-21_17-13-07/,session_root,complete,Copied and file-level verified 2026-08-30 (see raw_copy_verification_new_sessions_2026-08-30.json).
session_2026-07-21_17-13-22,ds_buildingunknown_2026-07-20,imu,/mnt/d/Data/imu/session_2026-07-21_17-13-22,gs://miamioh-resa-data/CapstoneData/raw/sessions/ds_buildingunknown_2026-07-20/session_2026-07-21_17-13-22/,session_root,complete,Copied and file-level verified 2026-08-30 (see raw_copy_verification_new_sessions_2026-08-30.json).
session_2026-07-21_17-13-38,ds_buildingunknown_2026-07-20,imu,/mnt/d/Data/imu/session_2026-07-21_17-13-38,gs://miamioh-resa-data/CapstoneData/raw/sessions/ds_buildingunknown_2026-07-20/session_2026-07-21_17-13-38/,session_root,complete,Copied and file-level verified 2026-08-30 (see raw_copy_verification_new_sessions_2026-08-30.json).
session_2026-07-21_17-14-08,ds_buildingunknown_2026-07-20,imu,/mnt/d/Data/imu/session_2026-07-21_17-14-08,gs://miamioh-resa-data/CapstoneData/raw/sessions/ds_buildingunknown_2026-07-20/session_2026-07-21_17-14-08/,session_root,complete,Copied and file-level verified 2026-08-30 (see raw_copy_verification_new_sessions_2026-08-30.json).
session_2026-07-21_17-14-24,ds_buildingunknown_2026-07-20,imu,/mnt/d/Data/imu/session_2026-07-21_17-14-24,gs://miamioh-resa-data/CapstoneData/raw/sessions/ds_buildingunknown_2026-07-20/session_2026-07-21_17-14-24/,session_root,complete,Copied and file-level verified 2026-08-30 (see raw_copy_verification_new_sessions_2026-08-30.json).
session_2026-07-21_17-14-39,ds_buildingunknown_2026-07-20,imu,/mnt/d/Data/imu/session_2026-07-21_17-14-39,gs://miamioh-resa-data/CapstoneData/raw/sessions/ds_buildingunknown_2026-07-20/session_2026-07-21_17-14-39/,session_root,complete,Copied and file-level verified 2026-08-30 (see raw_copy_verification_new_sessions_2026-08-30.json).
session_2026-07-21_17-14-55,ds_buildingunknown_2026-07-20,imu,/mnt/d/Data/imu/session_2026-07-21_17-14-55,gs://miamioh-resa-data/CapstoneData/raw/sessions/ds_buildingunknown_2026-07-20/session_2026-07-21_17-14-55/,session_root,complete,Copied and file-level verified 2026-08-30 (see raw_copy_verification_new_sessions_2026-08-30.json).
session_2026-07-21_17-15-10,ds_buildingunknown_2026-07-20,imu,/mnt/d/Data/imu/session_2026-07-21_17-15-10,gs://miamioh-resa-data/CapstoneData/raw/sessions/ds_buildingunknown_2026-07-20/session_2026-07-21_17-15-10/,session_root,complete,Copied and file-level verified 2026-08-30 (see raw_copy_verification_new_sessions_2026-08-30.json).
session_2026-07-21_17-15-26,ds_buildingunknown_2026-07-20,imu,/mnt/d/Data/imu/session_2026-07-21_17-15-26,gs://miamioh-resa-data/CapstoneData/raw/sessions/ds_buildingunknown_2026-07-20/session_2026-07-21_17-15-26/,session_root,complete,Copied and file-level verified 2026-08-30 (see raw_copy_verification_new_sessions_2026-08-30.json).
session_2026-07-21_17-15-41,ds_buildingunknown_2026-07-20,imu,/mnt/d/Data/imu/session_2026-07-21_17-15-41,gs://miamioh-resa-data/CapstoneData/raw/sessions/ds_buildingunknown_2026-07-20/session_2026-07-21_17-15-41/,session_root,complete,Copied and file-level verified 2026-08-30 (see raw_copy_verification_new_sessions_2026-08-30.json).
session_2026-07-21_17-15-57,ds_buildingunknown_2026-07-20,imu,/mnt/d/Data/imu/session_2026-07-21_17-15-57,gs://miamioh-resa-data/CapstoneData/raw/sessions/ds_buildingunknown_2026-07-20/session_2026-07-21_17-15-57/,session_root,complete,Copied and file-level verified 2026-08-30 (see raw_copy_verification_new_sessions_2026-08-30.json).
session_2026-07-21_17-16-26,ds_buildingunknown_2026-07-20,imu,/mnt/d/Data/imu/session_2026-07-21_17-16-26,gs://miamioh-resa-data/CapstoneData/raw/sessions/ds_buildingunknown_2026-07-20/session_2026-07-21_17-16-26/,session_root,complete,Copied and file-level verified 2026-08-30 (see raw_copy_verification_new_sessions_2026-08-30.json).
session_2026-07-21_17-16-42,ds_buildingunknown_2026-07-20,imu,/mnt/d/Data/imu/session_2026-07-21_17-16-42,gs://miamioh-resa-data/CapstoneData/raw/sessions/ds_buildingunknown_2026-07-20/session_2026-07-21_17-16-42/,session_root,complete,Copied and file-level verified 2026-08-30 (see raw_copy_verification_new_sessions_2026-08-30.json).
session_2026-07-21_17-16-57,ds_buildingunknown_2026-07-20,imu,/mnt/d/Data/imu/session_2026-07-21_17-16-57,gs://miamioh-resa-data/CapstoneData/raw/sessions/ds_buildingunknown_2026-07-20/session_2026-07-21_17-16-57/,session_root,complete,Copied and file-level verified 2026-08-30 (see raw_copy_verification_new_sessions_2026-08-30.json).
session_2026-07-21_17-17-13,ds_buildingunknown_2026-07-20,imu,/mnt/d/Data/imu/session_2026-07-21_17-17-13,gs://miamioh-resa-data/CapstoneData/raw/sessions/ds_buildingunknown_2026-07-20/session_2026-07-21_17-17-13/,session_root,complete,Copied and file-level verified 2026-08-30 (see raw_copy_verification_new_sessions_2026-08-30.json).
session_2026-07-21_17-17-28,ds_buildingunknown_2026-07-20,imu,/mnt/d/Data/imu/session_2026-07-21_17-17-28,gs://miamioh-resa-data/CapstoneData/raw/sessions/ds_buildingunknown_2026-07-20/session_2026-07-21_17-17-28/,session_root,complete,Copied and file-level verified 2026-08-30 (see raw_copy_verification_new_sessions_2026-08-30.json).
session_2026-07-21_17-17-44,ds_buildingunknown_2026-07-20,imu,/mnt/d/Data/imu/session_2026-07-21_17-17-44,gs://miamioh-resa-data/CapstoneData/raw/sessions/ds_buildingunknown_2026-07-20/session_2026-07-21_17-17-44/,session_root,complete,Copied and file-level verified 2026-08-30 (see raw_copy_verification_new_sessions_2026-08-30.json).
session_2026-07-21_17-17-59,ds_buildingunknown_2026-07-20,imu,/mnt/d/Data/imu/session_2026-07-21_17-17-59,gs://miamioh-resa-data/CapstoneData/raw/sessions/ds_buildingunknown_2026-07-20/session_2026-07-21_17-17-59/,session_root,complete,Copied and file-level verified 2026-08-30 (see raw_copy_verification_new_sessions_2026-08-30.json).
session_2026-07-21_17-18-15,ds_buildingunknown_2026-07-20,imu,/mnt/d/Data/imu/session_2026-07-21_17-18-15,gs://miamioh-resa-data/CapstoneData/raw/sessions/ds_buildingunknown_2026-07-20/session_2026-07-21_17-18-15/,session_root,complete,Copied and file-level verified 2026-08-30 (see raw_copy_verification_new_sessions_2026-08-30.json).
session_2026-07-21_17-18-46,ds_buildingunknown_2026-07-20,imu,/mnt/d/Data/imu/session_2026-07-21_17-18-46,gs://miamioh-resa-data/CapstoneData/raw/sessions/ds_buildingunknown_2026-07-20/session_2026-07-21_17-18-46/,session_root,complete,Copied and file-level verified 2026-08-30 (see raw_copy_verification_new_sessions_2026-08-30.json).
session_2026-07-21_17-19-01,ds_buildingunknown_2026-07-20,imu,/mnt/d/Data/imu/session_2026-07-21_17-19-01,gs://miamioh-resa-data/CapstoneData/raw/sessions/ds_buildingunknown_2026-07-20/session_2026-07-21_17-19-01/,session_root,complete,Copied and file-level verified 2026-08-30 (see raw_copy_verification_new_sessions_2026-08-30.json).
session_2026-07-21_17-19-17,ds_buildingunknown_2026-07-20,imu,/mnt/d/Data/imu/session_2026-07-21_17-19-17,gs://miamioh-resa-data/CapstoneData/raw/sessions/ds_buildingunknown_2026-07-20/session_2026-07-21_17-19-17/,session_root,complete,Copied and file-level verified 2026-08-30 (see raw_copy_verification_new_sessions_2026-08-30.json).
session_2026-07-21_17-19-32,ds_buildingunknown_2026-07-20,imu,/mnt/d/Data/imu/session_2026-07-21_17-19-32,gs://miamioh-resa-data/CapstoneData/raw/sessions/ds_buildingunknown_2026-07-20/session_2026-07-21_17-19-32/,session_root,complete,Copied and file-level verified 2026-08-30 (see raw_copy_verification_new_sessions_2026-08-30.json).
session_2026-07-21_17-19-48,ds_buildingunknown_2026-07-20,imu,/mnt/d/Data/imu/session_2026-07-21_17-19-48,gs://miamioh-resa-data/CapstoneData/raw/sessions/ds_buildingunknown_2026-07-20/session_2026-07-21_17-19-48/,session_root,complete,Copied and file-level verified 2026-08-30 (see raw_copy_verification_new_sessions_2026-08-30.json).
session_2026-07-21_17-20-03,ds_buildingunknown_2026-07-20,imu,/mnt/d/Data/imu/session_2026-07-21_17-20-03,gs://miamioh-resa-data/CapstoneData/raw/sessions/ds_buildingunknown_2026-07-20/session_2026-07-21_17-20-03/,session_root,complete,Copied and file-level verified 2026-08-30 (see raw_copy_verification_new_sessions_2026-08-30.json).
session_2026-07-21_17-20-19,ds_buildingunknown_2026-07-20,imu,/mnt/d/Data/imu/session_2026-07-21_17-20-19,gs://miamioh-resa-data/CapstoneData/raw/sessions/ds_buildingunknown_2026-07-20/session_2026-07-21_17-20-19/,session_root,complete,Copied and file-level verified 2026-08-30 (see raw_copy_verification_new_sessions_2026-08-30.json).
session_2026-07-21_17-20-34,ds_buildingunknown_2026-07-20,imu,/mnt/d/Data/imu/session_2026-07-21_17-20-34,gs://miamioh-resa-data/CapstoneData/raw/sessions/ds_buildingunknown_2026-07-20/session_2026-07-21_17-20-34/,session_root,complete,Copied and file-level verified 2026-08-30 (see raw_copy_verification_new_sessions_2026-08-30.json).
session_2026-07-21_17-21-03,ds_buildingunknown_2026-07-20,imu,/mnt/d/Data/imu/session_2026-07-21_17-21-03,gs://miamioh-resa-data/CapstoneData/raw/sessions/ds_buildingunknown_2026-07-20/session_2026-07-21_17-21-03/,session_root,complete,Copied and file-level verified 2026-08-30 (see raw_copy_verification_new_sessions_2026-08-30.json).
session_2026-07-21_17-21-19,ds_buildingunknown_2026-07-20,imu,/mnt/d/Data/imu/session_2026-07-21_17-21-19,gs://miamioh-resa-data/CapstoneData/raw/sessions/ds_buildingunknown_2026-07-20/session_2026-07-21_17-21-19/,session_root,complete,Copied and file-level verified 2026-08-30 (see raw_copy_verification_new_sessions_2026-08-30.json).
session_2026-07-21_17-21-34,ds_buildingunknown_2026-07-20,imu,/mnt/d/Data/imu/session_2026-07-21_17-21-34,gs://miamioh-resa-data/CapstoneData/raw/sessions/ds_buildingunknown_2026-07-20/session_2026-07-21_17-21-34/,session_root,complete,Copied and file-level verified 2026-08-30 (see raw_copy_verification_new_sessions_2026-08-30.json).
session_2026-07-21_17-21-50,ds_buildingunknown_2026-07-20,imu,/mnt/d/Data/imu/session_2026-07-21_17-21-50,gs://miamioh-resa-data/CapstoneData/raw/sessions/ds_buildingunknown_2026-07-20/session_2026-07-21_17-21-50/,session_root,complete,Copied and file-level verified 2026-08-30 (see raw_copy_verification_new_sessions_2026-08-30.json).
session_2026-07-21_17-22-05,ds_buildingunknown_2026-07-20,imu,/mnt/d/Data/imu/session_2026-07-21_17-22-05,gs://miamioh-resa-data/CapstoneData/raw/sessions/ds_buildingunknown_2026-07-20/session_2026-07-21_17-22-05/,session_root,complete,Copied and file-level verified 2026-08-30 (see raw_copy_verification_new_sessions_2026-08-30.json).
session_2026-07-21_17-22-21,ds_buildingunknown_2026-07-20,imu,/mnt/d/Data/imu/session_2026-07-21_17-22-21,gs://miamioh-resa-data/CapstoneData/raw/sessions/ds_buildingunknown_2026-07-20/session_2026-07-21_17-22-21/,session_root,complete,Copied and file-level verified 2026-08-30 (see raw_copy_verification_new_sessions_2026-08-30.json).
session_2026-07-21_17-22-36,ds_buildingunknown_2026-07-20,imu,/mnt/d/Data/imu/session_2026-07-21_17-22-36,gs://miamioh-resa-data/CapstoneData/raw/sessions/ds_buildingunknown_2026-07-20/session_2026-07-21_17-22-36/,session_root,complete,Copied and file-level verified 2026-08-30 (see raw_copy_verification_new_sessions_2026-08-30.json).
session_2026-07-21_17-22-52,ds_buildingunknown_2026-07-20,imu,/mnt/d/Data/imu/session_2026-07-21_17-22-52,gs://miamioh-resa-data/CapstoneData/raw/sessions/ds_buildingunknown_2026-07-20/session_2026-07-21_17-22-52/,session_root,complete,Copied and file-level verified 2026-08-30 (see raw_copy_verification_new_sessions_2026-08-30.json).
session_2026-07-21_17-24-04,ds_buildingunknown_2026-07-20,imu,/mnt/d/Data/imu/session_2026-07-21_17-24-04,gs://miamioh-resa-data/CapstoneData/raw/sessions/ds_buildingunknown_2026-07-20/session_2026-07-21_17-24-04/,session_root,complete,Copied and file-level verified 2026-08-30 (see raw_copy_verification_new_sessions_2026-08-30.json).
session_2026-07-21_17-24-19,ds_buildingunknown_2026-07-20,imu,/mnt/d/Data/imu/session_2026-07-21_17-24-19,gs://miamioh-resa-data/CapstoneData/raw/sessions/ds_buildingunknown_2026-07-20/session_2026-07-21_17-24-19/,session_root,complete,Copied and file-level verified 2026-08-30 (see raw_copy_verification_new_sessions_2026-08-30.json).
session_2026-07-21_17-24-35,ds_buildingunknown_2026-07-20,imu,/mnt/d/Data/imu/session_2026-07-21_17-24-35,gs://miamioh-resa-data/CapstoneData/raw/sessions/ds_buildingunknown_2026-07-20/session_2026-07-21_17-24-35/,session_root,complete,Copied and file-level verified 2026-08-30 (see raw_copy_verification_new_sessions_2026-08-30.json).
session_2026-07-21_17-24-50,ds_buildingunknown_2026-07-20,imu,/mnt/d/Data/imu/session_2026-07-21_17-24-50,gs://miamioh-resa-data/CapstoneData/raw/sessions/ds_buildingunknown_2026-07-20/session_2026-07-21_17-24-50/,session_root,complete,Copied and file-level verified 2026-08-30 (see raw_copy_verification_new_sessions_2026-08-30.json).
session_2026-07-21_17-25-06,ds_buildingunknown_2026-07-20,imu,/mnt/d/Data/imu/session_2026-07-21_17-25-06,gs://miamioh-resa-data/CapstoneData/raw/sessions/ds_buildingunknown_2026-07-20/session_2026-07-21_17-25-06/,session_root,complete,Copied and file-level verified 2026-08-30 (see raw_copy_verification_new_sessions_2026-08-30.json).
session_2026-07-21_17-25-21,ds_buildingunknown_2026-07-20,imu,/mnt/d/Data/imu/session_2026-07-21_17-25-21,gs://miamioh-resa-data/CapstoneData/raw/sessions/ds_buildingunknown_2026-07-20/session_2026-07-21_17-25-21/,session_root,complete,Copied and file-level verified 2026-08-30 (see raw_copy_verification_new_sessions_2026-08-30.json).
session_2026-07-21_17-25-37,ds_buildingunknown_2026-07-20,imu,/mnt/d/Data/imu/session_2026-07-21_17-25-37,gs://miamioh-resa-data/CapstoneData/raw/sessions/ds_buildingunknown_2026-07-20/session_2026-07-21_17-25-37/,session_root,complete,Copied and file-level verified 2026-08-30 (see raw_copy_verification_new_sessions_2026-08-30.json).
session_2026-07-21_17-25-52,ds_buildingunknown_2026-07-20,imu,/mnt/d/Data/imu/session_2026-07-21_17-25-52,gs://miamioh-resa-data/CapstoneData/raw/sessions/ds_buildingunknown_2026-07-20/session_2026-07-21_17-25-52/,session_root,complete,Copied and file-level verified 2026-08-30 (see raw_copy_verification_new_sessions_2026-08-30.json).
session_2026-07-21_17-26-23,ds_buildingunknown_2026-07-20,imu,/mnt/d/Data/imu/session_2026-07-21_17-26-23,gs://miamioh-resa-data/CapstoneData/raw/sessions/ds_buildingunknown_2026-07-20/session_2026-07-21_17-26-23/,session_root,complete,Copied and file-level verified 2026-08-30 (see raw_copy_verification_new_sessions_2026-08-30.json).
session_2026-07-21_17-26-39,ds_buildingunknown_2026-07-20,imu,/mnt/d/Data/imu/session_2026-07-21_17-26-39,gs://miamioh-resa-data/CapstoneData/raw/sessions/ds_buildingunknown_2026-07-20/session_2026-07-21_17-26-39/,session_root,complete,Copied and file-level verified 2026-08-30 (see raw_copy_verification_new_sessions_2026-08-30.json).
session_2026-07-21_17-26-54,ds_buildingunknown_2026-07-20,imu,/mnt/d/Data/imu/session_2026-07-21_17-26-54,gs://miamioh-resa-data/CapstoneData/raw/sessions/ds_buildingunknown_2026-07-20/session_2026-07-21_17-26-54/,session_root,complete,Copied and file-level verified 2026-08-30 (see raw_copy_verification_new_sessions_2026-08-30.json).
session_2026-07-21_17-27-10,ds_buildingunknown_2026-07-20,imu,/mnt/d/Data/imu/session_2026-07-21_17-27-10,gs://miamioh-resa-data/CapstoneData/raw/sessions/ds_buildingunknown_2026-07-20/session_2026-07-21_17-27-10/,session_root,complete,Copied and file-level verified 2026-08-30 (see raw_copy_verification_new_sessions_2026-08-30.json).
session_2026-07-21_17-27-25,ds_buildingunknown_2026-07-20,imu,/mnt/d/Data/imu/session_2026-07-21_17-27-25,gs://miamioh-resa-data/CapstoneData/raw/sessions/ds_buildingunknown_2026-07-20/session_2026-07-21_17-27-25/,session_root,complete,Copied and file-level verified 2026-08-30 (see raw_copy_verification_new_sessions_2026-08-30.json).
session_2026-07-21_17-27-41,ds_buildingunknown_2026-07-20,imu,/mnt/d/Data/imu/session_2026-07-21_17-27-41,gs://miamioh-resa-data/CapstoneData/raw/sessions/ds_buildingunknown_2026-07-20/session_2026-07-21_17-27-41/,session_root,complete,Copied and file-level verified 2026-08-30 (see raw_copy_verification_new_sessions_2026-08-30.json).
session_2026-07-21_17-27-56,ds_buildingunknown_2026-07-20,imu,/mnt/d/Data/imu/session_2026-07-21_17-27-56,gs://miamioh-resa-data/CapstoneData/raw/sessions/ds_buildingunknown_2026-07-20/session_2026-07-21_17-27-56/,session_root,complete,Copied and file-level verified 2026-08-30 (see raw_copy_verification_new_sessions_2026-08-30.json).
session_2026-07-21_17-28-12,ds_buildingunknown_2026-07-20,imu,/mnt/d/Data/imu/session_2026-07-21_17-28-12,gs://miamioh-resa-data/CapstoneData/raw/sessions/ds_buildingunknown_2026-07-20/session_2026-07-21_17-28-12/,session_root,complete,Copied and file-level verified 2026-08-30 (see raw_copy_verification_new_sessions_2026-08-30.json).
session_2026-07-21_17-28-42,ds_buildingunknown_2026-07-20,imu,/mnt/d/Data/imu/session_2026-07-21_17-28-42,gs://miamioh-resa-data/CapstoneData/raw/sessions/ds_buildingunknown_2026-07-20/session_2026-07-21_17-28-42/,session_root,complete,Copied and file-level verified 2026-08-30 (see raw_copy_verification_new_sessions_2026-08-30.json).
session_2026-07-21_17-28-57,ds_buildingunknown_2026-07-20,imu,/mnt/d/Data/imu/session_2026-07-21_17-28-57,gs://miamioh-resa-data/CapstoneData/raw/sessions/ds_buildingunknown_2026-07-20/session_2026-07-21_17-28-57/,session_root,complete,Copied and file-level verified 2026-08-30 (see raw_copy_verification_new_sessions_2026-08-30.json).
session_2026-07-21_17-29-13,ds_buildingunknown_2026-07-20,imu,/mnt/d/Data/imu/session_2026-07-21_17-29-13,gs://miamioh-resa-data/CapstoneData/raw/sessions/ds_buildingunknown_2026-07-20/session_2026-07-21_17-29-13/,session_root,complete,Copied and file-level verified 2026-08-30 (see raw_copy_verification_new_sessions_2026-08-30.json).
session_2026-07-21_17-29-28,ds_buildingunknown_2026-07-20,imu,/mnt/d/Data/imu/session_2026-07-21_17-29-28,gs://miamioh-resa-data/CapstoneData/raw/sessions/ds_buildingunknown_2026-07-20/session_2026-07-21_17-29-28/,session_root,complete,Copied and file-level verified 2026-08-30 (see raw_copy_verification_new_sessions_2026-08-30.json).
session_2026-07-21_17-29-44,ds_buildingunknown_2026-07-20,imu,/mnt/d/Data/imu/session_2026-07-21_17-29-44,gs://miamioh-resa-data/CapstoneData/raw/sessions/ds_buildingunknown_2026-07-20/session_2026-07-21_17-29-44/,session_root,complete,Copied and file-level verified 2026-08-30 (see raw_copy_verification_new_sessions_2026-08-30.json).
session_2026-07-21_17-29-59,ds_buildingunknown_2026-07-20,imu,/mnt/d/Data/imu/session_2026-07-21_17-29-59,gs://miamioh-resa-data/CapstoneData/raw/sessions/ds_buildingunknown_2026-07-20/session_2026-07-21_17-29-59/,session_root,complete,Copied and file-level verified 2026-08-30 (see raw_copy_verification_new_sessions_2026-08-30.json).
session_2026-07-21_17-30-15,ds_buildingunknown_2026-07-20,imu,/mnt/d/Data/imu/session_2026-07-21_17-30-15,gs://miamioh-resa-data/CapstoneData/raw/sessions/ds_buildingunknown_2026-07-20/session_2026-07-21_17-30-15/,session_root,complete,Copied and file-level verified 2026-08-30 (see raw_copy_verification_new_sessions_2026-08-30.json).
session_2026-07-21_17-30-30,ds_buildingunknown_2026-07-20,imu,/mnt/d/Data/imu/session_2026-07-21_17-30-30,gs://miamioh-resa-data/CapstoneData/raw/sessions/ds_buildingunknown_2026-07-20/session_2026-07-21_17-30-30/,session_root,complete,Copied and file-level verified 2026-08-30 (see raw_copy_verification_new_sessions_2026-08-30.json).
session_2026-07-21_17-31-03,ds_buildingunknown_2026-07-20,imu,/mnt/d/Data/imu/session_2026-07-21_17-31-03,gs://miamioh-resa-data/CapstoneData/raw/sessions/ds_buildingunknown_2026-07-20/session_2026-07-21_17-31-03/,session_root,complete,Copied and file-level verified 2026-08-30 (see raw_copy_verification_new_sessions_2026-08-30.json).
session_2026-07-21_17-31-19,ds_buildingunknown_2026-07-20,imu,/mnt/d/Data/imu/session_2026-07-21_17-31-19,gs://miamioh-resa-data/CapstoneData/raw/sessions/ds_buildingunknown_2026-07-20/session_2026-07-21_17-31-19/,session_root,complete,Copied and file-level verified 2026-08-30 (see raw_copy_verification_new_sessions_2026-08-30.json).
session_2026-07-21_17-31-34,ds_buildingunknown_2026-07-20,imu,/mnt/d/Data/imu/session_2026-07-21_17-31-34,gs://miamioh-resa-data/CapstoneData/raw/sessions/ds_buildingunknown_2026-07-20/session_2026-07-21_17-31-34/,session_root,complete,Copied and file-level verified 2026-08-30 (see raw_copy_verification_new_sessions_2026-08-30.json).
session_2026-07-21_17-31-50,ds_buildingunknown_2026-07-20,imu,/mnt/d/Data/imu/session_2026-07-21_17-31-50,gs://miamioh-resa-data/CapstoneData/raw/sessions/ds_buildingunknown_2026-07-20/session_2026-07-21_17-31-50/,session_root,complete,Copied and file-level verified 2026-08-30 (see raw_copy_verification_new_sessions_2026-08-30.json).
session_2026-07-21_17-32-05,ds_buildingunknown_2026-07-20,imu,/mnt/d/Data/imu/session_2026-07-21_17-32-05,gs://miamioh-resa-data/CapstoneData/raw/sessions/ds_buildingunknown_2026-07-20/session_2026-07-21_17-32-05/,session_root,complete,Copied and file-level verified 2026-08-30 (see raw_copy_verification_new_sessions_2026-08-30.json).
session_2026-07-21_17-32-21,ds_buildingunknown_2026-07-20,imu,/mnt/d/Data/imu/session_2026-07-21_17-32-21,gs://miamioh-resa-data/CapstoneData/raw/sessions/ds_buildingunknown_2026-07-20/session_2026-07-21_17-32-21/,session_root,complete,Copied and file-level verified 2026-08-30 (see raw_copy_verification_new_sessions_2026-08-30.json).
session_2026-07-21_17-32-36,ds_buildingunknown_2026-07-20,imu,/mnt/d/Data/imu/session_2026-07-21_17-32-36,gs://miamioh-resa-data/CapstoneData/raw/sessions/ds_buildingunknown_2026-07-20/session_2026-07-21_17-32-36/,session_root,complete,Copied and file-level verified 2026-08-30 (see raw_copy_verification_new_sessions_2026-08-30.json).
session_2026-07-21_17-32-52,ds_buildingunknown_2026-07-20,imu,/mnt/d/Data/imu/session_2026-07-21_17-32-52,gs://miamioh-resa-data/CapstoneData/raw/sessions/ds_buildingunknown_2026-07-20/session_2026-07-21_17-32-52/,session_root,complete,Copied and file-level verified 2026-08-30 (see raw_copy_verification_new_sessions_2026-08-30.json).
session_2026-07-21_17-33-42,ds_buildingunknown_2026-07-20,imu,/mnt/d/Data/imu/session_2026-07-21_17-33-42,gs://miamioh-resa-data/CapstoneData/raw/sessions/ds_buildingunknown_2026-07-20/session_2026-07-21_17-33-42/,session_root,complete,Copied and file-level verified 2026-08-30 (see raw_copy_verification_new_sessions_2026-08-30.json).
session_2026-07-21_17-33-57,ds_buildingunknown_2026-07-20,imu,/mnt/d/Data/imu/session_2026-07-21_17-33-57,gs://miamioh-resa-data/CapstoneData/raw/sessions/ds_buildingunknown_2026-07-20/session_2026-07-21_17-33-57/,session_root,complete,Copied and file-level verified 2026-08-30 (see raw_copy_verification_new_sessions_2026-08-30.json).
session_2026-07-21_17-34-13,ds_buildingunknown_2026-07-20,imu,/mnt/d/Data/imu/session_2026-07-21_17-34-13,gs://miamioh-resa-data/CapstoneData/raw/sessions/ds_buildingunknown_2026-07-20/session_2026-07-21_17-34-13/,session_root,complete,Copied and file-level verified 2026-08-30 (see raw_copy_verification_new_sessions_2026-08-30.json).
session_2026-07-21_17-34-28,ds_buildingunknown_2026-07-20,imu,/mnt/d/Data/imu/session_2026-07-21_17-34-28,gs://miamioh-resa-data/CapstoneData/raw/sessions/ds_buildingunknown_2026-07-20/session_2026-07-21_17-34-28/,session_root,complete,Copied and file-level verified 2026-08-30 (see raw_copy_verification_new_sessions_2026-08-30.json).
session_2026-07-21_17-34-44,ds_buildingunknown_2026-07-20,imu,/mnt/d/Data/imu/session_2026-07-21_17-34-44,gs://miamioh-resa-data/CapstoneData/raw/sessions/ds_buildingunknown_2026-07-20/session_2026-07-21_17-34-44/,session_root,complete,Copied and file-level verified 2026-08-30 (see raw_copy_verification_new_sessions_2026-08-30.json).
session_2026-07-21_17-34-59,ds_buildingunknown_2026-07-20,imu,/mnt/d/Data/imu/session_2026-07-21_17-34-59,gs://miamioh-resa-data/CapstoneData/raw/sessions/ds_buildingunknown_2026-07-20/session_2026-07-21_17-34-59/,session_root,complete,Copied and file-level verified 2026-08-30 (see raw_copy_verification_new_sessions_2026-08-30.json).
session_2026-07-21_17-35-15,ds_buildingunknown_2026-07-20,imu,/mnt/d/Data/imu/session_2026-07-21_17-35-15,gs://miamioh-resa-data/CapstoneData/raw/sessions/ds_buildingunknown_2026-07-20/session_2026-07-21_17-35-15/,session_root,complete,Copied and file-level verified 2026-08-30 (see raw_copy_verification_new_sessions_2026-08-30.json).
session_2026-07-21_17-35-30,ds_buildingunknown_2026-07-20,imu,/mnt/d/Data/imu/session_2026-07-21_17-35-30,gs://miamioh-resa-data/CapstoneData/raw/sessions/ds_buildingunknown_2026-07-20/session_2026-07-21_17-35-30/,session_root,complete,Copied and file-level verified 2026-08-30 (see raw_copy_verification_new_sessions_2026-08-30.json).
session_2026-07-21_17-36-09,ds_buildingunknown_2026-07-20,imu,/mnt/d/Data/imu/session_2026-07-21_17-36-09,gs://miamioh-resa-data/CapstoneData/raw/sessions/ds_buildingunknown_2026-07-20/session_2026-07-21_17-36-09/,session_root,complete,Copied and file-level verified 2026-08-30 (see raw_copy_verification_new_sessions_2026-08-30.json).
session_2026-07-21_17-36-25,ds_buildingunknown_2026-07-20,imu,/mnt/d/Data/imu/session_2026-07-21_17-36-25,gs://miamioh-resa-data/CapstoneData/raw/sessions/ds_buildingunknown_2026-07-20/session_2026-07-21_17-36-25/,session_root,complete,Copied and file-level verified 2026-08-30 (see raw_copy_verification_new_sessions_2026-08-30.json).
session_2026-07-21_17-36-41,ds_buildingunknown_2026-07-20,imu,/mnt/d/Data/imu/session_2026-07-21_17-36-41,gs://miamioh-resa-data/CapstoneData/raw/sessions/ds_buildingunknown_2026-07-20/session_2026-07-21_17-36-41/,session_root,complete,Copied and file-level verified 2026-08-30 (see raw_copy_verification_new_sessions_2026-08-30.json).
session_2026-07-21_17-36-56,ds_buildingunknown_2026-07-20,imu,/mnt/d/Data/imu/session_2026-07-21_17-36-56,gs://miamioh-resa-data/CapstoneData/raw/sessions/ds_buildingunknown_2026-07-20/session_2026-07-21_17-36-56/,session_root,complete,Copied and file-level verified 2026-08-30 (see raw_copy_verification_new_sessions_2026-08-30.json).
session_2026-07-21_17-37-11,ds_buildingunknown_2026-07-20,imu,/mnt/d/Data/imu/session_2026-07-21_17-37-11,gs://miamioh-resa-data/CapstoneData/raw/sessions/ds_buildingunknown_2026-07-20/session_2026-07-21_17-37-11/,session_root,complete,Copied and file-level verified 2026-08-30 (see raw_copy_verification_new_sessions_2026-08-30.json).
session_2026-07-21_17-37-27,ds_buildingunknown_2026-07-20,imu,/mnt/d/Data/imu/session_2026-07-21_17-37-27,gs://miamioh-resa-data/CapstoneData/raw/sessions/ds_buildingunknown_2026-07-20/session_2026-07-21_17-37-27/,session_root,complete,Copied and file-level verified 2026-08-30 (see raw_copy_verification_new_sessions_2026-08-30.json).
session_2026-07-21_17-37-42,ds_buildingunknown_2026-07-20,imu,/mnt/d/Data/imu/session_2026-07-21_17-37-42,gs://miamioh-resa-data/CapstoneData/raw/sessions/ds_buildingunknown_2026-07-20/session_2026-07-21_17-37-42/,session_root,complete,Copied and file-level verified 2026-08-30 (see raw_copy_verification_new_sessions_2026-08-30.json).
session_2026-07-21_17-37-58,ds_buildingunknown_2026-07-20,imu,/mnt/d/Data/imu/session_2026-07-21_17-37-58,gs://miamioh-resa-data/CapstoneData/raw/sessions/ds_buildingunknown_2026-07-20/session_2026-07-21_17-37-58/,session_root,complete,Copied and file-level verified 2026-08-30 (see raw_copy_verification_new_sessions_2026-08-30.json).
session_2026-07-21_17-38-28,ds_buildingunknown_2026-07-20,imu,/mnt/d/Data/imu/session_2026-07-21_17-38-28,gs://miamioh-resa-data/CapstoneData/raw/sessions/ds_buildingunknown_2026-07-20/session_2026-07-21_17-38-28/,session_root,complete,Copied and file-level verified 2026-08-30 (see raw_copy_verification_new_sessions_2026-08-30.json).
session_2026-07-21_17-38-44,ds_buildingunknown_2026-07-20,imu,/mnt/d/Data/imu/session_2026-07-21_17-38-44,gs://miamioh-resa-data/CapstoneData/raw/sessions/ds_buildingunknown_2026-07-20/session_2026-07-21_17-38-44/,session_root,complete,Copied and file-level verified 2026-08-30 (see raw_copy_verification_new_sessions_2026-08-30.json).
session_2026-07-21_17-38-59,ds_buildingunknown_2026-07-20,imu,/mnt/d/Data/imu/session_2026-07-21_17-38-59,gs://miamioh-resa-data/CapstoneData/raw/sessions/ds_buildingunknown_2026-07-20/session_2026-07-21_17-38-59/,session_root,complete,Copied and file-level verified 2026-08-30 (see raw_copy_verification_new_sessions_2026-08-30.json).
session_2026-07-21_17-39-15,ds_buildingunknown_2026-07-20,imu,/mnt/d/Data/imu/session_2026-07-21_17-39-15,gs://miamioh-resa-data/CapstoneData/raw/sessions/ds_buildingunknown_2026-07-20/session_2026-07-21_17-39-15/,session_root,complete,Copied and file-level verified 2026-08-30 (see raw_copy_verification_new_sessions_2026-08-30.json).
session_2026-07-21_17-39-30,ds_buildingunknown_2026-07-20,imu,/mnt/d/Data/imu/session_2026-07-21_17-39-30,gs://miamioh-resa-data/CapstoneData/raw/sessions/ds_buildingunknown_2026-07-20/session_2026-07-21_17-39-30/,session_root,complete,Copied and file-level verified 2026-08-30 (see raw_copy_verification_new_sessions_2026-08-30.json).
session_2026-07-21_17-39-46,ds_buildingunknown_2026-07-20,imu,/mnt/d/Data/imu/session_2026-07-21_17-39-46,gs://miamioh-resa-data/CapstoneData/raw/sessions/ds_buildingunknown_2026-07-20/session_2026-07-21_17-39-46/,session_root,complete,Copied and file-level verified 2026-08-30 (see raw_copy_verification_new_sessions_2026-08-30.json).
session_2026-07-21_17-40-01,ds_buildingunknown_2026-07-20,imu,/mnt/d/Data/imu/session_2026-07-21_17-40-01,gs://miamioh-resa-data/CapstoneData/raw/sessions/ds_buildingunknown_2026-07-20/session_2026-07-21_17-40-01/,session_root,complete,Copied and file-level verified 2026-08-30 (see raw_copy_verification_new_sessions_2026-08-30.json).
session_2026-07-21_17-40-17,ds_buildingunknown_2026-07-20,imu,/mnt/d/Data/imu/session_2026-07-21_17-40-17,gs://miamioh-resa-data/CapstoneData/raw/sessions/ds_buildingunknown_2026-07-20/session_2026-07-21_17-40-17/,session_root,complete,Copied and file-level verified 2026-08-30 (see raw_copy_verification_new_sessions_2026-08-30.json).
session_2026-07-21_17-41-24,ds_buildingunknown_2026-07-20,imu,/mnt/d/Data/imu/session_2026-07-21_17-41-24,gs://miamioh-resa-data/CapstoneData/raw/sessions/ds_buildingunknown_2026-07-20/session_2026-07-21_17-41-24/,session_root,complete,Copied and file-level verified 2026-08-30 (see raw_copy_verification_new_sessions_2026-08-30.json).
session_2026-07-21_17-41-40,ds_buildingunknown_2026-07-20,imu,/mnt/d/Data/imu/session_2026-07-21_17-41-40,gs://miamioh-resa-data/CapstoneData/raw/sessions/ds_buildingunknown_2026-07-20/session_2026-07-21_17-41-40/,session_root,complete,Copied and file-level verified 2026-08-30 (see raw_copy_verification_new_sessions_2026-08-30.json).
session_2026-07-21_17-41-55,ds_buildingunknown_2026-07-20,imu,/mnt/d/Data/imu/session_2026-07-21_17-41-55,gs://miamioh-resa-data/CapstoneData/raw/sessions/ds_buildingunknown_2026-07-20/session_2026-07-21_17-41-55/,session_root,complete,Copied and file-level verified 2026-08-30 (see raw_copy_verification_new_sessions_2026-08-30.json).
session_2026-07-21_17-42-11,ds_buildingunknown_2026-07-20,imu,/mnt/d/Data/imu/session_2026-07-21_17-42-11,gs://miamioh-resa-data/CapstoneData/raw/sessions/ds_buildingunknown_2026-07-20/session_2026-07-21_17-42-11/,session_root,complete,Copied and file-level verified 2026-08-30 (see raw_copy_verification_new_sessions_2026-08-30.json).
session_2026-07-21_17-42-26,ds_buildingunknown_2026-07-20,imu,/mnt/d/Data/imu/session_2026-07-21_17-42-26,gs://miamioh-resa-data/CapstoneData/raw/sessions/ds_buildingunknown_2026-07-20/session_2026-07-21_17-42-26/,session_root,complete,Copied and file-level verified 2026-08-30 (see raw_copy_verification_new_sessions_2026-08-30.json).
session_2026-07-21_17-42-42,ds_buildingunknown_2026-07-20,imu,/mnt/d/Data/imu/session_2026-07-21_17-42-42,gs://miamioh-resa-data/CapstoneData/raw/sessions/ds_buildingunknown_2026-07-20/session_2026-07-21_17-42-42/,session_root,complete,Copied and file-level verified 2026-08-30 (see raw_copy_verification_new_sessions_2026-08-30.json).
session_2026-07-21_17-42-57,ds_buildingunknown_2026-07-20,imu,/mnt/d/Data/imu/session_2026-07-21_17-42-57,gs://miamioh-resa-data/CapstoneData/raw/sessions/ds_buildingunknown_2026-07-20/session_2026-07-21_17-42-57/,session_root,complete,Copied and file-level verified 2026-08-30 (see raw_copy_verification_new_sessions_2026-08-30.json).
session_2026-07-21_17-43-13,ds_buildingunknown_2026-07-20,imu,/mnt/d/Data/imu/session_2026-07-21_17-43-13,gs://miamioh-resa-data/CapstoneData/raw/sessions/ds_buildingunknown_2026-07-20/session_2026-07-21_17-43-13/,session_root,complete,Copied and file-level verified 2026-08-30 (see raw_copy_verification_new_sessions_2026-08-30.json).
session_2026-07-21_17-43-55,ds_buildingunknown_2026-07-20,imu,/mnt/d/Data/imu/session_2026-07-21_17-43-55,gs://miamioh-resa-data/CapstoneData/raw/sessions/ds_buildingunknown_2026-07-20/session_2026-07-21_17-43-55/,session_root,complete,Copied and file-level verified 2026-08-30 (see raw_copy_verification_new_sessions_2026-08-30.json).
session_2026-07-21_17-44-10,ds_buildingunknown_2026-07-20,imu,/mnt/d/Data/imu/session_2026-07-21_17-44-10,gs://miamioh-resa-data/CapstoneData/raw/sessions/ds_buildingunknown_2026-07-20/session_2026-07-21_17-44-10/,session_root,complete,Copied and file-level verified 2026-08-30 (see raw_copy_verification_new_sessions_2026-08-30.json).
session_2026-07-21_17-44-26,ds_buildingunknown_2026-07-20,imu,/mnt/d/Data/imu/session_2026-07-21_17-44-26,gs://miamioh-resa-data/CapstoneData/raw/sessions/ds_buildingunknown_2026-07-20/session_2026-07-21_17-44-26/,session_root,complete,Copied and file-level verified 2026-08-30 (see raw_copy_verification_new_sessions_2026-08-30.json).
session_2026-07-21_17-44-41,ds_buildingunknown_2026-07-20,imu,/mnt/d/Data/imu/session_2026-07-21_17-44-41,gs://miamioh-resa-data/CapstoneData/raw/sessions/ds_buildingunknown_2026-07-20/session_2026-07-21_17-44-41/,session_root,complete,Copied and file-level verified 2026-08-30 (see raw_copy_verification_new_sessions_2026-08-30.json).
session_2026-07-21_17-44-57,ds_buildingunknown_2026-07-20,imu,/mnt/d/Data/imu/session_2026-07-21_17-44-57,gs://miamioh-resa-data/CapstoneData/raw/sessions/ds_buildingunknown_2026-07-20/session_2026-07-21_17-44-57/,session_root,complete,Copied and file-level verified 2026-08-30 (see raw_copy_verification_new_sessions_2026-08-30.json).
session_2026-07-21_17-45-12,ds_buildingunknown_2026-07-20,imu,/mnt/d/Data/imu/session_2026-07-21_17-45-12,gs://miamioh-resa-data/CapstoneData/raw/sessions/ds_buildingunknown_2026-07-20/session_2026-07-21_17-45-12/,session_root,complete,Copied and file-level verified 2026-08-30 (see raw_copy_verification_new_sessions_2026-08-30.json).
session_2026-07-21_17-45-28,ds_buildingunknown_2026-07-20,imu,/mnt/d/Data/imu/session_2026-07-21_17-45-28,gs://miamioh-resa-data/CapstoneData/raw/sessions/ds_buildingunknown_2026-07-20/session_2026-07-21_17-45-28/,session_root,complete,Copied and file-level verified 2026-08-30 (see raw_copy_verification_new_sessions_2026-08-30.json).
session_2026-07-21_17-45-43,ds_buildingunknown_2026-07-20,imu,/mnt/d/Data/imu/session_2026-07-21_17-45-43,gs://miamioh-resa-data/CapstoneData/raw/sessions/ds_buildingunknown_2026-07-20/session_2026-07-21_17-45-43/,session_root,complete,Copied and file-level verified 2026-08-30 (see raw_copy_verification_new_sessions_2026-08-30.json).
session_2026-07-21_17-46-25,ds_buildingunknown_2026-07-20,imu,/mnt/d/Data/imu/session_2026-07-21_17-46-25,gs://miamioh-resa-data/CapstoneData/raw/sessions/ds_buildingunknown_2026-07-20/session_2026-07-21_17-46-25/,session_root,complete,Copied and file-level verified 2026-08-30 (see raw_copy_verification_new_sessions_2026-08-30.json).
session_2026-07-21_17-46-41,ds_buildingunknown_2026-07-20,imu,/mnt/d/Data/imu/session_2026-07-21_17-46-41,gs://miamioh-resa-data/CapstoneData/raw/sessions/ds_buildingunknown_2026-07-20/session_2026-07-21_17-46-41/,session_root,complete,Copied and file-level verified 2026-08-30 (see raw_copy_verification_new_sessions_2026-08-30.json).
session_2026-07-21_17-46-56,ds_buildingunknown_2026-07-20,imu,/mnt/d/Data/imu/session_2026-07-21_17-46-56,gs://miamioh-resa-data/CapstoneData/raw/sessions/ds_buildingunknown_2026-07-20/session_2026-07-21_17-46-56/,session_root,complete,Copied and file-level verified 2026-08-30 (see raw_copy_verification_new_sessions_2026-08-30.json).
session_2026-07-21_17-47-12,ds_buildingunknown_2026-07-20,imu,/mnt/d/Data/imu/session_2026-07-21_17-47-12,gs://miamioh-resa-data/CapstoneData/raw/sessions/ds_buildingunknown_2026-07-20/session_2026-07-21_17-47-12/,session_root,complete,Copied and file-level verified 2026-08-30 (see raw_copy_verification_new_sessions_2026-08-30.json).
session_2026-07-21_17-47-27,ds_buildingunknown_2026-07-20,imu,/mnt/d/Data/imu/session_2026-07-21_17-47-27,gs://miamioh-resa-data/CapstoneData/raw/sessions/ds_buildingunknown_2026-07-20/session_2026-07-21_17-47-27/,session_root,complete,Copied and file-level verified 2026-08-30 (see raw_copy_verification_new_sessions_2026-08-30.json).
session_2026-07-21_17-47-43,ds_buildingunknown_2026-07-20,imu,/mnt/d/Data/imu/session_2026-07-21_17-47-43,gs://miamioh-resa-data/CapstoneData/raw/sessions/ds_buildingunknown_2026-07-20/session_2026-07-21_17-47-43/,session_root,complete,Copied and file-level verified 2026-08-30 (see raw_copy_verification_new_sessions_2026-08-30.json).
session_2026-07-21_17-47-58,ds_buildingunknown_2026-07-20,imu,/mnt/d/Data/imu/session_2026-07-21_17-47-58,gs://miamioh-resa-data/CapstoneData/raw/sessions/ds_buildingunknown_2026-07-20/session_2026-07-21_17-47-58/,session_root,complete,Copied and file-level verified 2026-08-30 (see raw_copy_verification_new_sessions_2026-08-30.json).
session_2026-07-21_17-48-14,ds_buildingunknown_2026-07-20,imu,/mnt/d/Data/imu/session_2026-07-21_17-48-14,gs://miamioh-resa-data/CapstoneData/raw/sessions/ds_buildingunknown_2026-07-20/session_2026-07-21_17-48-14/,session_root,complete,Copied and file-level verified 2026-08-30 (see raw_copy_verification_new_sessions_2026-08-30.json).
session_2026-07-21_17-49-36,ds_buildingunknown_2026-07-20,imu,/mnt/d/Data/imu/session_2026-07-21_17-49-36,gs://miamioh-resa-data/CapstoneData/raw/sessions/ds_buildingunknown_2026-07-20/session_2026-07-21_17-49-36/,session_root,complete,Copied and file-level verified 2026-08-30 (see raw_copy_verification_new_sessions_2026-08-30.json).
session_2026-07-21_17-49-51,ds_buildingunknown_2026-07-20,imu,/mnt/d/Data/imu/session_2026-07-21_17-49-51,gs://miamioh-resa-data/CapstoneData/raw/sessions/ds_buildingunknown_2026-07-20/session_2026-07-21_17-49-51/,session_root,complete,Copied and file-level verified 2026-08-30 (see raw_copy_verification_new_sessions_2026-08-30.json).
session_2026-07-21_17-50-07,ds_buildingunknown_2026-07-20,imu,/mnt/d/Data/imu/session_2026-07-21_17-50-07,gs://miamioh-resa-data/CapstoneData/raw/sessions/ds_buildingunknown_2026-07-20/session_2026-07-21_17-50-07/,session_root,complete,Copied and file-level verified 2026-08-30 (see raw_copy_verification_new_sessions_2026-08-30.json).
session_2026-07-21_17-50-22,ds_buildingunknown_2026-07-20,imu,/mnt/d/Data/imu/session_2026-07-21_17-50-22,gs://miamioh-resa-data/CapstoneData/raw/sessions/ds_buildingunknown_2026-07-20/session_2026-07-21_17-50-22/,session_root,complete,Copied and file-level verified 2026-08-30 (see raw_copy_verification_new_sessions_2026-08-30.json).
session_2026-07-21_17-50-38,ds_buildingunknown_2026-07-20,imu,/mnt/d/Data/imu/session_2026-07-21_17-50-38,gs://miamioh-resa-data/CapstoneData/raw/sessions/ds_buildingunknown_2026-07-20/session_2026-07-21_17-50-38/,session_root,complete,Copied and file-level verified 2026-08-30 (see raw_copy_verification_new_sessions_2026-08-30.json).
session_2026-07-21_17-50-53,ds_buildingunknown_2026-07-20,imu,/mnt/d/Data/imu/session_2026-07-21_17-50-53,gs://miamioh-resa-data/CapstoneData/raw/sessions/ds_buildingunknown_2026-07-20/session_2026-07-21_17-50-53/,session_root,complete,Copied and file-level verified 2026-08-30 (see raw_copy_verification_new_sessions_2026-08-30.json).
session_2026-07-21_17-51-09,ds_buildingunknown_2026-07-20,imu,/mnt/d/Data/imu/session_2026-07-21_17-51-09,gs://miamioh-resa-data/CapstoneData/raw/sessions/ds_buildingunknown_2026-07-20/session_2026-07-21_17-51-09/,session_root,complete,Copied and file-level verified 2026-08-30 (see raw_copy_verification_new_sessions_2026-08-30.json).
session_2026-07-21_17-51-24,ds_buildingunknown_2026-07-20,imu,/mnt/d/Data/imu/session_2026-07-21_17-51-24,gs://miamioh-resa-data/CapstoneData/raw/sessions/ds_buildingunknown_2026-07-20/session_2026-07-21_17-51-24/,session_root,complete,Copied and file-level verified 2026-08-30 (see raw_copy_verification_new_sessions_2026-08-30.json).
session_2026-07-21_17-51-55,ds_buildingunknown_2026-07-20,imu,/mnt/d/Data/imu/session_2026-07-21_17-51-55,gs://miamioh-resa-data/CapstoneData/raw/sessions/ds_buildingunknown_2026-07-20/session_2026-07-21_17-51-55/,session_root,complete,Copied and file-level verified 2026-08-30 (see raw_copy_verification_new_sessions_2026-08-30.json).
session_2026-07-21_17-52-11,ds_buildingunknown_2026-07-20,imu,/mnt/d/Data/imu/session_2026-07-21_17-52-11,gs://miamioh-resa-data/CapstoneData/raw/sessions/ds_buildingunknown_2026-07-20/session_2026-07-21_17-52-11/,session_root,complete,Copied and file-level verified 2026-08-30 (see raw_copy_verification_new_sessions_2026-08-30.json).
session_2026-07-21_17-52-27,ds_buildingunknown_2026-07-20,imu,/mnt/d/Data/imu/session_2026-07-21_17-52-27,gs://miamioh-resa-data/CapstoneData/raw/sessions/ds_buildingunknown_2026-07-20/session_2026-07-21_17-52-27/,session_root,complete,Copied and file-level verified 2026-08-30 (see raw_copy_verification_new_sessions_2026-08-30.json).
session_2026-07-21_17-52-42,ds_buildingunknown_2026-07-20,imu,/mnt/d/Data/imu/session_2026-07-21_17-52-42,gs://miamioh-resa-data/CapstoneData/raw/sessions/ds_buildingunknown_2026-07-20/session_2026-07-21_17-52-42/,session_root,complete,Copied and file-level verified 2026-08-30 (see raw_copy_verification_new_sessions_2026-08-30.json).
session_2026-07-21_17-52-58,ds_buildingunknown_2026-07-20,imu,/mnt/d/Data/imu/session_2026-07-21_17-52-58,gs://miamioh-resa-data/CapstoneData/raw/sessions/ds_buildingunknown_2026-07-20/session_2026-07-21_17-52-58/,session_root,complete,Copied and file-level verified 2026-08-30 (see raw_copy_verification_new_sessions_2026-08-30.json).
session_2026-07-21_17-53-13,ds_buildingunknown_2026-07-20,imu,/mnt/d/Data/imu/session_2026-07-21_17-53-13,gs://miamioh-resa-data/CapstoneData/raw/sessions/ds_buildingunknown_2026-07-20/session_2026-07-21_17-53-13/,session_root,complete,Copied and file-level verified 2026-08-30 (see raw_copy_verification_new_sessions_2026-08-30.json).
session_2026-07-21_17-53-29,ds_buildingunknown_2026-07-20,imu,/mnt/d/Data/imu/session_2026-07-21_17-53-29,gs://miamioh-resa-data/CapstoneData/raw/sessions/ds_buildingunknown_2026-07-20/session_2026-07-21_17-53-29/,session_root,complete,Copied and file-level verified 2026-08-30 (see raw_copy_verification_new_sessions_2026-08-30.json).
session_2026-07-21_17-53-44,ds_buildingunknown_2026-07-20,imu,/mnt/d/Data/imu/session_2026-07-21_17-53-44,gs://miamioh-resa-data/CapstoneData/raw/sessions/ds_buildingunknown_2026-07-20/session_2026-07-21_17-53-44/,session_root,complete,Copied and file-level verified 2026-08-30 (see raw_copy_verification_new_sessions_2026-08-30.json).
session_2026-07-21_17-54-30,ds_buildingunknown_2026-07-20,imu,/mnt/d/Data/imu/session_2026-07-21_17-54-30,gs://miamioh-resa-data/CapstoneData/raw/sessions/ds_buildingunknown_2026-07-20/session_2026-07-21_17-54-30/,session_root,complete,Copied and file-level verified 2026-08-30 (see raw_copy_verification_new_sessions_2026-08-30.json).
session_2026-07-21_17-54-46,ds_buildingunknown_2026-07-20,imu,/mnt/d/Data/imu/session_2026-07-21_17-54-46,gs://miamioh-resa-data/CapstoneData/raw/sessions/ds_buildingunknown_2026-07-20/session_2026-07-21_17-54-46/,session_root,complete,Copied and file-level verified 2026-08-30 (see raw_copy_verification_new_sessions_2026-08-30.json).
session_2026-07-21_17-55-01,ds_buildingunknown_2026-07-20,imu,/mnt/d/Data/imu/session_2026-07-21_17-55-01,gs://miamioh-resa-data/CapstoneData/raw/sessions/ds_buildingunknown_2026-07-20/session_2026-07-21_17-55-01/,session_root,complete,Copied and file-level verified 2026-08-30 (see raw_copy_verification_new_sessions_2026-08-30.json).
session_2026-07-21_17-55-17,ds_buildingunknown_2026-07-20,imu,/mnt/d/Data/imu/session_2026-07-21_17-55-17,gs://miamioh-resa-data/CapstoneData/raw/sessions/ds_buildingunknown_2026-07-20/session_2026-07-21_17-55-17/,session_root,complete,Copied and file-level verified 2026-08-30 (see raw_copy_verification_new_sessions_2026-08-30.json).
session_2026-07-21_17-55-32,ds_buildingunknown_2026-07-20,imu,/mnt/d/Data/imu/session_2026-07-21_17-55-32,gs://miamioh-resa-data/CapstoneData/raw/sessions/ds_buildingunknown_2026-07-20/session_2026-07-21_17-55-32/,session_root,complete,Copied and file-level verified 2026-08-30 (see raw_copy_verification_new_sessions_2026-08-30.json).
session_2026-07-21_17-55-48,ds_buildingunknown_2026-07-20,imu,/mnt/d/Data/imu/session_2026-07-21_17-55-48,gs://miamioh-resa-data/CapstoneData/raw/sessions/ds_buildingunknown_2026-07-20/session_2026-07-21_17-55-48/,session_root,complete,Copied and file-level verified 2026-08-30 (see raw_copy_verification_new_sessions_2026-08-30.json).
session_2026-07-21_17-56-03,ds_buildingunknown_2026-07-20,imu,/mnt/d/Data/imu/session_2026-07-21_17-56-03,gs://miamioh-resa-data/CapstoneData/raw/sessions/ds_buildingunknown_2026-07-20/session_2026-07-21_17-56-03/,session_root,complete,Copied and file-level verified 2026-08-30 (see raw_copy_verification_new_sessions_2026-08-30.json).
session_2026-07-21_17-56-19,ds_buildingunknown_2026-07-20,imu,/mnt/d/Data/imu/session_2026-07-21_17-56-19,gs://miamioh-resa-data/CapstoneData/raw/sessions/ds_buildingunknown_2026-07-20/session_2026-07-21_17-56-19/,session_root,complete,Copied and file-level verified 2026-08-30 (see raw_copy_verification_new_sessions_2026-08-30.json).
session_2026-07-21_17-56-55,ds_buildingunknown_2026-07-20,imu,/mnt/d/Data/imu/session_2026-07-21_17-56-55,gs://miamioh-resa-data/CapstoneData/raw/sessions/ds_buildingunknown_2026-07-20/session_2026-07-21_17-56-55/,session_root,complete,Copied and file-level verified 2026-08-30 (see raw_copy_verification_new_sessions_2026-08-30.json).
session_2026-07-21_17-57-11,ds_buildingunknown_2026-07-20,imu,/mnt/d/Data/imu/session_2026-07-21_17-57-11,gs://miamioh-resa-data/CapstoneData/raw/sessions/ds_buildingunknown_2026-07-20/session_2026-07-21_17-57-11/,session_root,complete,Copied and file-level verified 2026-08-30 (see raw_copy_verification_new_sessions_2026-08-30.json).
session_2026-07-21_17-57-26,ds_buildingunknown_2026-07-20,imu,/mnt/d/Data/imu/session_2026-07-21_17-57-26,gs://miamioh-resa-data/CapstoneData/raw/sessions/ds_buildingunknown_2026-07-20/session_2026-07-21_17-57-26/,session_root,complete,Copied and file-level verified 2026-08-30 (see raw_copy_verification_new_sessions_2026-08-30.json).
session_2026-07-21_17-57-42,ds_buildingunknown_2026-07-20,imu,/mnt/d/Data/imu/session_2026-07-21_17-57-42,gs://miamioh-resa-data/CapstoneData/raw/sessions/ds_buildingunknown_2026-07-20/session_2026-07-21_17-57-42/,session_root,complete,Copied and file-level verified 2026-08-30 (see raw_copy_verification_new_sessions_2026-08-30.json).
session_2026-07-21_17-57-57,ds_buildingunknown_2026-07-20,imu,/mnt/d/Data/imu/session_2026-07-21_17-57-57,gs://miamioh-resa-data/CapstoneData/raw/sessions/ds_buildingunknown_2026-07-20/session_2026-07-21_17-57-57/,session_root,complete,Copied and file-level verified 2026-08-30 (see raw_copy_verification_new_sessions_2026-08-30.json).
session_2026-07-21_17-58-13,ds_buildingunknown_2026-07-20,imu,/mnt/d/Data/imu/session_2026-07-21_17-58-13,gs://miamioh-resa-data/CapstoneData/raw/sessions/ds_buildingunknown_2026-07-20/session_2026-07-21_17-58-13/,session_root,complete,Copied and file-level verified 2026-08-30 (see raw_copy_verification_new_sessions_2026-08-30.json).
session_2026-07-21_17-58-28,ds_buildingunknown_2026-07-20,imu,/mnt/d/Data/imu/session_2026-07-21_17-58-28,gs://miamioh-resa-data/CapstoneData/raw/sessions/ds_buildingunknown_2026-07-20/session_2026-07-21_17-58-28/,session_root,complete,Copied and file-level verified 2026-08-30 (see raw_copy_verification_new_sessions_2026-08-30.json).
session_2026-07-21_17-58-44,ds_buildingunknown_2026-07-20,imu,/mnt/d/Data/imu/session_2026-07-21_17-58-44,gs://miamioh-resa-data/CapstoneData/raw/sessions/ds_buildingunknown_2026-07-20/session_2026-07-21_17-58-44/,session_root,complete,Copied and file-level verified 2026-08-30 (see raw_copy_verification_new_sessions_2026-08-30.json).
session_2026-07-21_17-59-19,ds_buildingunknown_2026-07-20,imu,/mnt/d/Data/imu/session_2026-07-21_17-59-19,gs://miamioh-resa-data/CapstoneData/raw/sessions/ds_buildingunknown_2026-07-20/session_2026-07-21_17-59-19/,session_root,complete,Copied and file-level verified 2026-08-30 (see raw_copy_verification_new_sessions_2026-08-30.json).
session_2026-07-21_17-59-35,ds_buildingunknown_2026-07-20,imu,/mnt/d/Data/imu/session_2026-07-21_17-59-35,gs://miamioh-resa-data/CapstoneData/raw/sessions/ds_buildingunknown_2026-07-20/session_2026-07-21_17-59-35/,session_root,complete,Copied and file-level verified 2026-08-30 (see raw_copy_verification_new_sessions_2026-08-30.json).
session_2026-07-21_17-59-50,ds_buildingunknown_2026-07-20,imu,/mnt/d/Data/imu/session_2026-07-21_17-59-50,gs://miamioh-resa-data/CapstoneData/raw/sessions/ds_buildingunknown_2026-07-20/session_2026-07-21_17-59-50/,session_root,complete,Copied and file-level verified 2026-08-30 (see raw_copy_verification_new_sessions_2026-08-30.json).
session_2026-07-21_18-00-06,ds_buildingunknown_2026-07-20,imu,/mnt/d/Data/imu/session_2026-07-21_18-00-06,gs://miamioh-resa-data/CapstoneData/raw/sessions/ds_buildingunknown_2026-07-20/session_2026-07-21_18-00-06/,session_root,complete,Copied and file-level verified 2026-08-30 (see raw_copy_verification_new_sessions_2026-08-30.json).
session_2026-07-21_18-00-21,ds_buildingunknown_2026-07-20,imu,/mnt/d/Data/imu/session_2026-07-21_18-00-21,gs://miamioh-resa-data/CapstoneData/raw/sessions/ds_buildingunknown_2026-07-20/session_2026-07-21_18-00-21/,session_root,complete,Copied and file-level verified 2026-08-30 (see raw_copy_verification_new_sessions_2026-08-30.json).
session_2026-07-21_18-00-37,ds_buildingunknown_2026-07-20,imu,/mnt/d/Data/imu/session_2026-07-21_18-00-37,gs://miamioh-resa-data/CapstoneData/raw/sessions/ds_buildingunknown_2026-07-20/session_2026-07-21_18-00-37/,session_root,complete,Copied and file-level verified 2026-08-30 (see raw_copy_verification_new_sessions_2026-08-30.json).
session_2026-07-21_18-00-52,ds_buildingunknown_2026-07-20,imu,/mnt/d/Data/imu/session_2026-07-21_18-00-52,gs://miamioh-resa-data/CapstoneData/raw/sessions/ds_buildingunknown_2026-07-20/session_2026-07-21_18-00-52/,session_root,complete,Copied and file-level verified 2026-08-30 (see raw_copy_verification_new_sessions_2026-08-30.json).
session_2026-07-21_18-01-08,ds_buildingunknown_2026-07-20,imu,/mnt/d/Data/imu/session_2026-07-21_18-01-08,gs://miamioh-resa-data/CapstoneData/raw/sessions/ds_buildingunknown_2026-07-20/session_2026-07-21_18-01-08/,session_root,complete,Copied and file-level verified 2026-08-30 (see raw_copy_verification_new_sessions_2026-08-30.json).
session_2026-07-21_18-01-43,ds_buildingunknown_2026-07-20,imu,/mnt/d/Data/imu/session_2026-07-21_18-01-43,gs://miamioh-resa-data/CapstoneData/raw/sessions/ds_buildingunknown_2026-07-20/session_2026-07-21_18-01-43/,session_root,complete,Copied and file-level verified 2026-08-30 (see raw_copy_verification_new_sessions_2026-08-30.json).
session_2026-07-21_18-01-58,ds_buildingunknown_2026-07-20,imu,/mnt/d/Data/imu/session_2026-07-21_18-01-58,gs://miamioh-resa-data/CapstoneData/raw/sessions/ds_buildingunknown_2026-07-20/session_2026-07-21_18-01-58/,session_root,complete,Copied and file-level verified 2026-08-30 (see raw_copy_verification_new_sessions_2026-08-30.json).
session_2026-07-21_18-02-14,ds_buildingunknown_2026-07-20,imu,/mnt/d/Data/imu/session_2026-07-21_18-02-14,gs://miamioh-resa-data/CapstoneData/raw/sessions/ds_buildingunknown_2026-07-20/session_2026-07-21_18-02-14/,session_root,complete,Copied and file-level verified 2026-08-30 (see raw_copy_verification_new_sessions_2026-08-30.json).
session_2026-07-21_18-02-30,ds_buildingunknown_2026-07-20,imu,/mnt/d/Data/imu/session_2026-07-21_18-02-30,gs://miamioh-resa-data/CapstoneData/raw/sessions/ds_buildingunknown_2026-07-20/session_2026-07-21_18-02-30/,session_root,complete,Copied and file-level verified 2026-08-30 (see raw_copy_verification_new_sessions_2026-08-30.json).
session_2026-07-21_18-02-45,ds_buildingunknown_2026-07-20,imu,/mnt/d/Data/imu/session_2026-07-21_18-02-45,gs://miamioh-resa-data/CapstoneData/raw/sessions/ds_buildingunknown_2026-07-20/session_2026-07-21_18-02-45/,session_root,complete,Copied and file-level verified 2026-08-30 (see raw_copy_verification_new_sessions_2026-08-30.json).
session_2026-07-21_18-03-01,ds_buildingunknown_2026-07-20,imu,/mnt/d/Data/imu/session_2026-07-21_18-03-01,gs://miamioh-resa-data/CapstoneData/raw/sessions/ds_buildingunknown_2026-07-20/session_2026-07-21_18-03-01/,session_root,complete,Copied and file-level verified 2026-08-30 (see raw_copy_verification_new_sessions_2026-08-30.json).
session_2026-07-21_18-03-16,ds_buildingunknown_2026-07-20,imu,/mnt/d/Data/imu/session_2026-07-21_18-03-16,gs://miamioh-resa-data/CapstoneData/raw/sessions/ds_buildingunknown_2026-07-20/session_2026-07-21_18-03-16/,session_root,complete,Copied and file-level verified 2026-08-30 (see raw_copy_verification_new_sessions_2026-08-30.json).
session_2026-07-21_18-03-32,ds_buildingunknown_2026-07-20,imu,/mnt/d/Data/imu/session_2026-07-21_18-03-32,gs://miamioh-resa-data/CapstoneData/raw/sessions/ds_buildingunknown_2026-07-20/session_2026-07-21_18-03-32/,session_root,complete,Copied and file-level verified 2026-08-30 (see raw_copy_verification_new_sessions_2026-08-30.json).
session_2026-07-21_18-04-03,ds_buildingunknown_2026-07-20,imu,/mnt/d/Data/imu/session_2026-07-21_18-04-03,gs://miamioh-resa-data/CapstoneData/raw/sessions/ds_buildingunknown_2026-07-20/session_2026-07-21_18-04-03/,session_root,complete,Copied and file-level verified 2026-08-30 (see raw_copy_verification_new_sessions_2026-08-30.json).
session_2026-07-21_18-04-18,ds_buildingunknown_2026-07-20,imu,/mnt/d/Data/imu/session_2026-07-21_18-04-18,gs://miamioh-resa-data/CapstoneData/raw/sessions/ds_buildingunknown_2026-07-20/session_2026-07-21_18-04-18/,session_root,complete,Copied and file-level verified 2026-08-30 (see raw_copy_verification_new_sessions_2026-08-30.json).
session_2026-07-21_18-04-34,ds_buildingunknown_2026-07-20,imu,/mnt/d/Data/imu/session_2026-07-21_18-04-34,gs://miamioh-resa-data/CapstoneData/raw/sessions/ds_buildingunknown_2026-07-20/session_2026-07-21_18-04-34/,session_root,complete,Copied and file-level verified 2026-08-30 (see raw_copy_verification_new_sessions_2026-08-30.json).
session_2026-07-21_18-04-49,ds_buildingunknown_2026-07-20,imu,/mnt/d/Data/imu/session_2026-07-21_18-04-49,gs://miamioh-resa-data/CapstoneData/raw/sessions/ds_buildingunknown_2026-07-20/session_2026-07-21_18-04-49/,session_root,complete,Copied and file-level verified 2026-08-30 (see raw_copy_verification_new_sessions_2026-08-30.json).
session_2026-07-21_18-05-05,ds_buildingunknown_2026-07-20,imu,/mnt/d/Data/imu/session_2026-07-21_18-05-05,gs://miamioh-resa-data/CapstoneData/raw/sessions/ds_buildingunknown_2026-07-20/session_2026-07-21_18-05-05/,session_root,complete,Copied and file-level verified 2026-08-30 (see raw_copy_verification_new_sessions_2026-08-30.json).
session_2026-07-21_18-05-20,ds_buildingunknown_2026-07-20,imu,/mnt/d/Data/imu/session_2026-07-21_18-05-20,gs://miamioh-resa-data/CapstoneData/raw/sessions/ds_buildingunknown_2026-07-20/session_2026-07-21_18-05-20/,session_root,complete,Copied and file-level verified 2026-08-30 (see raw_copy_verification_new_sessions_2026-08-30.json).
session_2026-07-21_18-05-36,ds_buildingunknown_2026-07-20,imu,/mnt/d/Data/imu/session_2026-07-21_18-05-36,gs://miamioh-resa-data/CapstoneData/raw/sessions/ds_buildingunknown_2026-07-20/session_2026-07-21_18-05-36/,session_root,complete,Copied and file-level verified 2026-08-30 (see raw_copy_verification_new_sessions_2026-08-30.json).
session_2026-07-21_18-05-51,ds_buildingunknown_2026-07-20,imu,/mnt/d/Data/imu/session_2026-07-21_18-05-51,gs://miamioh-resa-data/CapstoneData/raw/sessions/ds_buildingunknown_2026-07-20/session_2026-07-21_18-05-51/,session_root,complete,Copied and file-level verified 2026-08-30 (see raw_copy_verification_new_sessions_2026-08-30.json).
session_2026-07-21_18-06-27,ds_buildingunknown_2026-07-20,imu,/mnt/d/Data/imu/session_2026-07-21_18-06-27,gs://miamioh-resa-data/CapstoneData/raw/sessions/ds_buildingunknown_2026-07-20/session_2026-07-21_18-06-27/,session_root,complete,Copied and file-level verified 2026-08-30 (see raw_copy_verification_new_sessions_2026-08-30.json).
session_2026-07-21_18-06-42,ds_buildingunknown_2026-07-20,imu,/mnt/d/Data/imu/session_2026-07-21_18-06-42,gs://miamioh-resa-data/CapstoneData/raw/sessions/ds_buildingunknown_2026-07-20/session_2026-07-21_18-06-42/,session_root,complete,Copied and file-level verified 2026-08-30 (see raw_copy_verification_new_sessions_2026-08-30.json).
session_2026-07-21_18-06-58,ds_buildingunknown_2026-07-20,imu,/mnt/d/Data/imu/session_2026-07-21_18-06-58,gs://miamioh-resa-data/CapstoneData/raw/sessions/ds_buildingunknown_2026-07-20/session_2026-07-21_18-06-58/,session_root,complete,Copied and file-level verified 2026-08-30 (see raw_copy_verification_new_sessions_2026-08-30.json).
session_2026-07-21_18-07-13,ds_buildingunknown_2026-07-20,imu,/mnt/d/Data/imu/session_2026-07-21_18-07-13,gs://miamioh-resa-data/CapstoneData/raw/sessions/ds_buildingunknown_2026-07-20/session_2026-07-21_18-07-13/,session_root,complete,Copied and file-level verified 2026-08-30 (see raw_copy_verification_new_sessions_2026-08-30.json).
session_2026-07-21_18-07-29,ds_buildingunknown_2026-07-20,imu,/mnt/d/Data/imu/session_2026-07-21_18-07-29,gs://miamioh-resa-data/CapstoneData/raw/sessions/ds_buildingunknown_2026-07-20/session_2026-07-21_18-07-29/,session_root,complete,Copied and file-level verified 2026-08-30 (see raw_copy_verification_new_sessions_2026-08-30.json).
session_2026-07-21_18-07-44,ds_buildingunknown_2026-07-20,imu,/mnt/d/Data/imu/session_2026-07-21_18-07-44,gs://miamioh-resa-data/CapstoneData/raw/sessions/ds_buildingunknown_2026-07-20/session_2026-07-21_18-07-44/,session_root,complete,Copied and file-level verified 2026-08-30 (see raw_copy_verification_new_sessions_2026-08-30.json).
session_2026-07-21_18-08-00,ds_buildingunknown_2026-07-20,imu,/mnt/d/Data/imu/session_2026-07-21_18-08-00,gs://miamioh-resa-data/CapstoneData/raw/sessions/ds_buildingunknown_2026-07-20/session_2026-07-21_18-08-00/,session_root,complete,Copied and file-level verified 2026-08-30 (see raw_copy_verification_new_sessions_2026-08-30.json).
session_2026-07-21_18-08-16,ds_buildingunknown_2026-07-20,imu,/mnt/d/Data/imu/session_2026-07-21_18-08-16,gs://miamioh-resa-data/CapstoneData/raw/sessions/ds_buildingunknown_2026-07-20/session_2026-07-21_18-08-16/,session_root,complete,Copied and file-level verified 2026-08-30 (see raw_copy_verification_new_sessions_2026-08-30.json).
session_2026-07-21_18-08-56,ds_buildingunknown_2026-07-20,imu,/mnt/d/Data/imu/session_2026-07-21_18-08-56,gs://miamioh-resa-data/CapstoneData/raw/sessions/ds_buildingunknown_2026-07-20/session_2026-07-21_18-08-56/,session_root,complete,Copied and file-level verified 2026-08-30 (see raw_copy_verification_new_sessions_2026-08-30.json).
session_2026-07-21_18-09-11,ds_buildingunknown_2026-07-20,imu,/mnt/d/Data/imu/session_2026-07-21_18-09-11,gs://miamioh-resa-data/CapstoneData/raw/sessions/ds_buildingunknown_2026-07-20/session_2026-07-21_18-09-11/,session_root,complete,Copied and file-level verified 2026-08-30 (see raw_copy_verification_new_sessions_2026-08-30.json).
session_2026-07-21_18-09-27,ds_buildingunknown_2026-07-20,imu,/mnt/d/Data/imu/session_2026-07-21_18-09-27,gs://miamioh-resa-data/CapstoneData/raw/sessions/ds_buildingunknown_2026-07-20/session_2026-07-21_18-09-27/,session_root,complete,Copied and file-level verified 2026-08-30 (see raw_copy_verification_new_sessions_2026-08-30.json).
session_2026-07-21_18-09-42,ds_buildingunknown_2026-07-20,imu,/mnt/d/Data/imu/session_2026-07-21_18-09-42,gs://miamioh-resa-data/CapstoneData/raw/sessions/ds_buildingunknown_2026-07-20/session_2026-07-21_18-09-42/,session_root,complete,Copied and file-level verified 2026-08-30 (see raw_copy_verification_new_sessions_2026-08-30.json).
session_2026-07-21_18-09-58,ds_buildingunknown_2026-07-20,imu,/mnt/d/Data/imu/session_2026-07-21_18-09-58,gs://miamioh-resa-data/CapstoneData/raw/sessions/ds_buildingunknown_2026-07-20/session_2026-07-21_18-09-58/,session_root,complete,Copied and file-level verified 2026-08-30 (see raw_copy_verification_new_sessions_2026-08-30.json).
session_2026-07-21_18-10-13,ds_buildingunknown_2026-07-20,imu,/mnt/d/Data/imu/session_2026-07-21_18-10-13,gs://miamioh-resa-data/CapstoneData/raw/sessions/ds_buildingunknown_2026-07-20/session_2026-07-21_18-10-13/,session_root,complete,Copied and file-level verified 2026-08-30 (see raw_copy_verification_new_sessions_2026-08-30.json).
session_2026-07-21_18-10-29,ds_buildingunknown_2026-07-20,imu,/mnt/d/Data/imu/session_2026-07-21_18-10-29,gs://miamioh-resa-data/CapstoneData/raw/sessions/ds_buildingunknown_2026-07-20/session_2026-07-21_18-10-29/,session_root,complete,Copied and file-level verified 2026-08-30 (see raw_copy_verification_new_sessions_2026-08-30.json).
session_2026-07-21_18-10-44,ds_buildingunknown_2026-07-20,imu,/mnt/d/Data/imu/session_2026-07-21_18-10-44,gs://miamioh-resa-data/CapstoneData/raw/sessions/ds_buildingunknown_2026-07-20/session_2026-07-21_18-10-44/,session_root,complete,Copied and file-level verified 2026-08-30 (see raw_copy_verification_new_sessions_2026-08-30.json).
session_2026-07-21_18-11-32,ds_buildingunknown_2026-07-20,imu,/mnt/d/Data/imu/session_2026-07-21_18-11-32,gs://miamioh-resa-data/CapstoneData/raw/sessions/ds_buildingunknown_2026-07-20/session_2026-07-21_18-11-32/,session_root,complete,Copied and file-level verified 2026-08-30 (see raw_copy_verification_new_sessions_2026-08-30.json).
session_2026-07-21_18-11-47,ds_buildingunknown_2026-07-20,imu,/mnt/d/Data/imu/session_2026-07-21_18-11-47,gs://miamioh-resa-data/CapstoneData/raw/sessions/ds_buildingunknown_2026-07-20/session_2026-07-21_18-11-47/,session_root,complete,Copied and file-level verified 2026-08-30 (see raw_copy_verification_new_sessions_2026-08-30.json).
session_2026-07-21_18-12-03,ds_buildingunknown_2026-07-20,imu,/mnt/d/Data/imu/session_2026-07-21_18-12-03,gs://miamioh-resa-data/CapstoneData/raw/sessions/ds_buildingunknown_2026-07-20/session_2026-07-21_18-12-03/,session_root,complete,Copied and file-level verified 2026-08-30 (see raw_copy_verification_new_sessions_2026-08-30.json).
session_2026-07-21_18-12-18,ds_buildingunknown_2026-07-20,imu,/mnt/d/Data/imu/session_2026-07-21_18-12-18,gs://miamioh-resa-data/CapstoneData/raw/sessions/ds_buildingunknown_2026-07-20/session_2026-07-21_18-12-18/,session_root,complete,Copied and file-level verified 2026-08-30 (see raw_copy_verification_new_sessions_2026-08-30.json).
session_2026-07-21_18-12-34,ds_buildingunknown_2026-07-20,imu,/mnt/d/Data/imu/session_2026-07-21_18-12-34,gs://miamioh-resa-data/CapstoneData/raw/sessions/ds_buildingunknown_2026-07-20/session_2026-07-21_18-12-34/,session_root,complete,Copied and file-level verified 2026-08-30 (see raw_copy_verification_new_sessions_2026-08-30.json).
session_2026-07-21_18-12-49,ds_buildingunknown_2026-07-20,imu,/mnt/d/Data/imu/session_2026-07-21_18-12-49,gs://miamioh-resa-data/CapstoneData/raw/sessions/ds_buildingunknown_2026-07-20/session_2026-07-21_18-12-49/,session_root,complete,Copied and file-level verified 2026-08-30 (see raw_copy_verification_new_sessions_2026-08-30.json).
session_2026-07-21_18-13-05,ds_buildingunknown_2026-07-20,imu,/mnt/d/Data/imu/session_2026-07-21_18-13-05,gs://miamioh-resa-data/CapstoneData/raw/sessions/ds_buildingunknown_2026-07-20/session_2026-07-21_18-13-05/,session_root,complete,Copied and file-level verified 2026-08-30 (see raw_copy_verification_new_sessions_2026-08-30.json).
session_2026-07-27_14-26-36,ds_buildingunknown_2026-07-20,imu,/mnt/d/Data/imu/session_2026-07-27_14-26-36,gs://miamioh-resa-data/CapstoneData/raw/sessions/ds_buildingunknown_2026-07-20/session_2026-07-27_14-26-36/,session_root,complete,Copied and file-level verified 2026-08-30 (see raw_copy_verification_new_sessions_2026-08-30.json).
session_2026-07-27_14-30-56,ds_buildingunknown_2026-07-20,imu,/mnt/d/Data/imu/session_2026-07-27_14-30-56,gs://miamioh-resa-data/CapstoneData/raw/sessions/ds_buildingunknown_2026-07-20/session_2026-07-27_14-30-56/,session_root,complete,Copied and file-level verified 2026-08-30 (see raw_copy_verification_new_sessions_2026-08-30.json).
session_2026-07-27_14-31-11,ds_buildingunknown_2026-07-20,imu,/mnt/d/Data/imu/session_2026-07-27_14-31-11,gs://miamioh-resa-data/CapstoneData/raw/sessions/ds_buildingunknown_2026-07-20/session_2026-07-27_14-31-11/,session_root,complete,Copied and file-level verified 2026-08-30 (see raw_copy_verification_new_sessions_2026-08-30.json).
session_2026-07-27_14-31-27,ds_buildingunknown_2026-07-20,imu,/mnt/d/Data/imu/session_2026-07-27_14-31-27,gs://miamioh-resa-data/CapstoneData/raw/sessions/ds_buildingunknown_2026-07-20/session_2026-07-27_14-31-27/,session_root,complete,Copied and file-level verified 2026-08-30 (see raw_copy_verification_new_sessions_2026-08-30.json).
session_2026-07-27_14-31-42,ds_buildingunknown_2026-07-20,imu,/mnt/d/Data/imu/session_2026-07-27_14-31-42,gs://miamioh-resa-data/CapstoneData/raw/sessions/ds_buildingunknown_2026-07-20/session_2026-07-27_14-31-42/,session_root,complete,Copied and file-level verified 2026-08-30 (see raw_copy_verification_new_sessions_2026-08-30.json).
session_2026-07-27_14-31-58,ds_buildingunknown_2026-07-20,imu,/mnt/d/Data/imu/session_2026-07-27_14-31-58,gs://miamioh-resa-data/CapstoneData/raw/sessions/ds_buildingunknown_2026-07-20/session_2026-07-27_14-31-58/,session_root,complete,Copied and file-level verified 2026-08-30 (see raw_copy_verification_new_sessions_2026-08-30.json).
session_2026-07-27_14-32-14,ds_buildingunknown_2026-07-20,imu,/mnt/d/Data/imu/session_2026-07-27_14-32-14,gs://miamioh-resa-data/CapstoneData/raw/sessions/ds_buildingunknown_2026-07-20/session_2026-07-27_14-32-14/,session_root,complete,Copied and file-level verified 2026-08-30 (see raw_copy_verification_new_sessions_2026-08-30.json).
session_2026-07-27_14-32-30,ds_buildingunknown_2026-07-20,imu,/mnt/d/Data/imu/session_2026-07-27_14-32-30,gs://miamioh-resa-data/CapstoneData/raw/sessions/ds_buildingunknown_2026-07-20/session_2026-07-27_14-32-30/,session_root,complete,Copied and file-level verified 2026-08-30 (see raw_copy_verification_new_sessions_2026-08-30.json).
session_2026-07-27_14-32-46,ds_buildingunknown_2026-07-20,imu,/mnt/d/Data/imu/session_2026-07-27_14-32-46,gs://miamioh-resa-data/CapstoneData/raw/sessions/ds_buildingunknown_2026-07-20/session_2026-07-27_14-32-46/,session_root,complete,Copied and file-level verified 2026-08-30 (see raw_copy_verification_new_sessions_2026-08-30.json).
session_2026-07-27_14-33-26,ds_buildingunknown_2026-07-20,imu,/mnt/d/Data/imu/session_2026-07-27_14-33-26,gs://miamioh-resa-data/CapstoneData/raw/sessions/ds_buildingunknown_2026-07-20/session_2026-07-27_14-33-26/,session_root,complete,Copied and file-level verified 2026-08-30 (see raw_copy_verification_new_sessions_2026-08-30.json).
session_2026-07-27_14-33-41,ds_buildingunknown_2026-07-20,imu,/mnt/d/Data/imu/session_2026-07-27_14-33-41,gs://miamioh-resa-data/CapstoneData/raw/sessions/ds_buildingunknown_2026-07-20/session_2026-07-27_14-33-41/,session_root,complete,Copied and file-level verified 2026-08-30 (see raw_copy_verification_new_sessions_2026-08-30.json).
session_2026-07-27_14-33-57,ds_buildingunknown_2026-07-20,imu,/mnt/d/Data/imu/session_2026-07-27_14-33-57,gs://miamioh-resa-data/CapstoneData/raw/sessions/ds_buildingunknown_2026-07-20/session_2026-07-27_14-33-57/,session_root,complete,Copied and file-level verified 2026-08-30 (see raw_copy_verification_new_sessions_2026-08-30.json).
session_2026-07-27_14-34-13,ds_buildingunknown_2026-07-20,imu,/mnt/d/Data/imu/session_2026-07-27_14-34-13,gs://miamioh-resa-data/CapstoneData/raw/sessions/ds_buildingunknown_2026-07-20/session_2026-07-27_14-34-13/,session_root,complete,Copied and file-level verified 2026-08-30 (see raw_copy_verification_new_sessions_2026-08-30.json).
session_2026-07-27_14-34-28,ds_buildingunknown_2026-07-20,imu,/mnt/d/Data/imu/session_2026-07-27_14-34-28,gs://miamioh-resa-data/CapstoneData/raw/sessions/ds_buildingunknown_2026-07-20/session_2026-07-27_14-34-28/,session_root,complete,Copied and file-level verified 2026-08-30 (see raw_copy_verification_new_sessions_2026-08-30.json).
session_2026-07-27_14-34-44,ds_buildingunknown_2026-07-20,imu,/mnt/d/Data/imu/session_2026-07-27_14-34-44,gs://miamioh-resa-data/CapstoneData/raw/sessions/ds_buildingunknown_2026-07-20/session_2026-07-27_14-34-44/,session_root,complete,Copied and file-level verified 2026-08-30 (see raw_copy_verification_new_sessions_2026-08-30.json).
session_2026-07-27_14-35-00,ds_buildingunknown_2026-07-20,imu,/mnt/d/Data/imu/session_2026-07-27_14-35-00,gs://miamioh-resa-data/CapstoneData/raw/sessions/ds_buildingunknown_2026-07-20/session_2026-07-27_14-35-00/,session_root,complete,Copied and file-level verified 2026-08-30 (see raw_copy_verification_new_sessions_2026-08-30.json).
session_2026-07-27_14-35-15,ds_buildingunknown_2026-07-20,imu,/mnt/d/Data/imu/session_2026-07-27_14-35-15,gs://miamioh-resa-data/CapstoneData/raw/sessions/ds_buildingunknown_2026-07-20/session_2026-07-27_14-35-15/,session_root,complete,Copied and file-level verified 2026-08-30 (see raw_copy_verification_new_sessions_2026-08-30.json).
session_2026-07-27_14-36-09,ds_buildingunknown_2026-07-20,imu,/mnt/d/Data/imu/session_2026-07-27_14-36-09,gs://miamioh-resa-data/CapstoneData/raw/sessions/ds_buildingunknown_2026-07-20/session_2026-07-27_14-36-09/,session_root,complete,Copied and file-level verified 2026-08-30 (see raw_copy_verification_new_sessions_2026-08-30.json).
session_2026-07-27_14-36-25,ds_buildingunknown_2026-07-20,imu,/mnt/d/Data/imu/session_2026-07-27_14-36-25,gs://miamioh-resa-data/CapstoneData/raw/sessions/ds_buildingunknown_2026-07-20/session_2026-07-27_14-36-25/,session_root,complete,Copied and file-level verified 2026-08-30 (see raw_copy_verification_new_sessions_2026-08-30.json).
session_2026-07-27_14-36-40,ds_buildingunknown_2026-07-20,imu,/mnt/d/Data/imu/session_2026-07-27_14-36-40,gs://miamioh-resa-data/CapstoneData/raw/sessions/ds_buildingunknown_2026-07-20/session_2026-07-27_14-36-40/,session_root,complete,Copied and file-level verified 2026-08-30 (see raw_copy_verification_new_sessions_2026-08-30.json).
session_2026-07-27_14-36-56,ds_buildingunknown_2026-07-20,imu,/mnt/d/Data/imu/session_2026-07-27_14-36-56,gs://miamioh-resa-data/CapstoneData/raw/sessions/ds_buildingunknown_2026-07-20/session_2026-07-27_14-36-56/,session_root,complete,Copied and file-level verified 2026-08-30 (see raw_copy_verification_new_sessions_2026-08-30.json).
session_2026-07-27_14-37-14,ds_buildingunknown_2026-07-20,imu,/mnt/d/Data/imu/session_2026-07-27_14-37-14,gs://miamioh-resa-data/CapstoneData/raw/sessions/ds_buildingunknown_2026-07-20/session_2026-07-27_14-37-14/,session_root,complete,Copied and file-level verified 2026-08-30 (see raw_copy_verification_new_sessions_2026-08-30.json).
session_2026-07-27_14-37-31,ds_buildingunknown_2026-07-20,imu,/mnt/d/Data/imu/session_2026-07-27_14-37-31,gs://miamioh-resa-data/CapstoneData/raw/sessions/ds_buildingunknown_2026-07-20/session_2026-07-27_14-37-31/,session_root,complete,Copied and file-level verified 2026-08-30 (see raw_copy_verification_new_sessions_2026-08-30.json).
session_2026-07-27_14-37-46,ds_buildingunknown_2026-07-20,imu,/mnt/d/Data/imu/session_2026-07-27_14-37-46,gs://miamioh-resa-data/CapstoneData/raw/sessions/ds_buildingunknown_2026-07-20/session_2026-07-27_14-37-46/,session_root,complete,Copied and file-level verified 2026-08-30 (see raw_copy_verification_new_sessions_2026-08-30.json).
session_2026-07-27_14-38-02,ds_buildingunknown_2026-07-20,imu,/mnt/d/Data/imu/session_2026-07-27_14-38-02,gs://miamioh-resa-data/CapstoneData/raw/sessions/ds_buildingunknown_2026-07-20/session_2026-07-27_14-38-02/,session_root,complete,Copied and file-level verified 2026-08-30 (see raw_copy_verification_new_sessions_2026-08-30.json).
session_2026-07-27_14-38-49,ds_buildingunknown_2026-07-20,imu,/mnt/d/Data/imu/session_2026-07-27_14-38-49,gs://miamioh-resa-data/CapstoneData/raw/sessions/ds_buildingunknown_2026-07-20/session_2026-07-27_14-38-49/,session_root,complete,Copied and file-level verified 2026-08-30 (see raw_copy_verification_new_sessions_2026-08-30.json).
session_2026-07-27_14-39-04,ds_buildingunknown_2026-07-20,imu,/mnt/d/Data/imu/session_2026-07-27_14-39-04,gs://miamioh-resa-data/CapstoneData/raw/sessions/ds_buildingunknown_2026-07-20/session_2026-07-27_14-39-04/,session_root,complete,Copied and file-level verified 2026-08-30 (see raw_copy_verification_new_sessions_2026-08-30.json).
session_2026-07-27_14-39-20,ds_buildingunknown_2026-07-20,imu,/mnt/d/Data/imu/session_2026-07-27_14-39-20,gs://miamioh-resa-data/CapstoneData/raw/sessions/ds_buildingunknown_2026-07-20/session_2026-07-27_14-39-20/,session_root,complete,Copied and file-level verified 2026-08-30 (see raw_copy_verification_new_sessions_2026-08-30.json).
session_2026-07-27_14-39-36,ds_buildingunknown_2026-07-20,imu,/mnt/d/Data/imu/session_2026-07-27_14-39-36,gs://miamioh-resa-data/CapstoneData/raw/sessions/ds_buildingunknown_2026-07-20/session_2026-07-27_14-39-36/,session_root,complete,Copied and file-level verified 2026-08-30 (see raw_copy_verification_new_sessions_2026-08-30.json).
session_2026-07-27_14-39-52,ds_buildingunknown_2026-07-20,imu,/mnt/d/Data/imu/session_2026-07-27_14-39-52,gs://miamioh-resa-data/CapstoneData/raw/sessions/ds_buildingunknown_2026-07-20/session_2026-07-27_14-39-52/,session_root,complete,Copied and file-level verified 2026-08-30 (see raw_copy_verification_new_sessions_2026-08-30.json).
session_2026-07-27_14-40-08,ds_buildingunknown_2026-07-20,imu,/mnt/d/Data/imu/session_2026-07-27_14-40-08,gs://miamioh-resa-data/CapstoneData/raw/sessions/ds_buildingunknown_2026-07-20/session_2026-07-27_14-40-08/,session_root,complete,Copied and file-level verified 2026-08-30 (see raw_copy_verification_new_sessions_2026-08-30.json).
session_2026-07-27_14-40-23,ds_buildingunknown_2026-07-20,imu,/mnt/d/Data/imu/session_2026-07-27_14-40-23,gs://miamioh-resa-data/CapstoneData/raw/sessions/ds_buildingunknown_2026-07-20/session_2026-07-27_14-40-23/,session_root,complete,Copied and file-level verified 2026-08-30 (see raw_copy_verification_new_sessions_2026-08-30.json).
session_2026-07-27_14-40-39,ds_buildingunknown_2026-07-20,imu,/mnt/d/Data/imu/session_2026-07-27_14-40-39,gs://miamioh-resa-data/CapstoneData/raw/sessions/ds_buildingunknown_2026-07-20/session_2026-07-27_14-40-39/,session_root,complete,Copied and file-level verified 2026-08-30 (see raw_copy_verification_new_sessions_2026-08-30.json).
session_2026-07-27_14-41-10,ds_buildingunknown_2026-07-20,imu,/mnt/d/Data/imu/session_2026-07-27_14-41-10,gs://miamioh-resa-data/CapstoneData/raw/sessions/ds_buildingunknown_2026-07-20/session_2026-07-27_14-41-10/,session_root,complete,Copied and file-level verified 2026-08-30 (see raw_copy_verification_new_sessions_2026-08-30.json).
session_2026-07-27_14-41-26,ds_buildingunknown_2026-07-20,imu,/mnt/d/Data/imu/session_2026-07-27_14-41-26,gs://miamioh-resa-data/CapstoneData/raw/sessions/ds_buildingunknown_2026-07-20/session_2026-07-27_14-41-26/,session_root,complete,Copied and file-level verified 2026-08-30 (see raw_copy_verification_new_sessions_2026-08-30.json).
session_2026-07-27_14-41-41,ds_buildingunknown_2026-07-20,imu,/mnt/d/Data/imu/session_2026-07-27_14-41-41,gs://miamioh-resa-data/CapstoneData/raw/sessions/ds_buildingunknown_2026-07-20/session_2026-07-27_14-41-41/,session_root,complete,Copied and file-level verified 2026-08-30 (see raw_copy_verification_new_sessions_2026-08-30.json).
session_2026-07-27_14-41-57,ds_buildingunknown_2026-07-20,imu,/mnt/d/Data/imu/session_2026-07-27_14-41-57,gs://miamioh-resa-data/CapstoneData/raw/sessions/ds_buildingunknown_2026-07-20/session_2026-07-27_14-41-57/,session_root,complete,Copied and file-level verified 2026-08-30 (see raw_copy_verification_new_sessions_2026-08-30.json).
session_2026-07-27_14-42-17,ds_buildingunknown_2026-07-20,imu,/mnt/d/Data/imu/session_2026-07-27_14-42-17,gs://miamioh-resa-data/CapstoneData/raw/sessions/ds_buildingunknown_2026-07-20/session_2026-07-27_14-42-17/,session_root,complete,Copied and file-level verified 2026-08-30 (see raw_copy_verification_new_sessions_2026-08-30.json).
session_2026-07-27_14-42-33,ds_buildingunknown_2026-07-20,imu,/mnt/d/Data/imu/session_2026-07-27_14-42-33,gs://miamioh-resa-data/CapstoneData/raw/sessions/ds_buildingunknown_2026-07-20/session_2026-07-27_14-42-33/,session_root,complete,Copied and file-level verified 2026-08-30 (see raw_copy_verification_new_sessions_2026-08-30.json).
session_2026-07-27_14-42-48,ds_buildingunknown_2026-07-20,imu,/mnt/d/Data/imu/session_2026-07-27_14-42-48,gs://miamioh-resa-data/CapstoneData/raw/sessions/ds_buildingunknown_2026-07-20/session_2026-07-27_14-42-48/,session_root,complete,Copied and file-level verified 2026-08-30 (see raw_copy_verification_new_sessions_2026-08-30.json).
session_2026-07-27_14-43-04,ds_buildingunknown_2026-07-20,imu,/mnt/d/Data/imu/session_2026-07-27_14-43-04,gs://miamioh-resa-data/CapstoneData/raw/sessions/ds_buildingunknown_2026-07-20/session_2026-07-27_14-43-04/,session_root,complete,Copied and file-level verified 2026-08-30 (see raw_copy_verification_new_sessions_2026-08-30.json).
session_2026-07-27_14-50-40,ds_buildingunknown_2026-07-20,imu,/mnt/d/Data/imu/session_2026-07-27_14-50-40,gs://miamioh-resa-data/CapstoneData/raw/sessions/ds_buildingunknown_2026-07-20/session_2026-07-27_14-50-40/,session_root,complete,Copied and file-level verified 2026-08-30 (see raw_copy_verification_new_sessions_2026-08-30.json).
session_2026-07-27_14-50-56,ds_buildingunknown_2026-07-20,imu,/mnt/d/Data/imu/session_2026-07-27_14-50-56,gs://miamioh-resa-data/CapstoneData/raw/sessions/ds_buildingunknown_2026-07-20/session_2026-07-27_14-50-56/,session_root,complete,Copied and file-level verified 2026-08-30 (see raw_copy_verification_new_sessions_2026-08-30.json).
session_2026-07-27_14-51-11,ds_buildingunknown_2026-07-20,imu,/mnt/d/Data/imu/session_2026-07-27_14-51-11,gs://miamioh-resa-data/CapstoneData/raw/sessions/ds_buildingunknown_2026-07-20/session_2026-07-27_14-51-11/,session_root,complete,Copied and file-level verified 2026-08-30 (see raw_copy_verification_new_sessions_2026-08-30.json).
session_2026-07-27_14-51-27,ds_buildingunknown_2026-07-20,imu,/mnt/d/Data/imu/session_2026-07-27_14-51-27,gs://miamioh-resa-data/CapstoneData/raw/sessions/ds_buildingunknown_2026-07-20/session_2026-07-27_14-51-27/,session_root,complete,Copied and file-level verified 2026-08-30 (see raw_copy_verification_new_sessions_2026-08-30.json).
session_2026-07-27_14-51-42,ds_buildingunknown_2026-07-20,imu,/mnt/d/Data/imu/session_2026-07-27_14-51-42,gs://miamioh-resa-data/CapstoneData/raw/sessions/ds_buildingunknown_2026-07-20/session_2026-07-27_14-51-42/,session_root,complete,Copied and file-level verified 2026-08-30 (see raw_copy_verification_new_sessions_2026-08-30.json).
session_2026-07-27_14-51-58,ds_buildingunknown_2026-07-20,imu,/mnt/d/Data/imu/session_2026-07-27_14-51-58,gs://miamioh-resa-data/CapstoneData/raw/sessions/ds_buildingunknown_2026-07-20/session_2026-07-27_14-51-58/,session_root,complete,Copied and file-level verified 2026-08-30 (see raw_copy_verification_new_sessions_2026-08-30.json).
session_2026-07-27_14-52-15,ds_buildingunknown_2026-07-20,imu,/mnt/d/Data/imu/session_2026-07-27_14-52-15,gs://miamioh-resa-data/CapstoneData/raw/sessions/ds_buildingunknown_2026-07-20/session_2026-07-27_14-52-15/,session_root,complete,Copied and file-level verified 2026-08-30 (see raw_copy_verification_new_sessions_2026-08-30.json).
session_2026-07-27_14-52-31,ds_buildingunknown_2026-07-20,imu,/mnt/d/Data/imu/session_2026-07-27_14-52-31,gs://miamioh-resa-data/CapstoneData/raw/sessions/ds_buildingunknown_2026-07-20/session_2026-07-27_14-52-31/,session_root,complete,Copied and file-level verified 2026-08-30 (see raw_copy_verification_new_sessions_2026-08-30.json).
session_2026-07-27_14-53-06,ds_buildingunknown_2026-07-20,imu,/mnt/d/Data/imu/session_2026-07-27_14-53-06,gs://miamioh-resa-data/CapstoneData/raw/sessions/ds_buildingunknown_2026-07-20/session_2026-07-27_14-53-06/,session_root,complete,Copied and file-level verified 2026-08-30 (see raw_copy_verification_new_sessions_2026-08-30.json).
session_2026-07-27_14-53-22,ds_buildingunknown_2026-07-20,imu,/mnt/d/Data/imu/session_2026-07-27_14-53-22,gs://miamioh-resa-data/CapstoneData/raw/sessions/ds_buildingunknown_2026-07-20/session_2026-07-27_14-53-22/,session_root,complete,Copied and file-level verified 2026-08-30 (see raw_copy_verification_new_sessions_2026-08-30.json).
session_2026-07-27_14-53-38,ds_buildingunknown_2026-07-20,imu,/mnt/d/Data/imu/session_2026-07-27_14-53-38,gs://miamioh-resa-data/CapstoneData/raw/sessions/ds_buildingunknown_2026-07-20/session_2026-07-27_14-53-38/,session_root,complete,Copied and file-level verified 2026-08-30 (see raw_copy_verification_new_sessions_2026-08-30.json).
session_2026-07-27_14-53-55,ds_buildingunknown_2026-07-20,imu,/mnt/d/Data/imu/session_2026-07-27_14-53-55,gs://miamioh-resa-data/CapstoneData/raw/sessions/ds_buildingunknown_2026-07-20/session_2026-07-27_14-53-55/,session_root,complete,Copied and file-level verified 2026-08-30 (see raw_copy_verification_new_sessions_2026-08-30.json).
session_2026-07-27_14-54-11,ds_buildingunknown_2026-07-20,imu,/mnt/d/Data/imu/session_2026-07-27_14-54-11,gs://miamioh-resa-data/CapstoneData/raw/sessions/ds_buildingunknown_2026-07-20/session_2026-07-27_14-54-11/,session_root,complete,Copied and file-level verified 2026-08-30 (see raw_copy_verification_new_sessions_2026-08-30.json).
session_2026-07-27_14-54-27,ds_buildingunknown_2026-07-20,imu,/mnt/d/Data/imu/session_2026-07-27_14-54-27,gs://miamioh-resa-data/CapstoneData/raw/sessions/ds_buildingunknown_2026-07-20/session_2026-07-27_14-54-27/,session_root,complete,Copied and file-level verified 2026-08-30 (see raw_copy_verification_new_sessions_2026-08-30.json).
session_2026-07-27_14-54-42,ds_buildingunknown_2026-07-20,imu,/mnt/d/Data/imu/session_2026-07-27_14-54-42,gs://miamioh-resa-data/CapstoneData/raw/sessions/ds_buildingunknown_2026-07-20/session_2026-07-27_14-54-42/,session_root,complete,Copied and file-level verified 2026-08-30 (see raw_copy_verification_new_sessions_2026-08-30.json).
session_2026-07-27_14-54-58,ds_buildingunknown_2026-07-20,imu,/mnt/d/Data/imu/session_2026-07-27_14-54-58,gs://miamioh-resa-data/CapstoneData/raw/sessions/ds_buildingunknown_2026-07-20/session_2026-07-27_14-54-58/,session_root,complete,Copied and file-level verified 2026-08-30 (see raw_copy_verification_new_sessions_2026-08-30.json).
session_2026-07-27_14-55-30,ds_buildingunknown_2026-07-20,imu,/mnt/d/Data/imu/session_2026-07-27_14-55-30,gs://miamioh-resa-data/CapstoneData/raw/sessions/ds_buildingunknown_2026-07-20/session_2026-07-27_14-55-30/,session_root,complete,Copied and file-level verified 2026-08-30 (see raw_copy_verification_new_sessions_2026-08-30.json).
session_2026-07-27_14-55-46,ds_buildingunknown_2026-07-20,imu,/mnt/d/Data/imu/session_2026-07-27_14-55-46,gs://miamioh-resa-data/CapstoneData/raw/sessions/ds_buildingunknown_2026-07-20/session_2026-07-27_14-55-46/,session_root,complete,Copied and file-level verified 2026-08-30 (see raw_copy_verification_new_sessions_2026-08-30.json).
session_2026-07-27_14-56-03,ds_buildingunknown_2026-07-20,imu,/mnt/d/Data/imu/session_2026-07-27_14-56-03,gs://miamioh-resa-data/CapstoneData/raw/sessions/ds_buildingunknown_2026-07-20/session_2026-07-27_14-56-03/,session_root,complete,Copied and file-level verified 2026-08-30 (see raw_copy_verification_new_sessions_2026-08-30.json).
session_2026-07-27_14-56-18,ds_buildingunknown_2026-07-20,imu,/mnt/d/Data/imu/session_2026-07-27_14-56-18,gs://miamioh-resa-data/CapstoneData/raw/sessions/ds_buildingunknown_2026-07-20/session_2026-07-27_14-56-18/,session_root,complete,Copied and file-level verified 2026-08-30 (see raw_copy_verification_new_sessions_2026-08-30.json).
session_2026-07-27_14-56-34,ds_buildingunknown_2026-07-20,imu,/mnt/d/Data/imu/session_2026-07-27_14-56-34,gs://miamioh-resa-data/CapstoneData/raw/sessions/ds_buildingunknown_2026-07-20/session_2026-07-27_14-56-34/,session_root,complete,Copied and file-level verified 2026-08-30 (see raw_copy_verification_new_sessions_2026-08-30.json).
session_2026-07-27_14-56-49,ds_buildingunknown_2026-07-20,imu,/mnt/d/Data/imu/session_2026-07-27_14-56-49,gs://miamioh-resa-data/CapstoneData/raw/sessions/ds_buildingunknown_2026-07-20/session_2026-07-27_14-56-49/,session_root,complete,Copied and file-level verified 2026-08-30 (see raw_copy_verification_new_sessions_2026-08-30.json).
session_2026-07-27_14-57-05,ds_buildingunknown_2026-07-20,imu,/mnt/d/Data/imu/session_2026-07-27_14-57-05,gs://miamioh-resa-data/CapstoneData/raw/sessions/ds_buildingunknown_2026-07-20/session_2026-07-27_14-57-05/,session_root,complete,Copied and file-level verified 2026-08-30 (see raw_copy_verification_new_sessions_2026-08-30.json).
session_2026-07-27_14-57-20,ds_buildingunknown_2026-07-20,imu,/mnt/d/Data/imu/session_2026-07-27_14-57-20,gs://miamioh-resa-data/CapstoneData/raw/sessions/ds_buildingunknown_2026-07-20/session_2026-07-27_14-57-20/,session_root,complete,Copied and file-level verified 2026-08-30 (see raw_copy_verification_new_sessions_2026-08-30.json).
session_2026-07-27_14-58-23,ds_buildingunknown_2026-07-20,imu,/mnt/d/Data/imu/session_2026-07-27_14-58-23,gs://miamioh-resa-data/CapstoneData/raw/sessions/ds_buildingunknown_2026-07-20/session_2026-07-27_14-58-23/,session_root,complete,Copied and file-level verified 2026-08-30 (see raw_copy_verification_new_sessions_2026-08-30.json).
session_2026-07-27_14-58-38,ds_buildingunknown_2026-07-20,imu,/mnt/d/Data/imu/session_2026-07-27_14-58-38,gs://miamioh-resa-data/CapstoneData/raw/sessions/ds_buildingunknown_2026-07-20/session_2026-07-27_14-58-38/,session_root,complete,Copied and file-level verified 2026-08-30 (see raw_copy_verification_new_sessions_2026-08-30.json).
session_2026-07-27_14-58-54,ds_buildingunknown_2026-07-20,imu,/mnt/d/Data/imu/session_2026-07-27_14-58-54,gs://miamioh-resa-data/CapstoneData/raw/sessions/ds_buildingunknown_2026-07-20/session_2026-07-27_14-58-54/,session_root,complete,Copied and file-level verified 2026-08-30 (see raw_copy_verification_new_sessions_2026-08-30.json).
session_2026-07-27_14-59-11,ds_buildingunknown_2026-07-20,imu,/mnt/d/Data/imu/session_2026-07-27_14-59-11,gs://miamioh-resa-data/CapstoneData/raw/sessions/ds_buildingunknown_2026-07-20/session_2026-07-27_14-59-11/,session_root,complete,Copied and file-level verified 2026-08-30 (see raw_copy_verification_new_sessions_2026-08-30.json).
session_2026-07-27_14-59-26,ds_buildingunknown_2026-07-20,imu,/mnt/d/Data/imu/session_2026-07-27_14-59-26,gs://miamioh-resa-data/CapstoneData/raw/sessions/ds_buildingunknown_2026-07-20/session_2026-07-27_14-59-26/,session_root,complete,Copied and file-level verified 2026-08-30 (see raw_copy_verification_new_sessions_2026-08-30.json).
session_2026-07-27_14-59-42,ds_buildingunknown_2026-07-20,imu,/mnt/d/Data/imu/session_2026-07-27_14-59-42,gs://miamioh-resa-data/CapstoneData/raw/sessions/ds_buildingunknown_2026-07-20/session_2026-07-27_14-59-42/,session_root,complete,Copied and file-level verified 2026-08-30 (see raw_copy_verification_new_sessions_2026-08-30.json).
session_2026-07-27_14-59-57,ds_buildingunknown_2026-07-20,imu,/mnt/d/Data/imu/session_2026-07-27_14-59-57,gs://miamioh-resa-data/CapstoneData/raw/sessions/ds_buildingunknown_2026-07-20/session_2026-07-27_14-59-57/,session_root,complete,Copied and file-level verified 2026-08-30 (see raw_copy_verification_new_sessions_2026-08-30.json).
session_2026-07-27_15-00-13,ds_buildingunknown_2026-07-20,imu,/mnt/d/Data/imu/session_2026-07-27_15-00-13,gs://miamioh-resa-data/CapstoneData/raw/sessions/ds_buildingunknown_2026-07-20/session_2026-07-27_15-00-13/,session_root,complete,Copied and file-level verified 2026-08-30 (see raw_copy_verification_new_sessions_2026-08-30.json).
session_2026-07-27_15-02-06,ds_buildingunknown_2026-07-20,imu,/mnt/d/Data/imu/session_2026-07-27_15-02-06,gs://miamioh-resa-data/CapstoneData/raw/sessions/ds_buildingunknown_2026-07-20/session_2026-07-27_15-02-06/,session_root,complete,Copied and file-level verified 2026-08-30 (see raw_copy_verification_new_sessions_2026-08-30.json).
session_2026-07-27_15-02-21,ds_buildingunknown_2026-07-20,imu,/mnt/d/Data/imu/session_2026-07-27_15-02-21,gs://miamioh-resa-data/CapstoneData/raw/sessions/ds_buildingunknown_2026-07-20/session_2026-07-27_15-02-21/,session_root,complete,Copied and file-level verified 2026-08-30 (see raw_copy_verification_new_sessions_2026-08-30.json).
session_2026-07-27_15-02-37,ds_buildingunknown_2026-07-20,imu,/mnt/d/Data/imu/session_2026-07-27_15-02-37,gs://miamioh-resa-data/CapstoneData/raw/sessions/ds_buildingunknown_2026-07-20/session_2026-07-27_15-02-37/,session_root,complete,Copied and file-level verified 2026-08-30 (see raw_copy_verification_new_sessions_2026-08-30.json).
session_2026-07-27_15-02-53,ds_buildingunknown_2026-07-20,imu,/mnt/d/Data/imu/session_2026-07-27_15-02-53,gs://miamioh-resa-data/CapstoneData/raw/sessions/ds_buildingunknown_2026-07-20/session_2026-07-27_15-02-53/,session_root,complete,Copied and file-level verified 2026-08-30 (see raw_copy_verification_new_sessions_2026-08-30.json).
session_2026-07-27_15-03-10,ds_buildingunknown_2026-07-20,imu,/mnt/d/Data/imu/session_2026-07-27_15-03-10,gs://miamioh-resa-data/CapstoneData/raw/sessions/ds_buildingunknown_2026-07-20/session_2026-07-27_15-03-10/,session_root,complete,Copied and file-level verified 2026-08-30 (see raw_copy_verification_new_sessions_2026-08-30.json).
session_2026-07-27_15-03-26,ds_buildingunknown_2026-07-20,imu,/mnt/d/Data/imu/session_2026-07-27_15-03-26,gs://miamioh-resa-data/CapstoneData/raw/sessions/ds_buildingunknown_2026-07-20/session_2026-07-27_15-03-26/,session_root,complete,Copied and file-level verified 2026-08-30 (see raw_copy_verification_new_sessions_2026-08-30.json).
session_2026-07-27_15-10-09,ds_buildingunknown_2026-07-20,imu,/mnt/d/Data/imu/session_2026-07-27_15-10-09,gs://miamioh-resa-data/CapstoneData/raw/sessions/ds_buildingunknown_2026-07-20/session_2026-07-27_15-10-09/,session_root,complete,Copied and file-level verified 2026-08-30 (see raw_copy_verification_new_sessions_2026-08-30.json).
session_2026-07-27_15-14-57,ds_buildingunknown_2026-07-20,imu,/mnt/d/Data/imu/session_2026-07-27_15-14-57,gs://miamioh-resa-data/CapstoneData/raw/sessions/ds_buildingunknown_2026-07-20/session_2026-07-27_15-14-57/,session_root,complete,Copied and file-level verified 2026-08-30 (see raw_copy_verification_new_sessions_2026-08-30.json).
session_2026-07-27_15-15-13,ds_buildingunknown_2026-07-20,imu,/mnt/d/Data/imu/session_2026-07-27_15-15-13,gs://miamioh-resa-data/CapstoneData/raw/sessions/ds_buildingunknown_2026-07-20/session_2026-07-27_15-15-13/,session_root,complete,Copied and file-level verified 2026-08-30 (see raw_copy_verification_new_sessions_2026-08-30.json).
session_2026-07-27_15-15-28,ds_buildingunknown_2026-07-20,imu,/mnt/d/Data/imu/session_2026-07-27_15-15-28,gs://miamioh-resa-data/CapstoneData/raw/sessions/ds_buildingunknown_2026-07-20/session_2026-07-27_15-15-28/,session_root,complete,Copied and file-level verified 2026-08-30 (see raw_copy_verification_new_sessions_2026-08-30.json).
session_2026-07-27_15-15-44,ds_buildingunknown_2026-07-20,imu,/mnt/d/Data/imu/session_2026-07-27_15-15-44,gs://miamioh-resa-data/CapstoneData/raw/sessions/ds_buildingunknown_2026-07-20/session_2026-07-27_15-15-44/,session_root,complete,Copied and file-level verified 2026-08-30 (see raw_copy_verification_new_sessions_2026-08-30.json).
session_2026-07-27_15-16-01,ds_buildingunknown_2026-07-20,imu,/mnt/d/Data/imu/session_2026-07-27_15-16-01,gs://miamioh-resa-data/CapstoneData/raw/sessions/ds_buildingunknown_2026-07-20/session_2026-07-27_15-16-01/,session_root,complete,Copied and file-level verified 2026-08-30 (see raw_copy_verification_new_sessions_2026-08-30.json).
session_2026-07-27_15-16-17,ds_buildingunknown_2026-07-20,imu,/mnt/d/Data/imu/session_2026-07-27_15-16-17,gs://miamioh-resa-data/CapstoneData/raw/sessions/ds_buildingunknown_2026-07-20/session_2026-07-27_15-16-17/,session_root,complete,Copied and file-level verified 2026-08-30 (see raw_copy_verification_new_sessions_2026-08-30.json).
session_2026-07-27_15-16-33,ds_buildingunknown_2026-07-20,imu,/mnt/d/Data/imu/session_2026-07-27_15-16-33,gs://miamioh-resa-data/CapstoneData/raw/sessions/ds_buildingunknown_2026-07-20/session_2026-07-27_15-16-33/,session_root,complete,Copied and file-level verified 2026-08-30 (see raw_copy_verification_new_sessions_2026-08-30.json).
session_2026-07-27_15-16-48,ds_buildingunknown_2026-07-20,imu,/mnt/d/Data/imu/session_2026-07-27_15-16-48,gs://miamioh-resa-data/CapstoneData/raw/sessions/ds_buildingunknown_2026-07-20/session_2026-07-27_15-16-48/,session_root,complete,Copied and file-level verified 2026-08-30 (see raw_copy_verification_new_sessions_2026-08-30.json).
session_2026-07-27_15-17-42,ds_buildingunknown_2026-07-20,imu,/mnt/d/Data/imu/session_2026-07-27_15-17-42,gs://miamioh-resa-data/CapstoneData/raw/sessions/ds_buildingunknown_2026-07-20/session_2026-07-27_15-17-42/,session_root,complete,Copied and file-level verified 2026-08-30 (see raw_copy_verification_new_sessions_2026-08-30.json).
session_2026-07-27_15-17-57,ds_buildingunknown_2026-07-20,imu,/mnt/d/Data/imu/session_2026-07-27_15-17-57,gs://miamioh-resa-data/CapstoneData/raw/sessions/ds_buildingunknown_2026-07-20/session_2026-07-27_15-17-57/,session_root,complete,Copied and file-level verified 2026-08-30 (see raw_copy_verification_new_sessions_2026-08-30.json).
session_2026-07-27_15-18-13,ds_buildingunknown_2026-07-20,imu,/mnt/d/Data/imu/session_2026-07-27_15-18-13,gs://miamioh-resa-data/CapstoneData/raw/sessions/ds_buildingunknown_2026-07-20/session_2026-07-27_15-18-13/,session_root,complete,Copied and file-level verified 2026-08-30 (see raw_copy_verification_new_sessions_2026-08-30.json).
session_2026-07-27_15-18-28,ds_buildingunknown_2026-07-20,imu,/mnt/d/Data/imu/session_2026-07-27_15-18-28,gs://miamioh-resa-data/CapstoneData/raw/sessions/ds_buildingunknown_2026-07-20/session_2026-07-27_15-18-28/,session_root,complete,Copied and file-level verified 2026-08-30 (see raw_copy_verification_new_sessions_2026-08-30.json).
session_2026-07-27_15-18-44,ds_buildingunknown_2026-07-20,imu,/mnt/d/Data/imu/session_2026-07-27_15-18-44,gs://miamioh-resa-data/CapstoneData/raw/sessions/ds_buildingunknown_2026-07-20/session_2026-07-27_15-18-44/,session_root,complete,Copied and file-level verified 2026-08-30 (see raw_copy_verification_new_sessions_2026-08-30.json).
session_2026-07-27_15-18-59,ds_buildingunknown_2026-07-20,imu,/mnt/d/Data/imu/session_2026-07-27_15-18-59,gs://miamioh-resa-data/CapstoneData/raw/sessions/ds_buildingunknown_2026-07-20/session_2026-07-27_15-18-59/,session_root,complete,Copied and file-level verified 2026-08-30 (see raw_copy_verification_new_sessions_2026-08-30.json).
session_2026-07-27_15-19-15,ds_buildingunknown_2026-07-20,imu,/mnt/d/Data/imu/session_2026-07-27_15-19-15,gs://miamioh-resa-data/CapstoneData/raw/sessions/ds_buildingunknown_2026-07-20/session_2026-07-27_15-19-15/,session_root,complete,Copied and file-level verified 2026-08-30 (see raw_copy_verification_new_sessions_2026-08-30.json).
session_2026-07-27_15-19-30,ds_buildingunknown_2026-07-20,imu,/mnt/d/Data/imu/session_2026-07-27_15-19-30,gs://miamioh-resa-data/CapstoneData/raw/sessions/ds_buildingunknown_2026-07-20/session_2026-07-27_15-19-30/,session_root,complete,Copied and file-level verified 2026-08-30 (see raw_copy_verification_new_sessions_2026-08-30.json).
session_2026-07-27_15-21-11,ds_buildingunknown_2026-07-20,imu,/mnt/d/Data/imu/session_2026-07-27_15-21-11,gs://miamioh-resa-data/CapstoneData/raw/sessions/ds_buildingunknown_2026-07-20/session_2026-07-27_15-21-11/,session_root,complete,Copied and file-level verified 2026-08-30 (see raw_copy_verification_new_sessions_2026-08-30.json).
session_2026-07-27_15-21-26,ds_buildingunknown_2026-07-20,imu,/mnt/d/Data/imu/session_2026-07-27_15-21-26,gs://miamioh-resa-data/CapstoneData/raw/sessions/ds_buildingunknown_2026-07-20/session_2026-07-27_15-21-26/,session_root,complete,Copied and file-level verified 2026-08-30 (see raw_copy_verification_new_sessions_2026-08-30.json).
session_2026-07-27_15-21-42,ds_buildingunknown_2026-07-20,imu,/mnt/d/Data/imu/session_2026-07-27_15-21-42,gs://miamioh-resa-data/CapstoneData/raw/sessions/ds_buildingunknown_2026-07-20/session_2026-07-27_15-21-42/,session_root,complete,Copied and file-level verified 2026-08-30 (see raw_copy_verification_new_sessions_2026-08-30.json).
session_2026-07-27_15-21-57,ds_buildingunknown_2026-07-20,imu,/mnt/d/Data/imu/session_2026-07-27_15-21-57,gs://miamioh-resa-data/CapstoneData/raw/sessions/ds_buildingunknown_2026-07-20/session_2026-07-27_15-21-57/,session_root,complete,Copied and file-level verified 2026-08-30 (see raw_copy_verification_new_sessions_2026-08-30.json).
session_2026-07-27_15-22-13,ds_buildingunknown_2026-07-20,imu,/mnt/d/Data/imu/session_2026-07-27_15-22-13,gs://miamioh-resa-data/CapstoneData/raw/sessions/ds_buildingunknown_2026-07-20/session_2026-07-27_15-22-13/,session_root,complete,Copied and file-level verified 2026-08-30 (see raw_copy_verification_new_sessions_2026-08-30.json).
session_2026-07-27_15-22-28,ds_buildingunknown_2026-07-20,imu,/mnt/d/Data/imu/session_2026-07-27_15-22-28,gs://miamioh-resa-data/CapstoneData/raw/sessions/ds_buildingunknown_2026-07-20/session_2026-07-27_15-22-28/,session_root,complete,Copied and file-level verified 2026-08-30 (see raw_copy_verification_new_sessions_2026-08-30.json).
session_2026-07-27_15-22-44,ds_buildingunknown_2026-07-20,imu,/mnt/d/Data/imu/session_2026-07-27_15-22-44,gs://miamioh-resa-data/CapstoneData/raw/sessions/ds_buildingunknown_2026-07-20/session_2026-07-27_15-22-44/,session_root,complete,Copied and file-level verified 2026-08-30 (see raw_copy_verification_new_sessions_2026-08-30.json).
session_2026-07-27_15-22-59,ds_buildingunknown_2026-07-20,imu,/mnt/d/Data/imu/session_2026-07-27_15-22-59,gs://miamioh-resa-data/CapstoneData/raw/sessions/ds_buildingunknown_2026-07-20/session_2026-07-27_15-22-59/,session_root,complete,Copied and file-level verified 2026-08-30 (see raw_copy_verification_new_sessions_2026-08-30.json).
session_2026-07-27_15-23-30,ds_buildingunknown_2026-07-20,imu,/mnt/d/Data/imu/session_2026-07-27_15-23-30,gs://miamioh-resa-data/CapstoneData/raw/sessions/ds_buildingunknown_2026-07-20/session_2026-07-27_15-23-30/,session_root,complete,Copied and file-level verified 2026-08-30 (see raw_copy_verification_new_sessions_2026-08-30.json).
session_2026-07-27_15-23-45,ds_buildingunknown_2026-07-20,imu,/mnt/d/Data/imu/session_2026-07-27_15-23-45,gs://miamioh-resa-data/CapstoneData/raw/sessions/ds_buildingunknown_2026-07-20/session_2026-07-27_15-23-45/,session_root,complete,Copied and file-level verified 2026-08-30 (see raw_copy_verification_new_sessions_2026-08-30.json).
session_2026-07-27_15-24-01,ds_buildingunknown_2026-07-20,imu,/mnt/d/Data/imu/session_2026-07-27_15-24-01,gs://miamioh-resa-data/CapstoneData/raw/sessions/ds_buildingunknown_2026-07-20/session_2026-07-27_15-24-01/,session_root,complete,Copied and file-level verified 2026-08-30 (see raw_copy_verification_new_sessions_2026-08-30.json).
session_2026-07-27_15-24-16,ds_buildingunknown_2026-07-20,imu,/mnt/d/Data/imu/session_2026-07-27_15-24-16,gs://miamioh-resa-data/CapstoneData/raw/sessions/ds_buildingunknown_2026-07-20/session_2026-07-27_15-24-16/,session_root,complete,Copied and file-level verified 2026-08-30 (see raw_copy_verification_new_sessions_2026-08-30.json).
session_2026-07-27_15-24-32,ds_buildingunknown_2026-07-20,imu,/mnt/d/Data/imu/session_2026-07-27_15-24-32,gs://miamioh-resa-data/CapstoneData/raw/sessions/ds_buildingunknown_2026-07-20/session_2026-07-27_15-24-32/,session_root,complete,Copied and file-level verified 2026-08-30 (see raw_copy_verification_new_sessions_2026-08-30.json).
session_2026-07-27_15-24-47,ds_buildingunknown_2026-07-20,imu,/mnt/d/Data/imu/session_2026-07-27_15-24-47,gs://miamioh-resa-data/CapstoneData/raw/sessions/ds_buildingunknown_2026-07-20/session_2026-07-27_15-24-47/,session_root,complete,Copied and file-level verified 2026-08-30 (see raw_copy_verification_new_sessions_2026-08-30.json).
session_2026-07-27_15-25-03,ds_buildingunknown_2026-07-20,imu,/mnt/d/Data/imu/session_2026-07-27_15-25-03,gs://miamioh-resa-data/CapstoneData/raw/sessions/ds_buildingunknown_2026-07-20/session_2026-07-27_15-25-03/,session_root,complete,Copied and file-level verified 2026-08-30 (see raw_copy_verification_new_sessions_2026-08-30.json).
session_2026-07-27_15-25-18,ds_buildingunknown_2026-07-20,imu,/mnt/d/Data/imu/session_2026-07-27_15-25-18,gs://miamioh-resa-data/CapstoneData/raw/sessions/ds_buildingunknown_2026-07-20/session_2026-07-27_15-25-18/,session_root,complete,Copied and file-level verified 2026-08-30 (see raw_copy_verification_new_sessions_2026-08-30.json).
session_2026-07-27_15-25-51,ds_buildingunknown_2026-07-20,imu,/mnt/d/Data/imu/session_2026-07-27_15-25-51,gs://miamioh-resa-data/CapstoneData/raw/sessions/ds_buildingunknown_2026-07-20/session_2026-07-27_15-25-51/,session_root,complete,Copied and file-level verified 2026-08-30 (see raw_copy_verification_new_sessions_2026-08-30.json).
session_2026-07-27_15-26-06,ds_buildingunknown_2026-07-20,imu,/mnt/d/Data/imu/session_2026-07-27_15-26-06,gs://miamioh-resa-data/CapstoneData/raw/sessions/ds_buildingunknown_2026-07-20/session_2026-07-27_15-26-06/,session_root,complete,Copied and file-level verified 2026-08-30 (see raw_copy_verification_new_sessions_2026-08-30.json).
session_2026-07-27_15-26-22,ds_buildingunknown_2026-07-20,imu,/mnt/d/Data/imu/session_2026-07-27_15-26-22,gs://miamioh-resa-data/CapstoneData/raw/sessions/ds_buildingunknown_2026-07-20/session_2026-07-27_15-26-22/,session_root,complete,Copied and file-level verified 2026-08-30 (see raw_copy_verification_new_sessions_2026-08-30.json).
session_2026-07-27_15-26-37,ds_buildingunknown_2026-07-20,imu,/mnt/d/Data/imu/session_2026-07-27_15-26-37,gs://miamioh-resa-data/CapstoneData/raw/sessions/ds_buildingunknown_2026-07-20/session_2026-07-27_15-26-37/,session_root,complete,Copied and file-level verified 2026-08-30 (see raw_copy_verification_new_sessions_2026-08-30.json).
session_2026-07-27_15-26-53,ds_buildingunknown_2026-07-20,imu,/mnt/d/Data/imu/session_2026-07-27_15-26-53,gs://miamioh-resa-data/CapstoneData/raw/sessions/ds_buildingunknown_2026-07-20/session_2026-07-27_15-26-53/,session_root,complete,Copied and file-level verified 2026-08-30 (see raw_copy_verification_new_sessions_2026-08-30.json).
session_2026-07-27_15-27-08,ds_buildingunknown_2026-07-20,imu,/mnt/d/Data/imu/session_2026-07-27_15-27-08,gs://miamioh-resa-data/CapstoneData/raw/sessions/ds_buildingunknown_2026-07-20/session_2026-07-27_15-27-08/,session_root,complete,Copied and file-level verified 2026-08-30 (see raw_copy_verification_new_sessions_2026-08-30.json).
session_2026-07-27_15-27-24,ds_buildingunknown_2026-07-20,imu,/mnt/d/Data/imu/session_2026-07-27_15-27-24,gs://miamioh-resa-data/CapstoneData/raw/sessions/ds_buildingunknown_2026-07-20/session_2026-07-27_15-27-24/,session_root,complete,Copied and file-level verified 2026-08-30 (see raw_copy_verification_new_sessions_2026-08-30.json).
session_2026-07-27_15-27-39,ds_buildingunknown_2026-07-20,imu,/mnt/d/Data/imu/session_2026-07-27_15-27-39,gs://miamioh-resa-data/CapstoneData/raw/sessions/ds_buildingunknown_2026-07-20/session_2026-07-27_15-27-39/,session_root,complete,Copied and file-level verified 2026-08-30 (see raw_copy_verification_new_sessions_2026-08-30.json).
session_2026-07-27_15-28-14,ds_buildingunknown_2026-07-20,imu,/mnt/d/Data/imu/session_2026-07-27_15-28-14,gs://miamioh-resa-data/CapstoneData/raw/sessions/ds_buildingunknown_2026-07-20/session_2026-07-27_15-28-14/,session_root,complete,Copied and file-level verified 2026-08-30 (see raw_copy_verification_new_sessions_2026-08-30.json).
session_2026-07-27_15-28-30,ds_buildingunknown_2026-07-20,imu,/mnt/d/Data/imu/session_2026-07-27_15-28-30,gs://miamioh-resa-data/CapstoneData/raw/sessions/ds_buildingunknown_2026-07-20/session_2026-07-27_15-28-30/,session_root,complete,Copied and file-level verified 2026-08-30 (see raw_copy_verification_new_sessions_2026-08-30.json).
session_2026-07-27_15-28-46,ds_buildingunknown_2026-07-20,imu,/mnt/d/Data/imu/session_2026-07-27_15-28-46,gs://miamioh-resa-data/CapstoneData/raw/sessions/ds_buildingunknown_2026-07-20/session_2026-07-27_15-28-46/,session_root,complete,Copied and file-level verified 2026-08-30 (see raw_copy_verification_new_sessions_2026-08-30.json).
session_2026-07-27_15-29-02,ds_buildingunknown_2026-07-20,imu,/mnt/d/Data/imu/session_2026-07-27_15-29-02,gs://miamioh-resa-data/CapstoneData/raw/sessions/ds_buildingunknown_2026-07-20/session_2026-07-27_15-29-02/,session_root,complete,Copied and file-level verified 2026-08-30 (see raw_copy_verification_new_sessions_2026-08-30.json).
session_2026-07-27_15-29-17,ds_buildingunknown_2026-07-20,imu,/mnt/d/Data/imu/session_2026-07-27_15-29-17,gs://miamioh-resa-data/CapstoneData/raw/sessions/ds_buildingunknown_2026-07-20/session_2026-07-27_15-29-17/,session_root,complete,Copied and file-level verified 2026-08-30 (see raw_copy_verification_new_sessions_2026-08-30.json).
session_2026-07-27_15-29-33,ds_buildingunknown_2026-07-20,imu,/mnt/d/Data/imu/session_2026-07-27_15-29-33,gs://miamioh-resa-data/CapstoneData/raw/sessions/ds_buildingunknown_2026-07-20/session_2026-07-27_15-29-33/,session_root,complete,Copied and file-level verified 2026-08-30 (see raw_copy_verification_new_sessions_2026-08-30.json).
session_2026-07-27_15-29-48,ds_buildingunknown_2026-07-20,imu,/mnt/d/Data/imu/session_2026-07-27_15-29-48,gs://miamioh-resa-data/CapstoneData/raw/sessions/ds_buildingunknown_2026-07-20/session_2026-07-27_15-29-48/,session_root,complete,Copied and file-level verified 2026-08-30 (see raw_copy_verification_new_sessions_2026-08-30.json).
session_2026-07-27_15-30-04,ds_buildingunknown_2026-07-20,imu,/mnt/d/Data/imu/session_2026-07-27_15-30-04,gs://miamioh-resa-data/CapstoneData/raw/sessions/ds_buildingunknown_2026-07-20/session_2026-07-27_15-30-04/,session_root,complete,Copied and file-level verified 2026-08-30 (see raw_copy_verification_new_sessions_2026-08-30.json).
session_2026-07-27_15-30-53,ds_buildingunknown_2026-07-20,imu,/mnt/d/Data/imu/session_2026-07-27_15-30-53,gs://miamioh-resa-data/CapstoneData/raw/sessions/ds_buildingunknown_2026-07-20/session_2026-07-27_15-30-53/,session_root,complete,Copied and file-level verified 2026-08-30 (see raw_copy_verification_new_sessions_2026-08-30.json).
session_2026-07-27_15-31-09,ds_buildingunknown_2026-07-20,imu,/mnt/d/Data/imu/session_2026-07-27_15-31-09,gs://miamioh-resa-data/CapstoneData/raw/sessions/ds_buildingunknown_2026-07-20/session_2026-07-27_15-31-09/,session_root,complete,Copied and file-level verified 2026-08-30 (see raw_copy_verification_new_sessions_2026-08-30.json).
session_2026-07-27_15-31-24,ds_buildingunknown_2026-07-20,imu,/mnt/d/Data/imu/session_2026-07-27_15-31-24,gs://miamioh-resa-data/CapstoneData/raw/sessions/ds_buildingunknown_2026-07-20/session_2026-07-27_15-31-24/,session_root,complete,Copied and file-level verified 2026-08-30 (see raw_copy_verification_new_sessions_2026-08-30.json).
session_2026-07-27_15-31-40,ds_buildingunknown_2026-07-20,imu,/mnt/d/Data/imu/session_2026-07-27_15-31-40,gs://miamioh-resa-data/CapstoneData/raw/sessions/ds_buildingunknown_2026-07-20/session_2026-07-27_15-31-40/,session_root,complete,Copied and file-level verified 2026-08-30 (see raw_copy_verification_new_sessions_2026-08-30.json).
session_2026-07-27_15-31-56,ds_buildingunknown_2026-07-20,imu,/mnt/d/Data/imu/session_2026-07-27_15-31-56,gs://miamioh-resa-data/CapstoneData/raw/sessions/ds_buildingunknown_2026-07-20/session_2026-07-27_15-31-56/,session_root,complete,Copied and file-level verified 2026-08-30 (see raw_copy_verification_new_sessions_2026-08-30.json).
session_2026-07-27_15-32-12,ds_buildingunknown_2026-07-20,imu,/mnt/d/Data/imu/session_2026-07-27_15-32-12,gs://miamioh-resa-data/CapstoneData/raw/sessions/ds_buildingunknown_2026-07-20/session_2026-07-27_15-32-12/,session_root,complete,Copied and file-level verified 2026-08-30 (see raw_copy_verification_new_sessions_2026-08-30.json).
session_2026-07-27_15-32-27,ds_buildingunknown_2026-07-20,imu,/mnt/d/Data/imu/session_2026-07-27_15-32-27,gs://miamioh-resa-data/CapstoneData/raw/sessions/ds_buildingunknown_2026-07-20/session_2026-07-27_15-32-27/,session_root,complete,Copied and file-level verified 2026-08-30 (see raw_copy_verification_new_sessions_2026-08-30.json).
session_2026-07-27_15-32-43,ds_buildingunknown_2026-07-20,imu,/mnt/d/Data/imu/session_2026-07-27_15-32-43,gs://miamioh-resa-data/CapstoneData/raw/sessions/ds_buildingunknown_2026-07-20/session_2026-07-27_15-32-43/,session_root,complete,Copied and file-level verified 2026-08-30 (see raw_copy_verification_new_sessions_2026-08-30.json).
session_2026-07-27_15-33-17,ds_buildingunknown_2026-07-20,imu,/mnt/d/Data/imu/session_2026-07-27_15-33-17,gs://miamioh-resa-data/CapstoneData/raw/sessions/ds_buildingunknown_2026-07-20/session_2026-07-27_15-33-17/,session_root,complete,Copied and file-level verified 2026-08-30 (see raw_copy_verification_new_sessions_2026-08-30.json).
session_2026-07-27_15-33-32,ds_buildingunknown_2026-07-20,imu,/mnt/d/Data/imu/session_2026-07-27_15-33-32,gs://miamioh-resa-data/CapstoneData/raw/sessions/ds_buildingunknown_2026-07-20/session_2026-07-27_15-33-32/,session_root,complete,Copied and file-level verified 2026-08-30 (see raw_copy_verification_new_sessions_2026-08-30.json).
session_2026-07-27_15-33-48,ds_buildingunknown_2026-07-20,imu,/mnt/d/Data/imu/session_2026-07-27_15-33-48,gs://miamioh-resa-data/CapstoneData/raw/sessions/ds_buildingunknown_2026-07-20/session_2026-07-27_15-33-48/,session_root,complete,Copied and file-level verified 2026-08-30 (see raw_copy_verification_new_sessions_2026-08-30.json).
session_2026-07-27_15-34-04,ds_buildingunknown_2026-07-20,imu,/mnt/d/Data/imu/session_2026-07-27_15-34-04,gs://miamioh-resa-data/CapstoneData/raw/sessions/ds_buildingunknown_2026-07-20/session_2026-07-27_15-34-04/,session_root,complete,Copied and file-level verified 2026-08-30 (see raw_copy_verification_new_sessions_2026-08-30.json).
session_2026-07-27_15-34-20,ds_buildingunknown_2026-07-20,imu,/mnt/d/Data/imu/session_2026-07-27_15-34-20,gs://miamioh-resa-data/CapstoneData/raw/sessions/ds_buildingunknown_2026-07-20/session_2026-07-27_15-34-20/,session_root,complete,Copied and file-level verified 2026-08-30 (see raw_copy_verification_new_sessions_2026-08-30.json).
session_2026-07-27_15-34-36,ds_buildingunknown_2026-07-20,imu,/mnt/d/Data/imu/session_2026-07-27_15-34-36,gs://miamioh-resa-data/CapstoneData/raw/sessions/ds_buildingunknown_2026-07-20/session_2026-07-27_15-34-36/,session_root,complete,Copied and file-level verified 2026-08-30 (see raw_copy_verification_new_sessions_2026-08-30.json).
session_2026-07-27_15-34-51,ds_buildingunknown_2026-07-20,imu,/mnt/d/Data/imu/session_2026-07-27_15-34-51,gs://miamioh-resa-data/CapstoneData/raw/sessions/ds_buildingunknown_2026-07-20/session_2026-07-27_15-34-51/,session_root,complete,Copied and file-level verified 2026-08-30 (see raw_copy_verification_new_sessions_2026-08-30.json).
session_2026-07-27_15-35-07,ds_buildingunknown_2026-07-20,imu,/mnt/d/Data/imu/session_2026-07-27_15-35-07,gs://miamioh-resa-data/CapstoneData/raw/sessions/ds_buildingunknown_2026-07-20/session_2026-07-27_15-35-07/,session_root,complete,Copied and file-level verified 2026-08-30 (see raw_copy_verification_new_sessions_2026-08-30.json).
session_2026-07-27_15-36-01,ds_buildingunknown_2026-07-20,imu,/mnt/d/Data/imu/session_2026-07-27_15-36-01,gs://miamioh-resa-data/CapstoneData/raw/sessions/ds_buildingunknown_2026-07-20/session_2026-07-27_15-36-01/,session_root,complete,Copied and file-level verified 2026-08-30 (see raw_copy_verification_new_sessions_2026-08-30.json).
session_2026-07-27_15-36-17,ds_buildingunknown_2026-07-20,imu,/mnt/d/Data/imu/session_2026-07-27_15-36-17,gs://miamioh-resa-data/CapstoneData/raw/sessions/ds_buildingunknown_2026-07-20/session_2026-07-27_15-36-17/,session_root,complete,Copied and file-level verified 2026-08-30 (see raw_copy_verification_new_sessions_2026-08-30.json).
session_2026-07-27_15-36-33,ds_buildingunknown_2026-07-20,imu,/mnt/d/Data/imu/session_2026-07-27_15-36-33,gs://miamioh-resa-data/CapstoneData/raw/sessions/ds_buildingunknown_2026-07-20/session_2026-07-27_15-36-33/,session_root,complete,Copied and file-level verified 2026-08-30 (see raw_copy_verification_new_sessions_2026-08-30.json).
session_2026-07-27_15-36-48,ds_buildingunknown_2026-07-20,imu,/mnt/d/Data/imu/session_2026-07-27_15-36-48,gs://miamioh-resa-data/CapstoneData/raw/sessions/ds_buildingunknown_2026-07-20/session_2026-07-27_15-36-48/,session_root,complete,Copied and file-level verified 2026-08-30 (see raw_copy_verification_new_sessions_2026-08-30.json).
session_2026-07-27_15-37-04,ds_buildingunknown_2026-07-20,imu,/mnt/d/Data/imu/session_2026-07-27_15-37-04,gs://miamioh-resa-data/CapstoneData/raw/sessions/ds_buildingunknown_2026-07-20/session_2026-07-27_15-37-04/,session_root,complete,Copied and file-level verified 2026-08-30 (see raw_copy_verification_new_sessions_2026-08-30.json).
session_2026-07-27_15-37-19,ds_buildingunknown_2026-07-20,imu,/mnt/d/Data/imu/session_2026-07-27_15-37-19,gs://miamioh-resa-data/CapstoneData/raw/sessions/ds_buildingunknown_2026-07-20/session_2026-07-27_15-37-19/,session_root,complete,Copied and file-level verified 2026-08-30 (see raw_copy_verification_new_sessions_2026-08-30.json).
session_2026-07-27_15-37-35,ds_buildingunknown_2026-07-20,imu,/mnt/d/Data/imu/session_2026-07-27_15-37-35,gs://miamioh-resa-data/CapstoneData/raw/sessions/ds_buildingunknown_2026-07-20/session_2026-07-27_15-37-35/,session_root,complete,Copied and file-level verified 2026-08-30 (see raw_copy_verification_new_sessions_2026-08-30.json).
session_2026-07-27_15-37-50,ds_buildingunknown_2026-07-20,imu,/mnt/d/Data/imu/session_2026-07-27_15-37-50,gs://miamioh-resa-data/CapstoneData/raw/sessions/ds_buildingunknown_2026-07-20/session_2026-07-27_15-37-50/,session_root,complete,Copied and file-level verified 2026-08-30 (see raw_copy_verification_new_sessions_2026-08-30.json).
session_2026-07-27_15-39-25,ds_buildingunknown_2026-07-20,imu,/mnt/d/Data/imu/session_2026-07-27_15-39-25,gs://miamioh-resa-data/CapstoneData/raw/sessions/ds_buildingunknown_2026-07-20/session_2026-07-27_15-39-25/,session_root,complete,Copied and file-level verified 2026-08-30 (see raw_copy_verification_new_sessions_2026-08-30.json).
session_2026-07-27_15-39-41,ds_buildingunknown_2026-07-20,imu,/mnt/d/Data/imu/session_2026-07-27_15-39-41,gs://miamioh-resa-data/CapstoneData/raw/sessions/ds_buildingunknown_2026-07-20/session_2026-07-27_15-39-41/,session_root,complete,Copied and file-level verified 2026-08-30 (see raw_copy_verification_new_sessions_2026-08-30.json).
session_2026-07-27_15-39-57,ds_buildingunknown_2026-07-20,imu,/mnt/d/Data/imu/session_2026-07-27_15-39-57,gs://miamioh-resa-data/CapstoneData/raw/sessions/ds_buildingunknown_2026-07-20/session_2026-07-27_15-39-57/,session_root,complete,Copied and file-level verified 2026-08-30 (see raw_copy_verification_new_sessions_2026-08-30.json).
session_2026-07-27_15-40-12,ds_buildingunknown_2026-07-20,imu,/mnt/d/Data/imu/session_2026-07-27_15-40-12,gs://miamioh-resa-data/CapstoneData/raw/sessions/ds_buildingunknown_2026-07-20/session_2026-07-27_15-40-12/,session_root,complete,Copied and file-level verified 2026-08-30 (see raw_copy_verification_new_sessions_2026-08-30.json).
session_2026-07-27_15-40-28,ds_buildingunknown_2026-07-20,imu,/mnt/d/Data/imu/session_2026-07-27_15-40-28,gs://miamioh-resa-data/CapstoneData/raw/sessions/ds_buildingunknown_2026-07-20/session_2026-07-27_15-40-28/,session_root,complete,Copied and file-level verified 2026-08-30 (see raw_copy_verification_new_sessions_2026-08-30.json).
session_2026-07-27_15-40-43,ds_buildingunknown_2026-07-20,imu,/mnt/d/Data/imu/session_2026-07-27_15-40-43,gs://miamioh-resa-data/CapstoneData/raw/sessions/ds_buildingunknown_2026-07-20/session_2026-07-27_15-40-43/,session_root,complete,Copied and file-level verified 2026-08-30 (see raw_copy_verification_new_sessions_2026-08-30.json).
session_2026-07-27_15-40-59,ds_buildingunknown_2026-07-20,imu,/mnt/d/Data/imu/session_2026-07-27_15-40-59,gs://miamioh-resa-data/CapstoneData/raw/sessions/ds_buildingunknown_2026-07-20/session_2026-07-27_15-40-59/,session_root,complete,Copied and file-level verified 2026-08-30 (see raw_copy_verification_new_sessions_2026-08-30.json).
session_2026-07-27_15-41-14,ds_buildingunknown_2026-07-20,imu,/mnt/d/Data/imu/session_2026-07-27_15-41-14,gs://miamioh-resa-data/CapstoneData/raw/sessions/ds_buildingunknown_2026-07-20/session_2026-07-27_15-41-14/,session_root,complete,Copied and file-level verified 2026-08-30 (see raw_copy_verification_new_sessions_2026-08-30.json).
session_2026-07-27_15-41-53,ds_buildingunknown_2026-07-20,imu,/mnt/d/Data/imu/session_2026-07-27_15-41-53,gs://miamioh-resa-data/CapstoneData/raw/sessions/ds_buildingunknown_2026-07-20/session_2026-07-27_15-41-53/,session_root,complete,Copied and file-level verified 2026-08-30 (see raw_copy_verification_new_sessions_2026-08-30.json).
session_2026-07-27_15-42-09,ds_buildingunknown_2026-07-20,imu,/mnt/d/Data/imu/session_2026-07-27_15-42-09,gs://miamioh-resa-data/CapstoneData/raw/sessions/ds_buildingunknown_2026-07-20/session_2026-07-27_15-42-09/,session_root,complete,Copied and file-level verified 2026-08-30 (see raw_copy_verification_new_sessions_2026-08-30.json).
session_2026-07-27_15-42-26,ds_buildingunknown_2026-07-20,imu,/mnt/d/Data/imu/session_2026-07-27_15-42-26,gs://miamioh-resa-data/CapstoneData/raw/sessions/ds_buildingunknown_2026-07-20/session_2026-07-27_15-42-26/,session_root,complete,Copied and file-level verified 2026-08-30 (see raw_copy_verification_new_sessions_2026-08-30.json).
session_2026-07-27_15-42-41,ds_buildingunknown_2026-07-20,imu,/mnt/d/Data/imu/session_2026-07-27_15-42-41,gs://miamioh-resa-data/CapstoneData/raw/sessions/ds_buildingunknown_2026-07-20/session_2026-07-27_15-42-41/,session_root,complete,Copied and file-level verified 2026-08-30 (see raw_copy_verification_new_sessions_2026-08-30.json).
session_2026-07-27_15-42-57,ds_buildingunknown_2026-07-20,imu,/mnt/d/Data/imu/session_2026-07-27_15-42-57,gs://miamioh-resa-data/CapstoneData/raw/sessions/ds_buildingunknown_2026-07-20/session_2026-07-27_15-42-57/,session_root,complete,Copied and file-level verified 2026-08-30 (see raw_copy_verification_new_sessions_2026-08-30.json).
session_2026-07-27_15-43-12,ds_buildingunknown_2026-07-20,imu,/mnt/d/Data/imu/session_2026-07-27_15-43-12,gs://miamioh-resa-data/CapstoneData/raw/sessions/ds_buildingunknown_2026-07-20/session_2026-07-27_15-43-12/,session_root,complete,Copied and file-level verified 2026-08-30 (see raw_copy_verification_new_sessions_2026-08-30.json).
session_2026-07-27_15-43-28,ds_buildingunknown_2026-07-20,imu,/mnt/d/Data/imu/session_2026-07-27_15-43-28,gs://miamioh-resa-data/CapstoneData/raw/sessions/ds_buildingunknown_2026-07-20/session_2026-07-27_15-43-28/,session_root,complete,Copied and file-level verified 2026-08-30 (see raw_copy_verification_new_sessions_2026-08-30.json).
session_2026-07-27_15-43-43,ds_buildingunknown_2026-07-20,imu,/mnt/d/Data/imu/session_2026-07-27_15-43-43,gs://miamioh-resa-data/CapstoneData/raw/sessions/ds_buildingunknown_2026-07-20/session_2026-07-27_15-43-43/,session_root,complete,Copied and file-level verified 2026-08-30 (see raw_copy_verification_new_sessions_2026-08-30.json).
session_2026-07-27_15-45-03,ds_buildingunknown_2026-07-20,imu,/mnt/d/Data/imu/session_2026-07-27_15-45-03,gs://miamioh-resa-data/CapstoneData/raw/sessions/ds_buildingunknown_2026-07-20/session_2026-07-27_15-45-03/,session_root,complete,Copied and file-level verified 2026-08-30 (see raw_copy_verification_new_sessions_2026-08-30.json).
session_2026-07-27_15-45-19,ds_buildingunknown_2026-07-20,imu,/mnt/d/Data/imu/session_2026-07-27_15-45-19,gs://miamioh-resa-data/CapstoneData/raw/sessions/ds_buildingunknown_2026-07-20/session_2026-07-27_15-45-19/,session_root,complete,Copied and file-level verified 2026-08-30 (see raw_copy_verification_new_sessions_2026-08-30.json).
session_2026-07-27_15-45-36,ds_buildingunknown_2026-07-20,imu,/mnt/d/Data/imu/session_2026-07-27_15-45-36,gs://miamioh-resa-data/CapstoneData/raw/sessions/ds_buildingunknown_2026-07-20/session_2026-07-27_15-45-36/,session_root,complete,Copied and file-level verified 2026-08-30 (see raw_copy_verification_new_sessions_2026-08-30.json).
session_2026-07-27_15-45-51,ds_buildingunknown_2026-07-20,imu,/mnt/d/Data/imu/session_2026-07-27_15-45-51,gs://miamioh-resa-data/CapstoneData/raw/sessions/ds_buildingunknown_2026-07-20/session_2026-07-27_15-45-51/,session_root,complete,Copied and file-level verified 2026-08-30 (see raw_copy_verification_new_sessions_2026-08-30.json).
session_2026-07-27_15-46-08,ds_buildingunknown_2026-07-20,imu,/mnt/d/Data/imu/session_2026-07-27_15-46-08,gs://miamioh-resa-data/CapstoneData/raw/sessions/ds_buildingunknown_2026-07-20/session_2026-07-27_15-46-08/,session_root,complete,Copied and file-level verified 2026-08-30 (see raw_copy_verification_new_sessions_2026-08-30.json).
session_2026-07-27_15-46-24,ds_buildingunknown_2026-07-20,imu,/mnt/d/Data/imu/session_2026-07-27_15-46-24,gs://miamioh-resa-data/CapstoneData/raw/sessions/ds_buildingunknown_2026-07-20/session_2026-07-27_15-46-24/,session_root,complete,Copied and file-level verified 2026-08-30 (see raw_copy_verification_new_sessions_2026-08-30.json).
session_2026-07-27_15-46-40,ds_buildingunknown_2026-07-20,imu,/mnt/d/Data/imu/session_2026-07-27_15-46-40,gs://miamioh-resa-data/CapstoneData/raw/sessions/ds_buildingunknown_2026-07-20/session_2026-07-27_15-46-40/,session_root,complete,Copied and file-level verified 2026-08-30 (see raw_copy_verification_new_sessions_2026-08-30.json).
session_2026-07-27_15-46-56,ds_buildingunknown_2026-07-20,imu,/mnt/d/Data/imu/session_2026-07-27_15-46-56,gs://miamioh-resa-data/CapstoneData/raw/sessions/ds_buildingunknown_2026-07-20/session_2026-07-27_15-46-56/,session_root,complete,Copied and file-level verified 2026-08-30 (see raw_copy_verification_new_sessions_2026-08-30.json).
session_2026-07-27_15-47-32,ds_buildingunknown_2026-07-20,imu,/mnt/d/Data/imu/session_2026-07-27_15-47-32,gs://miamioh-resa-data/CapstoneData/raw/sessions/ds_buildingunknown_2026-07-20/session_2026-07-27_15-47-32/,session_root,complete,Copied and file-level verified 2026-08-30 (see raw_copy_verification_new_sessions_2026-08-30.json).
session_2026-07-27_15-47-49,ds_buildingunknown_2026-07-20,imu,/mnt/d/Data/imu/session_2026-07-27_15-47-49,gs://miamioh-resa-data/CapstoneData/raw/sessions/ds_buildingunknown_2026-07-20/session_2026-07-27_15-47-49/,session_root,complete,Copied and file-level verified 2026-08-30 (see raw_copy_verification_new_sessions_2026-08-30.json).
session_2026-07-27_15-48-05,ds_buildingunknown_2026-07-20,imu,/mnt/d/Data/imu/session_2026-07-27_15-48-05,gs://miamioh-resa-data/CapstoneData/raw/sessions/ds_buildingunknown_2026-07-20/session_2026-07-27_15-48-05/,session_root,complete,Copied and file-level verified 2026-08-30 (see raw_copy_verification_new_sessions_2026-08-30.json).
session_2026-07-27_15-48-22,ds_buildingunknown_2026-07-20,imu,/mnt/d/Data/imu/session_2026-07-27_15-48-22,gs://miamioh-resa-data/CapstoneData/raw/sessions/ds_buildingunknown_2026-07-20/session_2026-07-27_15-48-22/,session_root,complete,Copied and file-level verified 2026-08-30 (see raw_copy_verification_new_sessions_2026-08-30.json).
session_2026-07-27_15-48-38,ds_buildingunknown_2026-07-20,imu,/mnt/d/Data/imu/session_2026-07-27_15-48-38,gs://miamioh-resa-data/CapstoneData/raw/sessions/ds_buildingunknown_2026-07-20/session_2026-07-27_15-48-38/,session_root,complete,Copied and file-level verified 2026-08-30 (see raw_copy_verification_new_sessions_2026-08-30.json).
session_2026-07-27_15-48-53,ds_buildingunknown_2026-07-20,imu,/mnt/d/Data/imu/session_2026-07-27_15-48-53,gs://miamioh-resa-data/CapstoneData/raw/sessions/ds_buildingunknown_2026-07-20/session_2026-07-27_15-48-53/,session_root,complete,Copied and file-level verified 2026-08-30 (see raw_copy_verification_new_sessions_2026-08-30.json).
session_2026-07-27_15-49-09,ds_buildingunknown_2026-07-20,imu,/mnt/d/Data/imu/session_2026-07-27_15-49-09,gs://miamioh-resa-data/CapstoneData/raw/sessions/ds_buildingunknown_2026-07-20/session_2026-07-27_15-49-09/,session_root,complete,Copied and file-level verified 2026-08-30 (see raw_copy_verification_new_sessions_2026-08-30.json).
session_2026-07-27_15-49-24,ds_buildingunknown_2026-07-20,imu,/mnt/d/Data/imu/session_2026-07-27_15-49-24,gs://miamioh-resa-data/CapstoneData/raw/sessions/ds_buildingunknown_2026-07-20/session_2026-07-27_15-49-24/,session_root,complete,Copied and file-level verified 2026-08-30 (see raw_copy_verification_new_sessions_2026-08-30.json).
session_2026-07-27_15-49-57,ds_buildingunknown_2026-07-20,imu,/mnt/d/Data/imu/session_2026-07-27_15-49-57,gs://miamioh-resa-data/CapstoneData/raw/sessions/ds_buildingunknown_2026-07-20/session_2026-07-27_15-49-57/,session_root,complete,Copied and file-level verified 2026-08-30 (see raw_copy_verification_new_sessions_2026-08-30.json).
session_2026-07-27_15-50-12,ds_buildingunknown_2026-07-20,imu,/mnt/d/Data/imu/session_2026-07-27_15-50-12,gs://miamioh-resa-data/CapstoneData/raw/sessions/ds_buildingunknown_2026-07-20/session_2026-07-27_15-50-12/,session_root,complete,Copied and file-level verified 2026-08-30 (see raw_copy_verification_new_sessions_2026-08-30.json).
session_2026-07-27_15-50-28,ds_buildingunknown_2026-07-20,imu,/mnt/d/Data/imu/session_2026-07-27_15-50-28,gs://miamioh-resa-data/CapstoneData/raw/sessions/ds_buildingunknown_2026-07-20/session_2026-07-27_15-50-28/,session_root,complete,Copied and file-level verified 2026-08-30 (see raw_copy_verification_new_sessions_2026-08-30.json).
session_2026-07-27_15-50-44,ds_buildingunknown_2026-07-20,imu,/mnt/d/Data/imu/session_2026-07-27_15-50-44,gs://miamioh-resa-data/CapstoneData/raw/sessions/ds_buildingunknown_2026-07-20/session_2026-07-27_15-50-44/,session_root,complete,Copied and file-level verified 2026-08-30 (see raw_copy_verification_new_sessions_2026-08-30.json).
session_2026-07-27_15-50-59,ds_buildingunknown_2026-07-20,imu,/mnt/d/Data/imu/session_2026-07-27_15-50-59,gs://miamioh-resa-data/CapstoneData/raw/sessions/ds_buildingunknown_2026-07-20/session_2026-07-27_15-50-59/,session_root,complete,Copied and file-level verified 2026-08-30 (see raw_copy_verification_new_sessions_2026-08-30.json).
session_2026-07-27_15-51-15,ds_buildingunknown_2026-07-20,imu,/mnt/d/Data/imu/session_2026-07-27_15-51-15,gs://miamioh-resa-data/CapstoneData/raw/sessions/ds_buildingunknown_2026-07-20/session_2026-07-27_15-51-15/,session_root,complete,Copied and file-level verified 2026-08-30 (see raw_copy_verification_new_sessions_2026-08-30.json).
session_2026-07-27_15-51-30,ds_buildingunknown_2026-07-20,imu,/mnt/d/Data/imu/session_2026-07-27_15-51-30,gs://miamioh-resa-data/CapstoneData/raw/sessions/ds_buildingunknown_2026-07-20/session_2026-07-27_15-51-30/,session_root,complete,Copied and file-level verified 2026-08-30 (see raw_copy_verification_new_sessions_2026-08-30.json).
session_2026-07-27_15-51-46,ds_buildingunknown_2026-07-20,imu,/mnt/d/Data/imu/session_2026-07-27_15-51-46,gs://miamioh-resa-data/CapstoneData/raw/sessions/ds_buildingunknown_2026-07-20/session_2026-07-27_15-51-46/,session_root,complete,Copied and file-level verified 2026-08-30 (see raw_copy_verification_new_sessions_2026-08-30.json).
session_2026-07-27_15-52-28,ds_buildingunknown_2026-07-20,imu,/mnt/d/Data/imu/session_2026-07-27_15-52-28,gs://miamioh-resa-data/CapstoneData/raw/sessions/ds_buildingunknown_2026-07-20/session_2026-07-27_15-52-28/,session_root,complete,Copied and file-level verified 2026-08-30 (see raw_copy_verification_new_sessions_2026-08-30.json).
session_2026-07-27_15-52-43,ds_buildingunknown_2026-07-20,imu,/mnt/d/Data/imu/session_2026-07-27_15-52-43,gs://miamioh-resa-data/CapstoneData/raw/sessions/ds_buildingunknown_2026-07-20/session_2026-07-27_15-52-43/,session_root,complete,Copied and file-level verified 2026-08-30 (see raw_copy_verification_new_sessions_2026-08-30.json).
session_2026-07-27_15-52-59,ds_buildingunknown_2026-07-20,imu,/mnt/d/Data/imu/session_2026-07-27_15-52-59,gs://miamioh-resa-data/CapstoneData/raw/sessions/ds_buildingunknown_2026-07-20/session_2026-07-27_15-52-59/,session_root,complete,Copied and file-level verified 2026-08-30 (see raw_copy_verification_new_sessions_2026-08-30.json).
session_2026-07-27_15-53-14,ds_buildingunknown_2026-07-20,imu,/mnt/d/Data/imu/session_2026-07-27_15-53-14,gs://miamioh-resa-data/CapstoneData/raw/sessions/ds_buildingunknown_2026-07-20/session_2026-07-27_15-53-14/,session_root,complete,Copied and file-level verified 2026-08-30 (see raw_copy_verification_new_sessions_2026-08-30.json).
session_2026-07-27_15-53-30,ds_buildingunknown_2026-07-20,imu,/mnt/d/Data/imu/session_2026-07-27_15-53-30,gs://miamioh-resa-data/CapstoneData/raw/sessions/ds_buildingunknown_2026-07-20/session_2026-07-27_15-53-30/,session_root,complete,Copied and file-level verified 2026-08-30 (see raw_copy_verification_new_sessions_2026-08-30.json).
session_2026-07-27_15-53-46,ds_buildingunknown_2026-07-20,imu,/mnt/d/Data/imu/session_2026-07-27_15-53-46,gs://miamioh-resa-data/CapstoneData/raw/sessions/ds_buildingunknown_2026-07-20/session_2026-07-27_15-53-46/,session_root,complete,Copied and file-level verified 2026-08-30 (see raw_copy_verification_new_sessions_2026-08-30.json).
session_2026-07-27_15-54-01,ds_buildingunknown_2026-07-20,imu,/mnt/d/Data/imu/session_2026-07-27_15-54-01,gs://miamioh-resa-data/CapstoneData/raw/sessions/ds_buildingunknown_2026-07-20/session_2026-07-27_15-54-01/,session_root,complete,Copied and file-level verified 2026-08-30 (see raw_copy_verification_new_sessions_2026-08-30.json).
session_2026-07-27_15-54-17,ds_buildingunknown_2026-07-20,imu,/mnt/d/Data/imu/session_2026-07-27_15-54-17,gs://miamioh-resa-data/CapstoneData/raw/sessions/ds_buildingunknown_2026-07-20/session_2026-07-27_15-54-17/,session_root,complete,Copied and file-level verified 2026-08-30 (see raw_copy_verification_new_sessions_2026-08-30.json).
session_2026-07-27_15-55-00,ds_buildingunknown_2026-07-20,imu,/mnt/d/Data/imu/session_2026-07-27_15-55-00,gs://miamioh-resa-data/CapstoneData/raw/sessions/ds_buildingunknown_2026-07-20/session_2026-07-27_15-55-00/,session_root,complete,Copied and file-level verified 2026-08-30 (see raw_copy_verification_new_sessions_2026-08-30.json).
session_2026-04-28_22-41-16,ds_datanoah_2026-04-28,dataNoah,/mnt/d/3branch/dataNoah/Processing/session_2026-04-28_22-41-16,gs://miamioh-resa-data/CapstoneData/raw/sessions/ds_datanoah_2026-04-28/session_2026-04-28_22-41-16/,session_root,complete,Copied and file-level verified 2026-08-30 (see raw_copy_verification_new_sessions_2026-08-30.json).
session_2026-04-28_22-43-29,ds_datanoah_2026-04-28,dataNoah,/mnt/d/3branch/dataNoah/Processing/session_2026-04-28_22-43-29,gs://miamioh-resa-data/CapstoneData/raw/sessions/ds_datanoah_2026-04-28/session_2026-04-28_22-43-29/,session_root,complete,Copied and file-level verified 2026-08-30 (see raw_copy_verification_new_sessions_2026-08-30.json).
session_2026-04-28_22-44-17,ds_datanoah_2026-04-28,dataNoah,/mnt/d/3branch/dataNoah/Processing/session_2026-04-28_22-44-17,gs://miamioh-resa-data/CapstoneData/raw/sessions/ds_datanoah_2026-04-28/session_2026-04-28_22-44-17/,session_root,complete,Copied and file-level verified 2026-08-30 (see raw_copy_verification_new_sessions_2026-08-30.json).
session_2026-04-28_22-46-29,ds_datanoah_2026-04-28,dataNoah,/mnt/d/3branch/dataNoah/Processing/session_2026-04-28_22-46-29,gs://miamioh-resa-data/CapstoneData/raw/sessions/ds_datanoah_2026-04-28/session_2026-04-28_22-46-29/,session_root,complete,Copied and file-level verified 2026-08-30 (see raw_copy_verification_new_sessions_2026-08-30.json).
session_2026-04-28_22-48-17,ds_datanoah_2026-04-28,dataNoah,/mnt/d/3branch/dataNoah/Processing/session_2026-04-28_22-48-17,gs://miamioh-resa-data/CapstoneData/raw/sessions/ds_datanoah_2026-04-28/session_2026-04-28_22-48-17/,session_root,complete,Copied and file-level verified 2026-08-30 (see raw_copy_verification_new_sessions_2026-08-30.json).
session_2026-04-28_22-50-00,ds_datanoah_2026-04-28,dataNoah,/mnt/d/3branch/dataNoah/Processing/session_2026-04-28_22-50-00,gs://miamioh-resa-data/CapstoneData/raw/sessions/ds_datanoah_2026-04-28/session_2026-04-28_22-50-00/,session_root,complete,Copied and file-level verified 2026-08-30 (see raw_copy_verification_new_sessions_2026-08-30.json).
session_2026-04-28_22-51-46,ds_datanoah_2026-04-28,dataNoah,/mnt/d/3branch/dataNoah/Processing/session_2026-04-28_22-51-46,gs://miamioh-resa-data/CapstoneData/raw/sessions/ds_datanoah_2026-04-28/session_2026-04-28_22-51-46/,session_root,complete,Copied and file-level verified 2026-08-30 (see raw_copy_verification_new_sessions_2026-08-30.json).
session_2026-04-28_22-53-56,ds_datanoah_2026-04-28,dataNoah,/mnt/d/3branch/dataNoah/Processing/session_2026-04-28_22-53-56,gs://miamioh-resa-data/CapstoneData/raw/sessions/ds_datanoah_2026-04-28/session_2026-04-28_22-53-56/,session_root,complete,Copied and file-level verified 2026-08-30 (see raw_copy_verification_new_sessions_2026-08-30.json).
session_2026-04-28_22-55-49,ds_datanoah_2026-04-28,dataNoah,/mnt/d/3branch/dataNoah/Processing/session_2026-04-28_22-55-49,gs://miamioh-resa-data/CapstoneData/raw/sessions/ds_datanoah_2026-04-28/session_2026-04-28_22-55-49/,session_root,complete,Copied and file-level verified 2026-08-30 (see raw_copy_verification_new_sessions_2026-08-30.json).
session_2026-04-28_23-01-19,ds_datanoah_2026-04-28,dataNoah,/mnt/d/3branch/dataNoah/Processing/session_2026-04-28_23-01-19,gs://miamioh-resa-data/CapstoneData/raw/sessions/ds_datanoah_2026-04-28/session_2026-04-28_23-01-19/,session_root,complete,Copied and file-level verified 2026-08-30 (see raw_copy_verification_new_sessions_2026-08-30.json).
session_2026-04-28_17-23-46,ds_datatraining_2026-04-28,dataTraining,/mnt/d/3branch/dataTraining/Processing/session_2026-04-28_17-23-46,gs://miamioh-resa-data/CapstoneData/raw/sessions/ds_datatraining_2026-04-28/session_2026-04-28_17-23-46/,session_root,complete,Copied and file-level verified 2026-08-30 (see raw_copy_verification_new_sessions_2026-08-30.json).
session_2026-04-28_17-24-34,ds_datatraining_2026-04-28,dataTraining,/mnt/d/3branch/dataTraining/Processing/session_2026-04-28_17-24-34,gs://miamioh-resa-data/CapstoneData/raw/sessions/ds_datatraining_2026-04-28/session_2026-04-28_17-24-34/,session_root,complete,Copied and file-level verified 2026-08-30 (see raw_copy_verification_new_sessions_2026-08-30.json).
session_2026-04-28_17-25-19,ds_datatraining_2026-04-28,dataTraining,/mnt/d/3branch/dataTraining/Processing/session_2026-04-28_17-25-19,gs://miamioh-resa-data/CapstoneData/raw/sessions/ds_datatraining_2026-04-28/session_2026-04-28_17-25-19/,session_root,complete,Copied and file-level verified 2026-08-30 (see raw_copy_verification_new_sessions_2026-08-30.json).
